#vicinity-overview unit=0.05 areas=8029 points=79438
3041563	r	450	[[28,851,2,-2,5,2,-4,2]]
292223	n	3340	[[1098,498,4,-2,5,1,1,-2,0,3,4,-2,3,1,2,5,-4,3,-6,-2,-2,1]]
292968	r	3841	[[1084,484,4,-2,6,-1,6,4,0,5,-2,3,-5,0,-1,-2,-3,1,-2,-1,-1,-2,3,-1,0,-2]]
292672	r	1348	[[1106,506,1,-3,6,1,3,7,-1,2,-2,-2,-2,1]]
292913	r	13535	[[1093,454,10,-1,1,1,1,8,6,11,-1,6,5,2,5,0,-1,3,-4,1,2,2,-2,4,1,5,-6,-3,-7,1,-2,-6,1,-8]]
291074	n	1028	[[1115,513,3,-2,4,1,1,6,-2,2,-2,-5]]
292878	n	536	[[1122,499,3,-2,3,3,-1,7,-1,-5]]
12047417	n	982	[[1120,503,2,-4,4,3,1,3,-3,-1,1,2,2,1,-5,0]]
291580	r	10724	[[1062,473,4,-8,8,-3,8,3,4,8,-1,4,-6,5,-7,-1,-3,1,-5,-3]]
1138958	n	6163	[[1372,691,4,-7,7,-2,7,2,4,6,-1,4,-11,1,-8,0]]
1140026	r	5510	[[1235,687,3,-5,6,-3,6,3,3,5,-3,5,-6,3,-6,-3]]
1133616	r	6091	[[1328,735,2,-5,5,-3,2,0,1,2,6,-1,4,3,0,5,-1,0,-1,3,-4,1,1,2,-2,1,-9,-1]]
1138336	r	9653	[[1303,632,3,-7,8,-3,8,3,4,7,-4,7,-8,3,-8,-3]]
1139715	r	2397	[[1402,688,3,-3,4,-2,5,2,2,4,-2,3,-3,2]]
1135689	n	1494	[[1372,735,2,-4,5,-1,0,5,1,0,-1,1,2,2,-6,1]]
1141269	r	5454	[[1359,671,2,-5,6,-2,6,0,4,4,-1,7,-6,3,-7,-1]]
1147513	r	4988	[[1373,700,2,-5,18,-1,3,5,-15,9,-6,-3]]
1147540	n	1274	[[1369,723,0,-1,3,1,3,-2,4,0,1,2,-2,3,-4,1,-4,-1]]
1141857	n	1960	[[1379,672,2,-3,4,-2,3,2,2,3,-2,3,-3,2,-4,-2]]
1136469	n	1919	[[1393,667,2,-3,3,-2,5,2,1,3,-2,3,-4,1,-3,-1]]
1133453	r	4622	[[1287,718,3,-5,6,-2,6,2,2,5,-2,5,-6,2,-6,-2]]
1137168	r	2845	[[1378,728,11,-5,-4,19,-3,1,-2,-6,-1,-1,1,-1,-1,0,1,-1]]
1121381	n	1960	[[1334,695,2,-4,3,-1,4,1,2,4,-2,3,-4,1,-3,-1]]
1429434	n	1908	[[1385,706,0,-2,5,-2,4,1,2,3,-2,3,-4,2,-3,-2]]
1136575	r	5701	[[1346,739,1,-3,1,0,0,-11,12,6,4,0,0,2,2,1,-1,6,-5,-1,-5,3,0,3,-5,1,-2,-1,0,-5]]
1123004	r	6503	[[1385,742,3,-17,7,1,6,3,2,6,-4,7,-8,3]]
1147242	r	13238	[[1346,707,2,-9,-1,-5,1,0,2,-9,10,-1,8,4,3,8,-3,10,-10,5]]
1130490	r	5592	[[1363,716,6,-6,9,-1,8,6,0,6,-11,0,-4,2,-2,-2,-3,0]]
1125444	r	11305	[[1298,733,7,-7,5,1,1,-2,6,5,10,2,-2,12,-10,3,-5,-2,-5,0,-5,-6]]
1127110	r	11265	[[1305,726,6,-15,4,-1,13,1,5,4,3,5,-9,12,-10,-2,-6,-5,-1,2]]
1120985	r	11341	[[1226,629,8,-2,3,-6,-1,-4,-8,-8,6,-3,6,0,7,3,3,4,2,9,-5,8,-11,2]]
1148311	r	3018	[[1415,697,2,-4,4,-2,1,2,8,7,-3,3,-6,1,-4,-3]]
1127768	n	1960	[[1355,725,1,-3,4,-1,4,1,2,3,-2,4,-4,1,-4,-1]]
1142170	r	8805	[[1400,742,3,-6,9,-3,8,3,4,6,-4,7,-8,3,-9,-3]]
1134720	n	1960	[[1282,632,2,-3,3,-2,4,2,2,3,-2,3,-4,1,-3,-1]]
1142264	r	22995	[[1224,648,2,-7,5,-6,16,-2,10,5,4,10,-2,6,-4,5,-6,3,-7,1,-7,-1,-6,-3,-4,-5]]
1131833	r	7920	[[1312,674,3,-6,8,-3,7,3,3,6,-3,7,-7,2,-8,-2]]
1133574	r	6175	[[1393,694,3,-10,18,12,-3,7,-7,2,-8,-6]]
3576022	n	282	[[-1238,342,0,-1,3,-1,2,2,-4,1]]
3573374	n	87	[[-1262,364,1,0,0,1,-1,0]]
3183875	r	2482	[[389,831,4,-3,0,-5,3,0,8,5,-1,4,-2,3]]
3185728	r	567	[[388,828,2,-2,-1,-4,4,1,0,5,-3,2]]
3183719	r	1312	[[386,808,5,-4,4,1,2,4,-2,2,-9,2,3,-2,-1,0,1,-4]]
783263	r	1822	[[396,823,3,-5,5,-1,3,2,1,3,-1,3,-4,2]]
3184081	r	2164	[[385,844,2,-2,0,-5,12,3,-1,5,-5,3,-4,0]]
3184862	r	1165	[[389,820,0,-2,1,2,1,-1,-1,-1,5,-2,4,2,-3,5,-3,0]]
3186084	r	2026	[[395,811,2,-2,6,0,3,3,0,4,-7,2,-4,-2]]
3185670	n	986	[[386,813,9,-2,0,5,-7,2]]
782756	r	1942	[[409,812,2,-3,4,-2,6,6,-2,3,-4,1,-4,-1]]
782661	r	1801	[[401,842,2,-4,3,-1,5,0,1,2,-2,5,-3,2,-4,-1]]
783148	r	2792	[[395,802,2,-1,3,-5,3,0,5,1,-2,3,4,2,-2,4,-5,1,-6,-1]]
3184935	r	1103	[[387,837,5,-1,0,-4,7,3,-3,5]]
616052	r	3798	[[881,809,5,-8,9,-6,2,1,0,5,1,2,-1,4,-11,5]]
616635	r	2449	[[871,820,3,-5,-1,-4,6,-1,5,3,-1,6,-1,1,-6,2]]
616530	r	2647	[[883,819,2,-7,3,-1,9,4,-1,5,-3,2,-6,0]]
616629	r	1472	[[888,811,3,-2,6,-2,5,5,-5,3]]
174875	r	1976	[[921,784,2,-4,5,-2,2,0,0,3,-2,3,4,0,-5,4,3,1,-2,1,-5,-2]]
616631	n	1362	[[875,803,0,-1,3,-2,8,1,-4,7,-5,-1]]
616627	n	1755	[[897,818,2,-4,4,-1,4,1,2,4,-1,2,-7,2,-3,-2]]
616599	r	2105	[[897,807,1,-4,4,-1,5,1,2,4,-2,4,-5,1]]
2240449	r	169	[[263,-178,3,0,0,3]]
8307074	n	50	[[266,-178,1,0,0,1,-1,0]]
2236500	r	696	[[266,-181,10,2,-4,2,-1,-1,-3,1]]
7758790	n	1126	[[266,-176,5,-2,2,2,-2,3,1,6,-5,-5,1,-3]]
2591957	n	200	[[264,-181,1,-1,1,0,0,4]]
2242906	n	1517	[[264,-184,2,-3,4,0,2,2,1,3,-1,2,-5,-1]]
3347762	r	22022	[[255,-294,6,-27,26,14,-2,16,2,3,-3,1,0,2]]
3348313	r	33110	[[296,-254,3,-12,4,-2,3,0,2,-5,2,0,0,-2,8,6,5,-11,4,-2,4,4,-5,11,5,0,-1,12,-2,1,-5,-2,-3,4,3,5,5,-1,-1,3,5,5,-6,8,0,2,-1,-1,-4,2,-1,-1,-6,1,-8,-3,2,-3,-1,-4,-5,-2,-2,-5,1,-4]]
3351663	r	36335	[[246,-269,1,-2,11,-1,3,2,5,-1,2,-6,19,0,2,5,4,-2,5,4,4,0,0,2,-4,4,-2,10,5,4,-1,6,-3,2,-4,0,-3,5,-5,-3,-3,4,-10,0,-3,-7,-3,-5,-4,-1,-6,-5,-1,-5,-5,-3]]
2243271	r	9337	[[237,-103,3,-6,-1,-4,2,-5,4,3,6,0,0,12,-2,1,13,9,-7,6,-3,-4,-4,-1,-2,-4,-2,1,-4,-6]]
2591976	r	744	[[260,-181,2,-5,1,1,2,7,-1,1,-4,-5,2,4]]
2239862	r	4352	[[322,-191,2,-4,13,5,-3,7,-8,2,-4,-1]]
3347939	n	1080	[[269,-250,3,-3,3,2,0,5,-2,3]]
145531	n	1960	[[403,-193,2,-3,3,-2,3,2,1,3,-1,3,-3,1,-3,-1]]
3348078	n	1960	[[334,-248,1,-3,4,-1,3,1,1,3,-1,4,-3,1,-4,-1]]
2236568	r	62611	[[276,-140,3,-5,-2,-1,2,-5,-3,-2,5,0,8,-11,4,1,-1,-6,4,0,2,3,4,0,2,2,1,4,-4,3,5,6,3,-1,1,-3,-3,-5,2,-2,5,2,2,-5,2,0,4,2,1,2,-2,9,3,0,4,4,4,1,4,-6,2,0,4,6,-3,2,0,4,-2,3,-3,10,1,5,-3,2,0,3,-2,1,-34,0,3,-9,-3,-5,-10,-3,-1,-3,-5,-3]]
3347719	n	1960	[[394,-236,1,-3,3,-1,4,1,1,3,-1,4,-4,1,-3,-1]]
3347019	n	1285	[[241,-308,3,0,3,1,1,4,-2,3,-3,1]]
3347353	n	1960	[[349,-293,2,-3,3,-2,3,2,1,3,-1,3,-3,1,-3,-1]]
145778	n	511	[[410,-146,3,-4,3,4,-6,0,0,2]]
2236967	n	709	[[246,-122,2,-5,4,4,0,2]]
3346015	n	1060	[[276,-229,3,1,2,2,0,4,-3,2,-1,0]]
145757	n	1110	[[413,-150,3,-2,3,1,2,2,0,3,-5,0]]
3351599	n	1960	[[278,-249,2,-4,3,-1,3,1,1,4,-1,3,-3,1,-3,-1]]
2239076	n	1960	[[294,-186,1,-3,3,-2,3,2,2,3,-2,3,-3,2,-3,-2]]
2239520	n	1960	[[280,-125,2,-4,3,-1,3,1,1,4,-1,3,-3,1,-3,-1]]
3346821	n	1960	[[310,-341,1,-4,4,-1,3,1,1,4,-1,3,-3,1,-4,-1]]
3348094	n	1961	[[320,-251,1,-4,4,-1,3,1,1,4,-1,3,-3,1,-4,-1]]
3348613	n	1961	[[283,-217,1,-3,4,-2,3,2,1,3,-1,3,-3,2,-4,-2]]
145724	n	1960	[[410,-168,2,-4,3,-1,3,1,2,4,-2,3,-3,1,-3,-1]]
3351764	n	1961	[[291,-247,1,-3,3,-2,4,2,1,3,-1,3,-4,2,-3,-2]]
2239069	n	1651	[[301,-157,2,-2,4,-1,2,3,1,3,-4,3]]
3347853	n	1715	[[300,-258,4,-5,5,2,-1,5,-2,2,-4,-1]]
3346661	n	1084	[[273,-211,2,-3,0,-2,2,-3,1,1,2,3,-1,3,-3,2]]
3349229	n	1892	[[280,-261,3,-4,4,0,2,2,0,5,-3,2,-4,-1]]
3350123	n	2193	[[297,-228,2,-3,3,-2,3,1,2,3,-1,3,-4,3,-3,-2]]
7768322	n	1892	[[355,-175,3,-5,5,1,2,4,-2,3,-3,1,-3,-1]]
3347424	r	45036	[[284,-285,0,-2,3,-1,-2,-3,2,-16,11,-5,-1,-6,4,-3,3,1,2,4,4,-1,18,5,-1,30,-15,5,-10,1,-17,-5]]
2243677	n	497	[[266,-165,1,-7,4,5]]
2243866	n	1822	[[315,-191,3,-5,6,2,-1,6,-2,1,-4,-1]]
3351307	n	1960	[[282,-326,1,-3,3,-1,4,1,1,3,-1,3,-4,2,-3,-2]]
3347615	n	1960	[[350,-215,1,-3,3,-1,4,1,1,3,-1,3,-4,2,-3,-2]]
3350867	n	1960	[[260,-282,2,-3,3,-2,3,2,1,3,-1,3,-3,1,-3,-1]]
3348581	n	1893	[[289,-258,0,-5,1,-1,4,-1,3,2,0,4,-2,3,-4,0]]
2241371	n	1960	[[284,-194,1,-3,4,-1,3,1,1,3,-1,3,-3,2,-4,-2]]
2241372	n	1960	[[302,-181,1,-3,3,-2,4,2,1,3,-1,3,-4,2,-3,-2]]
2236360	n	1926	[[301,-168,2,-3,3,-1,3,1,2,3,-2,4,-3,1,-4,-2]]
3351014	n	1960	[[345,-240,1,-4,4,-1,3,1,1,4,-1,3,-3,1,-4,-1]]
876177	n	1178	[[440,-214,1,-3,3,-2,-1,2,3,2,-1,5,-3,-1]]
2241668	n	1892	[[356,-183,2,-3,3,-2,3,2,2,3,-3,4,-5,-1]]
2242001	n	1388	[[271,-173,2,-3,3,1,2,3,-1,3,-5,2]]
2242584	n	1643	[[324,-196,1,-3,4,-1,3,1,1,3,-2,4]]
3351884	n	1960	[[329,-230,2,-3,3,-1,3,1,2,3,-2,3,-3,2,-3,-2]]
3435910	r	3435	[[-1179,-698,3,0,2,-3,5,3,5,-1,3,3,-8,6,0,3,-2,1,2,1,-4,1,-1,-1,1,-5,-3,2,0,-1,-2,-2,3,-1]]
3860259	r	6397	[[-1296,-628,3,-5,6,0,1,-3,2,0,7,2,2,6,-2,5,-7,3,-3,-1,0,-2,-7,-1]]
3838583	r	4695	[[-1222,-659,2,-1,2,-5,5,-1,9,7,-3,5,-6,2,-6,-2]]
3430863	r	2468	[[-1160,-760,3,-6,6,4,1,5,3,3,-9,0,-3,-2]]
3836873	r	4139	[[-1312,-536,2,-5,6,-2,5,2,2,5,-2,4,-5,2,-6,-2]]
3838233	r	4088	[[-1316,-496,3,-5,5,-2,5,2,2,5,-3,5,-5,1,-5,-2]]
3836277	r	3006	[[-1223,-633,2,-5,6,-1,6,11,-7,1,-5,-2]]
3435217	r	3787	[[-1178,-547,1,-11,5,1,4,3,1,6,-1,3,-4,-1,-1,3,2,1,-6,1]]
3429886	r	1902	[[-1125,-551,5,-3,5,0,3,4,1,4,-4,-3,-6,3,0,-3]]
3865086	r	3737	[[-1253,-774,1,-4,5,-3,2,2,-2,1,0,2,4,0,2,-3,6,0,-1,4,-3,2,0,2,-4,3,-7,-1],[-1242,-782,1,-1,2,1]]
3429577	r	8821	[[-1195,-549,3,-8,6,-4,3,5,0,-1,3,0,1,2,2,0,-1,8,1,11,-7,0,-6,-3,-3,-5]]
3836564	r	8215	[[-1319,-484,1,-4,16,-3,2,18,-7,2,-6,-2,-5,-5]]
3835869	r	3675	[[-1292,-556,2,-4,5,-2,5,2,2,4,-2,4,-5,2,-5,-2]]
3841956	r	3046	[[-1216,-640,5,-2,6,2,3,4,-2,5,-5,3]]
3843123	r	5051	[[-1374,-779,4,-6,8,-1,-1,6,1,-6,4,1,0,1,1,1,3,7,-4,2,-9,2,-5,-3]]
3433899	r	10896	[[-1178,-524,3,-8,8,-5,3,4,0,5,2,3,-1,1,6,4,-1,2,4,5,-7,3,-9,-1,-6,-5]]
3432043	r	1437	[[-1164,-699,1,-4,4,-1,4,2,2,3,-8,3]]
12594578	n	3655	[[-1387,-658,2,-5,7,-3,7,9,-2,3,-4,2,-4,-2,-1,-3,-5,1]]
3848950	r	3529	[[-1344,-588,2,-4,5,-2,5,2,2,4,-2,4,-5,2,-5,-2]]
3837056	r	4340	[[-1335,-666,3,-5,5,-2,6,2,2,5,-2,5,-6,2,-5,-2]]
3433360	r	28082	[[-1157,-570,10,-10,11,-2,7,1,3,5,7,7,-7,17,5,3,1,3,-6,-2,-2,-4,-4,4,-3,-2,-3,2,-6,-2,-11,4]]
3837702	r	7335	[[-1325,-569,2,-7,7,-2,7,2,3,7,-3,6,-7,2,-7,-2]]
3838874	r	3167	[[-1294,-663,2,-4,5,-1,5,1,2,4,-2,4,-5,2,-5,-2]]
7778796	r	698	[[-1180,-697,1,-1,4,6,-4,0],[-1176,-688,3,-2,-1,5]]
3435261	r	1800	[[-1167,-628,2,-4,5,-1,0,2,-2,1,4,7,-6,0]]
3860443	r	4195	[[-1363,-917,2,-6,9,0,1,5,4,2,0,3,4,4,-7,1,-7,-1,-4,-3]]
3836846	r	3404	[[-1212,-667,3,-4,5,-2,5,2,2,4,-2,5,-5,2]]
13452524	r	92510	[[-1411,-629,2,-8,5,-2,-4,-2,2,-2,0,-2,2,-2,-1,-2,4,-4,1,2,3,0,3,1,-1,3,3,4,8,3,6,-3,0,-4,5,0,4,2,0,2,8,2,4,-4,7,1,1,-2,4,-1,-4,4,0,6,6,0,10,-1,-2,1,5,5,-1,10,-12,7,-21,19,-6,3,-10,0,1,16,-4,2,-3,7,-7,0,-3,-15,-5,-3,3,-10,-2,-5,3,-2,-2,-4,-4,0,-4,-12,2,-2,-6,-2]]
3836669	r	3124	[[-1373,-692,2,-4,4,-2,5,2,2,4,-2,4,-5,1,-4,-1]]
3427833	r	3450	[[-1190,-747,2,-4,5,-2,5,2,3,4,-3,5,-5,1,-5,-1]]
3835994	r	3024	[[-1293,-732,2,-4,5,-2,5,2,2,4,-2,4,-5,1,-5,-1]]
3427213	n	1195	[[-1186,-682,2,-3,8,5,-2,2,-4,0]]
3833883	r	4053	[[-1316,-865,2,-4,7,-3,0,-2,7,8,8,4,-17,4,-5,-3]]
3430988	n	1153	[[-1187,-689,3,-7,4,1,1,3,-4,5]]
7116866	r	4852	[[-1318,-674,3,-5,6,-2,6,2,2,5,-2,5,-6,3,-6,-3]]
3838859	r	2953	[[-1395,-1032,2,-4,5,-2,6,0,5,2,-3,4,-4,-2,1,1,-3,1,-6,-1,13,2,-3,5,-9,-2]]
7647007	r	8003	[[-1438,-824,1,-3,3,-3,9,-2,8,3,3,6,-1,4,-3,3,-9,2,-8,-3]]
3832694	r	3119	[[-1272,-648,2,-4,5,-2,5,2,2,4,-2,4,-5,2,-5,-2]]
3841490	r	3294	[[-1219,-678,2,-4,5,-2,5,2,2,4,-2,4,-5,2,-5,-2]]
3429594	r	2410	[[-1199,-583,2,-4,5,-1,3,3,0,6,-7,1]]
3428067	n	1313	[[-1174,-701,2,-3,3,-1,4,1,2,3,-2,2,-4,1]]
3842670	n	1897	[[-1212,-738,2,-3,3,-1,4,0,2,3,-2,4,-3,2,-4,-2]]
3839479	r	2953	[[-1236,-625,2,-4,4,-2,5,2,2,4,-2,4,-5,2,-4,-2]]
3853354	r	3481	[[-1226,-692,2,-4,5,-2,5,2,2,4,-2,4,-5,2,-5,-2]]
3836620	r	2522	[[-1292,-463,2,-3,4,-2,4,2,1,3,-1,4,-4,1,-4,-1]]
3435810	n	981	[[-1184,-685,1,-2,8,1,1,4,-2,2]]
3430861	r	1294	[[-1140,-731,2,-4,5,-2,-2,11,-4,-2]]
3836992	r	2652	[[-1376,-663,3,-3,5,-1,4,2,1,4,-2,4,-5,1]]
3840300	r	9769	[[-1220,-536,3,-7,8,-3,8,3,3,7,-3,7,-8,3,-8,-3]]
3429980	r	677	[[-1183,-687,4,-5,4,6]]
3433658	r	6636	[[-1183,-660,4,-8,8,-3,3,5,-1,4,5,0,1,4,-1,2,-13,5,-4,-4]]
3430443	r	2285	[[-1183,-771,1,-3,15,4,-3,4,-5,1,-6,-2]]
3855065	r	2463	[[-1357,-784,4,-2,4,1,4,2,0,4,-4,3,-5,0]]
3833062	r	3221	[[-1246,-675,2,-4,5,-2,4,2,3,4,-3,4,-4,2,-5,-2]]
3433715	r	15364	[[-1193,-591,4,-1,0,1,0,-7,8,0,8,3,3,4,2,6,0,6,-2,5,-8,6,-12,0,1,-17]]
3435264	r	2044	[[-1174,-650,1,-3,9,-3,0,6,1,3,-9,2]]
3855075	r	2822	[[-1282,-713,2,-4,5,-2,4,2,2,4,-2,4,-4,1,-5,-1]]
3861344	r	4581	[[-1209,-698,2,-5,5,-2,6,1,4,4,-5,9,-2,0,-7,-2]]
3436199	n	1899	[[-1203,-734,2,-5,3,-1,4,1,2,3,-1,3,-3,2,-4,-1]]
3840092	r	5665	[[-1314,-855,12,-6,12,-1,1,2,-11,5,2,2,9,3,-9,4,-6,0,-6,-2,-3,-4]]
3430708	r	2344	[[-1195,-693,1,-3,3,-2,7,1,-3,9,-6,-1]]
3834601	r	15522	[[-1295,-449,6,-3,-3,8,-2,1],[-1286,-454,20,-11,8,8,1,5,-1,6,-3,6,-12,0,-1,-1,-5,1]]
3837675	r	2886	[[-1248,-629,2,-3,4,-2,5,2,2,3,-2,4,-5,2,-4,-2]]
3836772	r	10320	[[-1302,-491,10,-6,4,2,5,9,0,5,-3,5,-14,5]]
3435352	r	1692	[[-1172,-644,9,-3,0,10,-6,-2]]
3833367	r	1626	[[-1373,-1098,2,0,-2,2],[-1373,-1096,3,-1,4,1,9,-1,1,1,-3,4,-7,2,-7,-2]]
3430340	r	4755	[[-1111,-550,3,-5,6,-2,1,0,-1,1,4,1,0,3,4,2,-3,5,-5,3,-6,-3]]
3863379	r	2784	[[-1361,-929,2,-4,5,-3,6,0,5,2,-5,3,-4,8,-6,-1]]
3434674	r	2328	[[-1096,-533,5,-1,4,2,1,4,-2,4,-5,2]]
3838793	r	3124	[[-1289,-644,2,-4,5,-1,5,1,1,4,-1,4,-5,2,-5,-2]]
3838854	r	5803	[[-1372,-1076,3,-6,8,-4,10,0,10,3,-10,4,0,2,-8,5,-4,5,-7,-3]]
3833859	r	3117	[[-1213,-768,2,-4,5,-1,6,1,2,4,-2,4,-6,2,-5,-2]]
3832899	r	21547	[[-1287,-816,0,-3,11,-4,15,0,14,6,3,4,-3,0,2,2,-5,5,3,2,1,6,-14,2,-14,-2,-9,-8],[-1245,-810,3,-1,1,2,-2,2],[-1243,-804,3,-3,0,3]]
5881576	r	131	[[-3417,-286,2,-1,4,2]]
2761369	r	4804	[[318,960,6,-3,5,1,4,2,2,-1,3,3,1,4,-7,5,-9,0,-3,-1]]
2778067	r	3548	[[300,941,3,-4,6,-2,6,2,3,4,-3,5,-6,1,-6,-1]]
2772400	r	4001	[[276,966,3,-4,7,-2,7,2,3,4,-2,4,-5,2,-2,-1,-7,0]]
2766824	r	2010	[[256,961,4,-4,-2,-3,3,-1,0,-3,5,1,3,3,0,3,-3,4,-5,1]]
2775220	r	3428	[[218,945,2,-3,4,-3,9,1,4,5,-1,4,-4,2,-7,-3,-6,0]]
2774326	r	2559	[[281,938,1,-9,9,-1,3,2,1,4,-3,3,-5,2]]
2762372	r	2245	[[267,932,15,-3,-1,9,-9,0,-3,-2]]
2780180	n	1674	[[319,946,2,-4,6,-1,3,2,-2,1,1,2,0,2,2,0,-8,2,-3,-2]]
2781503	r	1195	[[190,945,7,-1,6,3,-4,4,-4,1,-4,-1,2,-3]]
2766429	r	3489	[[303,964,5,-5,8,-1,2,1,2,9,-5,2,-5,0,-5,-2]]
2147714	r	4679	[[3011,-679,2,-1,0,-2,2,0,0,-2,3,-1,0,2,3,0,4,2,2,9,-7,5,-2,-2,-6,-1,1,-6]]
2158177	r	14479	[[2888,-753,2,-6,4,-1,5,3,3,-4,0,-2,-2,-3,-3,-1,-4,1,6,-4,6,2,-1,2,2,2,3,0,3,-3,3,1,1,10,7,0,1,4,-7,1,-3,-1,-5,1,10,14,-4,2,-25,-12]]
2174003	r	8667	[[3048,-556,0,-1,2,2,1,-7,8,4,2,-1,4,5,4,-1,2,7,-7,-1,0,2,-3,1,1,2,-1,0,0,2,3,0,-1,3,-6,0,0,2,-3,1,0,-6,-5,1,1,-11],[3067,-543,2,-4,0,6,-1,0]]
2063523	n	4778	[[2312,-631,2,-4,1,-10,10,0,3,5,-3,7,-6,3]]
2078025	r	4795	[[2764,-710,7,-2,5,1,-2,8,4,1,2,3,-1,3,-4,5,-3,-2,-2,8,-5,-2,6,-9,-1,0,0,-5,-1,-6]]
2165087	r	5120	[[3056,-560,1,-5,4,-4,5,-2,5,0,1,6,-3,4,0,6,-4,1,-3,-5,-3,1]]
2155472	r	1560	[[3028,-661,4,-3,5,7,7,2,-3,1,3,0,-4,3,-6,-5,-1,0]]
10630449	n	1556	[[3057,-533,1,-6,5,0,1,-2,-2,12,-4,-1]]
2172517	n	5341	[[2971,-708,3,-6,7,-3,6,2,4,5,-4,1,1,5,-5,3,-4,-1,-2,-3,-4,1]]
8310663	n	1094	[[3022,-669,3,-2,3,0,2,4,-1,1,3,0,-7,2]]
2165798	n	1620	[[2881,-763,2,-3,3,-1,6,1,1,3,-6,0,5,2,-5,3,-4,-2]]
2171507	r	1232	[[3012,-688,1,-4,4,-1,1,1,-2,1,2,1,0,3,3,3,-3,1,0,-2,-3,1]]
2163355	r	8348	[[2932,-858,2,-5,5,-4,3,1,-3,2,1,2,1,-2,1,1,0,-2,3,0,0,5,2,-1,0,2,-1,3,2,-3,2,1,-1,-3,2,1,-1,3,1,0,6,-1,1,-3,-3,0,-1,2,-2,-1,4,-5,2,2,1,0,1,4,-2,2,-1,-1,2,4,-1,3,-10,4,-12,-3,-3,-4],[2943,-867,4,-1,-1,3],[2946,-863,2,-1,-1,-1,2,0,-2,4]]
2146142	r	19269	[[2916,-385,2,-6,3,-6,4,-4,6,-3,13,1,9,7,-5,10,0,-2,-5,0,-3,4,-2,-2,-11,7,-2,2,2,6,-2,1,-5,-5],[2931,-375,3,0,-2,1],[2936,-383,1,0,0,1]]
2172797	r	1457	[[2910,-338,3,-5,6,1,-1,1,1,4,-2,-1,-2,-2,-2,5,-2,0]]
2146268	r	2163	[[3034,-551,1,-4,4,-1,4,1,1,4,-1,3,-4,2,-4,-2]]
2073124	r	3390	[[2610,-253,4,-4,6,1,4,4,0,6,-3,3,0,-4,-3,1,-2,-2,3,-2,-2,0,2,-3,-3,2,0,-1,0,3,-3,1,-1,0,0,-4,-1,0,3,-2,-2,0,-2,2]]
2177091	r	8917	[[2864,-751,3,-7,8,-4,13,9,2,4,-2,3,-13,5,-8,-3]]
2067119	r	4029	[[2312,-653,1,-6,8,0,5,5,-1,7,-10,2,-2,0,2,-5]]
2176187	r	2381	[[2879,-735,2,-4,5,-1,4,1,2,4,-2,3,-4,2,-5,-2]]
2160517	r	5154	[[2933,-829,3,-5,7,-2,6,2,3,5,-3,5,-6,3,-7,-3]]
2159045	n	1652	[[3026,-655,1,-2,3,-2,3,3,4,2,-2,3,-4,1,-4,-1]]
2159220	n	1150	[[2979,-423,2,-4,5,0,-3,7,-3,0]]
2151437	r	2165	[[3005,-468,2,-3,3,-1,4,1,1,3,-1,4,-4,1,-3,-1]]
2171085	r	1627	[[3056,-606,1,-3,3,-2,4,10,-6,-1]]
6615604	n	1960	[[3001,-674,2,-3,4,-2,3,2,2,3,-2,3,-3,1,-4,-1]]
2075432	r	2204	[[2309,-672,5,-1,4,2,2,4,-1,4,-6,3,1,-6]]
2173323	n	1428	[[3042,-497,3,-5,6,1,-2,5,-4,3]]
2153953	r	578	[[2906,-765,3,0,1,-1,-1,2],[2909,-761,0,-1,2,0,0,1],[2914,-764,1,-2,2,4,-2,4]]
6354957	n	1101	[[3050,-506,3,-4,6,1,-2,-1,1,4,-4,1,-3,1,2,1,-1,0]]
2152659	r	1986	[[3051,-629,1,-4,4,-2,4,13,-6,-2]]
2176031	r	54	[[2906,-760,2,-2,0,2]]
3577154	r	42	[[-1401,251,1,-1,1,1]]
3577159	n	36	[[-1401,251,1,0,-1,2]]
3577102	n	101	[[-1400,250,2,-1,-1,2]]
3041732	r	817	[[390,1204,3,-1,-1,2],[393,1205,2,-4,4,0,2,1,0,2,-3,0,2,0,0,2,1,-2,3,1,-2,-1,1,-1,3,3,-8,2,-2,-1,3,-1,-3,-2,0,2],[401,1201,4,-1,-2,2],[404,1202,1,-1,1,1]]
587084	r	2761	[[985,812,2,-4,2,1,4,-4,5,2,9,-1,0,2,-6,4,-10,1,-2,4,-2,-2]]
586523	r	2829	[[920,812,4,-4,6,0,5,4,-2,6,-5,2]]
584649	r	740	[[936,812,11,-2,-1,5]]
585514	r	1951	[[933,820,2,-8,1,0,10,3,1,4]]
147429	r	2960	[[901,788,2,-4,3,0,4,-4,4,-1,3,3,-1,5,-4,4,-7,0]]
147622	r	982	[[972,772,5,0,0,5,2,3,-6,-1]]
147611	n	1613	[[962,775,4,-3,4,-1,2,1,1,6,-6,2,-3,-2]]
148565	r	2483	[[973,796,13,0,1,3,-3,0,-1,5,-6,1,-3,-2]]
585170	r	2631	[[936,824,1,-4,10,-1,4,5,-6,2,-2,4,-5,-2]]
584717	n	967	[[972,832,3,-7,6,3,-5,6]]
586427	n	1027	[[952,812,7,-2,1,2,-3,5,-2,1,-3,-1]]
587057	n	1032	[[940,810,2,-7,6,3,-1,4]]
585152	n	1723	[[914,817,2,-4,4,-1,6,6,-3,3,-4,0,-3,-2]]
587384	n	1680	[[944,802,0,-3,3,-2,8,4,-1,3,-4,1,-2,0]]
585156	n	1493	[[969,816,3,-8,6,3,0,3,-2,2,-4,1]]
148619	n	1515	[[933,800,8,-4,3,3,-2,4,-7,0]]
147271	n	1512	[[974,793,3,-5,2,0,6,4,-2,4,-8,-1]]
148290	n	1613	[[964,784,2,-3,4,-1,4,1,2,3,-1,2,-9,1]]
147982	n	1465	[[956,799,2,-5,4,-1,4,1,-3,8,-4,0]]
584596	n	1785	[[927,833,2,-4,4,-1,4,1,2,4,-4,4,-6,-1]]
585187	n	1119	[[965,803,8,-6,0,7,-5,1]]
586318	n	1564	[[957,817,5,-6,7,5,-2,3,-3,1,-4,-1]]
584954	n	847	[[977,820,4,-3,6,1,-4,6]]
148106	n	1792	[[937,791,3,-3,4,0,4,1,1,3,-2,4,-4,1,-2,-1]]
587378	n	951	[[946,815,2,-6,4,3,0,5,-5,0]]
586763	n	962	[[974,824,3,-4,6,4,-2,4]]
585221	n	938	[[965,825,5,-2,5,2,-3,5]]
587361	n	1017	[[962,811,7,-4,3,1,-3,8]]
585226	n	1461	[[901,822,7,-2,2,-2,3,4,-1,3,-5,1,-4,-1,-1,-1,2,-1]]
584871	n	1261	[[933,807,2,-4,7,0,-2,7,-3,1,-3,-1]]
147288	n	962	[[963,802,3,-8,4,0,2,2,-7,7]]
147105	n	1553	[[929,795,2,-3,5,-1,5,5,-8,3]]
585763	n	1687	[[957,807,2,-3,4,-2,5,3,1,2,-7,4,-3,-1]]
147425	n	983	[[979,788,2,-3,2,-2,2,0,0,4,3,-1,0,2,-2,2,0,2]]
148340	n	1505	[[965,789,1,-2,9,-1,2,2,-3,5,-2,1,-5,-1]]
585220	n	995	[[963,829,2,-4,7,5,0,2,-3,1]]
584791	n	1073	[[948,809,2,-2,4,-1,3,1,2,3,-7,2]]
148354	n	1472	[[947,796,2,-4,2,-1,7,3,-3,6,-8,-3]]
148445	n	454	[[972,769,0,-1,5,1,0,3,-4,0]]
3191281	r	4889	[[356,877,1,-3,9,-5,6,1,-5,6,5,-6,4,3,2,4,-3,5,-7,2]]
3204541	r	8968	[[331,891,5,-4,7,-2,16,10,0,2,-5,6,-10,0,-5,3,-8,-5]]
3186573	r	3142	[[350,884,2,-4,6,-2,8,6,-2,4,-6,2,-6,-2]]
3188582	r	3814	[[363,891,5,-6,5,-1,7,2,3,5,0,1,-16,4]]
3194828	r	2610	[[349,867,2,-4,5,-1,5,1,2,4,-2,3,-5,2,-5,-2]]
3204222	r	1942	[[314,896,7,-4,-1,-1,4,2,2,4,-3,4,-6,1,-1,0]]
3203521	r	1626	[[369,897,0,-2,11,-2,4,4,0,2,-7,-2,-1,3,-4,2]]
3374036	n	442	[[-1193,266,1,-4,1,-1,2,2,-3,4]]
1185241	r	3231	[[1802,472,2,-2,1,0,5,-2,2,3,-2,1,3,0,-1,-2,2,1,0,-1,-2,-1,2,0,3,4,0,2,-2,-1,0,1,-8,3,-4,4]]
1205733	n	4130	[[1831,454,5,-9,2,3,-2,-2,2,-8,6,0,1,2,-3,4,2,4,-3,2,-1,6,-6,2]]
1200109	n	2653	[[1803,482,4,-4,8,-3,0,2,3,0,2,4,-3,1,0,-1,-5,0,-5,7],[1818,474,1,0,0,2]]
1336135	n	2795	[[1786,458,2,-10,3,4,5,-3,3,6,-4,1,-1,4]]
1185188	r	3469	[[1781,509,5,-1,5,3,1,1,-2,2,4,4,-1,4,-2,0,0,-3,-6,2,-1,-2,-2,2]]
1185128	n	878	[[1767,488,7,-2,1,5,-5,1]]
1185186	n	1835	[[1818,466,3,-5,3,0,2,2,-3,10,-3,-1]]
1194041	n	1667	[[1766,497,6,-3,2,1,1,4,-2,3,-3,0]]
1185107	n	1083	[[1782,498,1,-1,3,1,-1,1,6,1,0,1,-2,3,-4,0]]
7483813	n	2017	[[1774,483,2,0,3,2,5,1,0,5,-2,1,-7,-1]]
1193745	n	1014	[[1811,484,1,-3,5,0,3,5,-8,0]]
1336142	r	2468	[[1814,475,2,-1,3,2,0,-2,5,-1,-1,2,1,0,1,4,3,3,-2,1,1,2,-7,1,-3,-4,3,-1,-1,-2,-1,-2,-3,0]]
1336134	n	1134	[[1837,430,2,0,0,3,-2,-1],[1839,429,2,-5,4,4,-1,4,-3,1]]
1336140	r	3249	[[1775,464,4,0,-2,-4,9,-2,2,4,-1,9,-8,-1]]
1185159	n	953	[[1793,479,2,-2,8,4,-1,1,-7,2]]
1185099	n	1939	[[1832,498,2,-3,4,-1,3,1,1,3,-1,3,-4,2,-3,-2]]
1185162	n	1771	[[1803,495,1,-3,3,-1,4,0,2,2,-4,7,-4,-1]]
1337233	r	1742	[[1783,497,1,-5,3,-2,4,4,2,6,-8,-1,1,-1]]
1203891	r	1342	[[1767,514,4,-4,4,0,1,-1,2,1,-5,7]]
8299875	n	2124	[[1840,452,4,-4,4,3,-8,5],[1840,456,8,-5,1,1,0,3,-3,3,-3,0]]
1207337	r	1095	[[1810,467,1,-1,-1,0,0,-4,2,1,1,-1,2,1,3,4,-1,2,-5,0,1,-3]]
1336137	n	1340	[[1803,455,1,-4,5,0,1,3,-3,1,3,3,-4,0],[1809,455,1,0,0,2]]
6545349	r	1741	[[1773,517,5,-7,3,1,1,9,-6,1]]
1192366	n	1591	[[1774,495,3,-3,5,0,2,2,-2,4,-6,2]]
1336143	n	2082	[[1776,483,2,-3,4,0,5,-4,3,3,-6,7,-5,-1]]
1336144	n	1176	[[1795,486,0,-2,7,-2,1,2,-1,4,-3,1]]
1185106	n	863	[[1794,499,8,-4,2,2,-8,5]]
1337240	n	1498	[[1761,493,1,-3,5,-2,3,4,0,2,-4,2,-3,0]]
1185191	n	1248	[[1777,478,2,-3,2,-1,6,2,-5,4,-4,0]]
1195434	n	1348	[[1818,455,4,-2,4,2,1,1,-3,5,-4,-1]]
1185111	n	1609	[[1778,457,2,-7,5,1,1,3,-1,3,-4,2]]
1185115	n	1345	[[1789,489,1,-1,5,-2,4,3,0,2,-7,2]]
1185920	n	1395	[[1794,460,1,-4,4,-1,4,1,-2,4,-4,2]]
1203344	n	1727	[[1792,472,1,-3,4,-1,3,1,2,3,-7,5]]
1337248	n	1289	[[1796,502,8,-5,1,3,-1,3,-3,2,-3,-1]]
1185121	n	1358	[[1787,484,3,-4,2,-1,1,0,2,5,0,2,-5,2]]
1336136	n	700	[[1810,451,2,-2,-2,3],[1810,455,4,1,-4,1],[1811,453,2,-4,3,1,-3,6]]
1337249	n	1697	[[1811,489,1,-3,7,0,2,3,-2,3,-3,1,-4,-1]]
1185209	n	1784	[[1823,488,1,-3,3,0,-1,-1,1,-1,4,1,2,2,-2,5,-2,1,-4,-1]]
1337245	n	762	[[1801,460,3,-1,3,1,-3,7]]
1185224	n	1201	[[1824,461,3,-5,3,2,-1,-2,2,0,2,3,-3,1,-2,5,-1,-1,0,-3,-1,2]]
1188569	n	1312	[[1792,495,0,-2,7,-2,3,4,-8,4]]
1185116	n	1770	[[1810,499,3,-6,4,1,2,2,0,4,-3,2,-3,0]]
1185105	n	1455	[[1823,501,1,-3,4,-1,4,1,1,3,-2,2,-6,1]]
1185206	n	1363	[[1776,502,0,-2,6,-2,3,6,-6,2,0,-2,-2,0]]
1348441	n	971	[[1795,477,7,-4,1,8]]
1185092	n	1944	[[1764,521,2,-4,3,-1,4,1,1,4,-1,3,-4,1,-3,-1]]
1191368	n	951	[[1804,467,3,-7,2,0,1,6,-4,3]]
7646711	n	1735	[[1802,447,2,-3,3,-1,1,1,0,2,1,-3,3,4,-2,4,-6,0]]
1185236	n	386	[[1811,460,2,-2,-1,3],[1813,462,1,-3,3,1,-2,3]]
1196292	n	599	[[1814,459,1,-3,3,-1,2,5]]
1185166	n	1793	[[1831,491,3,-6,4,1,2,2,-2,6,-4,0]]
1185127	n	628	[[1815,463,2,-3,4,1,-3,5]]
1185293	n	1552	[[1787,460,7,0,1,3,-2,3,-3,2,-3,-1]]
1185270	n	1309	[[1842,444,3,-4,3,1,1,3,-1,3,-3,1,-1,0]]
1185138	r	1400	[[1795,448,3,-1,-1,1,3,2,-2,-3,3,0,3,4,-2,4,-3,0]]
1185120	r	475	[[1822,451,2,0,1,2],[1828,451,3,-3,-2,4]]
1202120	n	1268	[[1796,464,1,-2,4,-2,3,8,-4,1,-3,-2]]
1185252	n	1879	[[1835,461,2,-3,4,0,3,2,0,4,-2,2,-4,1,-3,-3]]
2800866	r	4186	[[74,1016,2,-2,13,-2,12,2,-1,8,-3,2,-11,-2,-1,-2,-6,2]]
2803138	r	2176	[[77,1024,2,-2,6,-2,1,2,14,2,1,2,-1,3,-5,-1,1,0,0,2,-3,-2,-3,2,-2,-1,0,-2,-4,0]]
2797656	r	1244	[[68,1021,6,-5,5,6,-2,2,-5,2]]
2800481	r	2345	[[80,1014,4,-9,-1,-2,6,-1,6,1,-3,10]]
2792413	r	3286	[[102,1014,3,-7,3,-1,12,1,5,3,-2,1,2,1,-5,3,-7,1]]
2800931	r	819	[[61,1022,7,-1,4,5,-4,-1,-1,3,-3,-1,-2,-1]]
2790471	r	2204	[[92,1013,3,-10,6,0,5,3,-4,8]]
2790869	r	1082	[[72,1009,2,-3,6,1,3,-2,-3,9,-4,0]]
2796491	r	1344	[[100,1022,1,-8,9,2,-5,8]]
2794055	r	639	[[61,1017,6,-2,6,1,-5,4]]
2785341	r	920	[[65,1013,1,-3,6,-1,4,5,-3,2]]
2789786	r	679	[[51,1022,2,-2,8,2,1,4]]
2797670	r	1202	[[105,1024,5,-8,3,0,4,6,-6,3]]
2787889	r	1102	[[54,1019,2,-3,12,4,-7,2]]
2790595	r	314	[[55,1015,3,-1,5,2,2,-3,3,2,-7,2]]
2357048	r	8637	[[-38,247,3,-6,7,-1,4,5,2,-2,3,2,2,5,0,4,-12,5,-4,-1,-1,-2,1,-2,-4,-2]]
2362344	n	1960	[[-90,224,1,-4,3,-1,3,1,2,4,-2,3,-3,1,-3,-1]]
2358946	r	3334	[[-53,245,1,-4,5,-2,4,2,2,4,-2,4,-4,2,-5,-2]]
2357043	n	1961	[[-53,272,1,-4,4,-1,3,1,1,4,-1,3,-3,1,-4,-1]]
2359608	n	1960	[[-26,262,1,-3,3,-2,4,2,1,3,-1,3,-4,1,-3,-1]]
2362909	r	7901	[[-105,213,3,-7,7,-3,7,3,3,7,-10,9,-7,-3]]
2356300	n	1960	[[-13,245,1,-3,3,-2,4,2,1,3,-1,3,-4,2,-3,-2]]
2360073	r	12653	[[-82,236,8,-18,9,0,6,6,1,8,-3,7,-17,1]]
2360886	n	1960	[[3,241,1,-3,3,-1,3,1,2,3,-2,3,-3,2,-3,-2]]
2361477	r	2637	[[-75,249,2,-4,4,-1,4,1,1,4,-1,4,-4,1,-4,-1]]
2354675	r	2715	[[-13,236,2,-4,4,-2,3,2,2,4,-3,5,-6,-1]]
2361177	r	8990	[[-44,282,6,-9,14,2,3,7,-3,7,-6,4,-4,-3,-6,-1,-1,-5,-3,-1]]
2359142	n	1960	[[-35,267,1,-4,3,-1,4,1,1,4,-1,3,-4,1,-3,-1]]
2358382	r	6240	[[-52,222,0,-2,14,0,6,0,0,2,-3,7,-7,3,-7,-3]]
2361082	r	12252	[[-13,281,3,-8,7,-4,9,1,5,6,-4,5,1,4,-6,7,-6,0,-4,-2,-4,-4]]
2358100	r	5013	[[-29,233,2,-5,5,-2,5,2,3,5,-2,5,-5,2,-5,-1]]
727011	r	7178	[[449,853,13,-7,11,0,7,8,-1,2,-17,5,-10,-3]]
728193	r	3546	[[490,838,5,0,0,-2,4,-1,1,2,2,-1,3,8,-7,5,-6,0]]
726050	r	2228	[[548,864,3,-5,7,-2,0,7,4,4,4,1,-17,-2]]
732770	r	4231	[[540,852,0,-4,2,-3,9,-2,5,1,0,2,-3,3,-4,1,4,1,0,2,2,1,3,0,-4,3,-6,1,-5,-2]]
726848	r	3886	[[502,850,3,-6,17,-1,-1,6,-4,6]]
727523	r	1862	[[512,874,4,-3,6,0,6,6,0,1,-2,3,-3,-1,-7,-5]]
728203	r	5029	[[480,871,3,-7,9,0,3,2,9,1,1,3,-2,4,-14,2,-6,-1]]
727079	r	3364	[[517,855,4,-6,6,0,2,2,4,1,0,2,6,2,-16,5]]
727233	r	2990	[[535,868,1,-9,7,1,4,4,0,4,-5,3,-3,1]]
726418	r	3162	[[548,871,2,-4,15,2,0,2,-2,5,-6,2,-7,-2]]
733191	r	5125	[[455,841,5,-6,-1,-4,2,0,10,2,4,7,-2,6,-5,1,-6,-1]]
730435	r	2390	[[504,838,11,-4,3,2,1,3,-4,4,-6,1,-4,-2]]
725578	r	2350	[[522,849,3,-4,6,-1,5,2,2,4,-3,4,-2,0,0,-2,-4,-1,-2,-2]]
725993	r	2486	[[505,863,9,-7,4,2,2,3,-2,4,-4,2,-6,-1]]
728378	r	6606	[[473,846,4,-13,8,1,5,4,3,15,-11,2]]
725712	r	4661	[[462,861,18,-5,2,2,1,6,-3,8,-4,2]]
731549	r	3131	[[496,854,6,-4,13,5,-11,9]]
729114	r	4466	[[451,869,9,-5,-2,-3,4,0,14,13,-5,3,-20,-6]]
729730	r	1845	[[447,846,8,-5,6,5,-7,5,-4,-1,0,-2]]
729794	r	3474	[[501,832,0,-2,2,0,0,-3,1,-1,-2,1,3,-2,10,1,4,6,-15,6,-3,-3,1,-3]]
725905	r	2277	[[448,880,3,-5,5,-2,8,2,2,3,-8,-1,0,2,3,3,-7,3,-2,-4]]
726174	r	2085	[[523,865,3,-5,9,0,0,8,-12,-1]]
727030	r	4057	[[475,830,0,-1,6,0,1,2,8,0,2,-2,3,-2,3,1,6,-2,-1,4,-2,0,0,2,0,4,-6,0,-1,2,-5,1,-3,-5,-9,-1]]
727221	r	1591	[[537,882,1,-3,6,-3,5,1,4,3,-5,0,-3,3,-4,1]]
727696	r	2644	[[522,871,1,-4,12,1,4,4,-3,4,-6,1,-2,0]]
729559	r	4444	[[482,859,5,-5,8,-1,9,11,0,3,-9,-1,-3,-2,-9,0]]
290332	n	153	[[1009,524,2,0,1,-2,1,1,-2,1,1,1]]
290247	n	460	[[1009,523,0,-4,3,-2,0,5,-1,2]]
425378	n	1936	[[584,-66,0,-5,5,-1,2,3,1,6,-1,1,-6,-1,0,-2,2,0]]
426272	r	7770	[[592,-73,3,-3,7,-5,1,0,5,5,1,5,3,2,-2,7,-12,-1,1,1,-2,1,-4,-6]]
430569	r	1583	[[594,-56,1,-3,4,-3,-1,-1,4,0,1,5,-5,4]]
423549	r	5958	[[584,-76,4,-13,7,0,5,4,1,4,-9,8,-2,0,-2,2]]
430021	r	1622	[[580,-55,5,-7,5,4,-5,6,-4,0]]
430952	r	1297	[[589,-56,2,-6,3,-2,2,0,2,4,-3,1,-1,3]]
428515	r	544	[[585,-65,1,-1,1,1],[585,-63,6,1,-1,3,-3,0]]
432456	r	3143	[[598,-54,7,-4,4,4,0,6,-2,2,-4,-3,-4,2]]
2394819	r	2710	[[39,126,15,1,1,8,-6,0]]
2392204	r	5618	[[45,187,2,-6,6,-2,5,3,2,5,-2,5,-5,2,-6,-2]]
2395915	r	1495	[[35,147,2,-3,-1,-2,3,-4,2,0,0,12,-4,-1]]
2394560	r	10395	[[26,191,6,-9,0,-3,7,1,8,21,-7,4,-13,-7]]
2395049	r	2470	[[41,138,7,1,1,5,-1,4,-7,2]]
2392505	r	9484	[[51,199,12,-10,4,4,0,3,3,1,2,2,1,4,-2,2,2,3,-7,3,-8,-1,-5,-5]]
2392837	r	6853	[[51,237,8,-4,4,-6,2,-1,3,1,4,-2,-2,3,2,6,-1,2,-5,2,-9,10,-4,-4]]
2393693	r	13880	[[46,231,8,-22,18,5,2,8,-2,3,-4,2,-3,-1,-2,1,-4,6,-7,3]]
2393561	r	14885	[[26,223,14,-18,7,-3,7,7,-8,24,-6,-5,-8,0,-1,1]]
2392601	r	7599	[[17,206,10,-6,0,-2,11,6,0,1,-7,11,-3,1,-7,-3]]
2392897	r	1801	[[31,134,5,-8,-4,-2,7,2,-1,10,-6,-1]]
2394711	r	10687	[[32,160,0,-8,21,-5,2,3,-1,12,-6,4,-9,0]]
2395568	r	1834	[[31,140,1,-5,6,1,1,2,-3,4,1,2,-4,7,0,-11]]
2395635	r	2676	[[38,136,2,-10,9,8,1,3,-2,2,-9,-1]]
3579132	n	24	[[-1257,358,1,0,0,1,-1,0]]
3573197	n	62	[[-1298,646,2,-1,3,2]]
1820906	r	468	[[2297,97,2,-1,1,2,-2,2],[2300,95,1,-3,3,2,-2,3]]
1820575	n	179	[[2295,95,3,1,0,3,-2,-1]]
1820635	r	287	[[2298,100,2,-2,2,3],[2302,97,2,-2,1,0,-2,3]]
1820491	r	755	[[2280,92,5,-2,1,-4,4,5,-1,2]]
1820071	r	1797	[[2289,93,6,-11,2,6,-2,6,1,4]]
3911925	r	31234	[[-1381,-316,9,-9,-4,-4,0,-5,2,-5,5,-4,6,0,6,5,6,-6,6,4,5,10,-1,6,-3,6,-5,5,-7,4,-13,0,-7,-3]]
3904906	r	13069	[[-1278,-356,1,-5,3,-5,5,-3,5,-1,6,1,5,3,3,5,1,5,-2,7,-27,-4]]
3919968	r	11424	[[-1335,-348,3,-6,6,-2,0,-3,1,6,2,0,0,-5,6,1,4,3,3,6,-4,7,-10,5,-6,-2,1,-2,-4,-3]]
3903987	r	14079	[[-1319,-379,18,-14,6,4,4,7,-1,5,-2,5,-4,3,-5,2,-6,-1,-5,-2,-3,-4]]
3909234	r	4990	[[-1349,-359,2,-5,5,-3,6,3,2,5,-2,5,-6,2,-5,-2]]
3903320	r	16404	[[-1309,-431,1,-5,4,-5,12,-3,4,1,8,15,-6,8,-10,3,-9,-4,-3,-5]]
3907584	r	10486	[[-1327,-392,4,-7,8,-4,8,4,4,7,-14,11,-7,-3]]
3906466	r	56510	[[-1348,-216,0,-9,2,-7,5,-8,8,-5,8,-2,9,0,9,3,7,6,-2,4,-1,-1,-1,0,1,3,-3,2,-2,4,2,7,-2,3,-1,7,3,5,0,7,-3,1,-1,1,-2,-2,-4,2,-17,-3,-12,-8]]
3910027	r	4991	[[-1273,-347,2,-5,13,2,1,3,-2,6,-6,2,-6,-2]]
3902377	n	1961	[[-1303,-297,2,-3,3,-1,3,1,2,3,-2,4,-3,1,-3,-1]]
3901178	r	17418	[[-1291,-449,4,-8,2,6,6,11,5,-1,1,1,17,0,3,-5,2,5,-2,8,-4,5,-5,5,-7,2,-7,0]]
3919998	r	4527	[[-1385,-221,3,-6,7,-3,6,3,3,6,0,2,-8,-4,-2,3,-9,1]]
3513563	n	269	[[-1368,245,2,-1,1,-4,1,4,-4,2]]
3448439	r	2562	[[-943,-480,6,0,1,1,1,-1,2,0,0,7,1,1,4,-1,0,4,-3,-1,0,3,-2,-1,0,3,-3,0,-1,-3,2,-2,-1,-2,1,0,-6,-5]]
3451190	r	2504	[[-876,-458,5,-4,8,3,-3,3],[-865,-451,1,-4,4,2,-1,3],[-861,-455,3,-2,-2,-3,7,1,-3,6]]
3470127	r	5082	[[-884,-392,1,-4,3,-1,-1,-3,1,-4,11,3,-2,11,-3,3,-5,1]]
3450554	r	2345	[[-778,-261,4,4,-2,0],[-776,-262,0,-1,4,3,0,2,-2,0,1,-1],[-773,-253,3,-2,0,-5,4,1,5,7,0,3,-3,0,-1,-1,2,-2,-5,-2,-2,5]]
3399415	r	4819	[[-783,-78,7,-8,6,6,3,-2,3,2,-5,6,-4,0,-6,5,-3,-5]]
3663517	r	39845	[[-1216,-37,2,-6,-2,-8,1,-5,3,-4,5,-2,11,-29,10,3,1,23,-3,1,5,1,-7,4,5,5,1,16,-7,4,-9,2,-8,-1]]
3469058	r	5545	[[-966,-317,0,-4,4,0,-1,-2,2,-1,2,3,13,0,-2,2,2,7,-2,2,-13,0,0,-5,-3,0]]
3464975	r	10382	[[-1001,-513,11,-6,7,0,6,3,-1,1,1,1,2,9,-3,2,-5,-4,5,5,-1,2,-5,1,-7,-2,-1,1,-3,-1,1,-3,-3,-1]]
3390760	r	1069	[[-703,-156,5,-8,2,5,-1,5,0,-2,-1,2,-4,0,1,-4]]
3462377	r	5947	[[-999,-333,2,-6,4,-3,6,7,3,0,5,-6,4,3,1,3,0,3,-10,4,-3,-2,-12,0]]
3405870	r	2457	[[-981,-26,1,-1,1,1,2,-2,1,2,-2,3],[-978,-23,2,-1,3,2,-3,3,1,-2],[-976,-32,3,-2,4,1,-4,5],[-972,-24,2,-7,3,2,-2,2,3,4,0,2,-3,1]]
3452925	r	7115	[[-1038,-602,1,-4,10,-6,1,0,1,3,3,2,-2,0,-3,3,1,4,1,-4,4,-1,0,-3,2,-1,1,2,5,1,0,2,2,-1,0,5,-6,4,1,1,-6,-2,-4,2,-2,-3,-9,-3],[-1015,-607,1,-5,4,2,-1,3,-1,-3]]
3461786	r	1158	[[-933,-468,2,1,0,-3,3,1,0,-3,2,-3,1,1,0,6,-2,2,0,2,-5,-1]]
3395981	r	2880	[[-724,-189,3,-2,2,-7,9,10,-3,4]]
3467865	r	2498	[[-948,-459,0,-3,6,-3,0,3,2,0,4,4,-3,4,1,2,-2,1,-4,-5,-3,0]]
3388368	r	4985	[[-894,-57,3,6,-2,-1,3,3,0,1,-1,0,4,0,-2,5,-4,-2,0,-4,-1,2],[-892,-57,1,-2,1,0,0,5],[-889,-59,12,1,3,3,1,5,0,-1,-1,0,0,1,-4,-3,0,2,-3,-5,-1,1,-2,-2,0,2,-2,-2,0,1,5,5,-1,2,1,1,-5,-2],[-877,-48,0,-2,2,0,0,1],[-875,-48,1,0,-1,2]]
3467747	r	85410	[[-1130,-409,2,-9,14,-7,31,-3,3,-3,7,-1,0,4,7,-1,5,37,-8,9,-10,6,-12,3,-11,-2,-8,-3,-8,-9,-1,-1,0,1]]
3394023	r	7775	[[-717,-113,0,-7,4,-5,1,-1,2,2,4,-2,5,1,-2,1,1,0,0,4,-6,16,-6,-2]]
3386496	r	14602	[[-867,-110,5,-3,6,-2,0,-2,6,1,7,8,1,10,-9,10,-5,1,-3,-7,1,-4,-3,-1,0,-3,-3,-1]]
3464374	r	473	[[-868,-452,3,-5,1,7,-2,0]]
3456160	r	1634	[[-879,-454,4,0,-1,-2,3,-1,3,0,3,3,-2,6,-3,-1]]
3449344	r	440	[[-933,-475,1,-4,4,3,-4,3]]
3397277	r	2014	[[-703,-141,1,0,0,-6,6,-1,-1,9,0,-2,-2,8,-3,-3]]
3447399	r	3477	[[-956,-480,7,-4,4,3,-3,1,1,2,2,1,-2,4,1,1,0,3,-3,2,-5,-3]]
3445831	r	7521	[[-977,-378,0,-9,6,-3,4,1,0,3,3,3,5,-4,1,5,2,-2,3,1,0,4,-9,1,0,2,-4,1,-1,2,-2,0,-1,1,0,-2,-5,1]]
3455775	r	1041	[[-942,-467,2,-4,-2,-2,2,-3,2,3,2,-1,1,4]]
3448636	r	3531	[[-923,-465,7,-8,3,5,3,1,-4,7,0,2,-4,2,-5,-5]]
3451328	r	4601	[[-964,-420,3,-10,5,-2,7,3,1,4,-9,6,-3,4,-2,0]]
3471872	r	2829	[[-749,-221,5,-4,9,12,-6,4]]
3459712	r	3560	[[-984,-524,9,-8,2,0,3,7,-1,2,-1,-1,1,6,-7,1,-4,-3]]
3449701	r	388	[[-932,-473,3,-3,3,1,-2,3]]
6317344	r	1597	[[-706,-160,2,-1,-1,-5,6,-1,1,3,-4,7,-1,1,1,0,1,-1,-1,2,-3,-1]]
3465624	r	1781	[[-888,-399,2,-7,1,1,3,-1,3,2,-2,4,1,3,-3,1]]
3465038	r	36599	[[-1137,-304,3,-2,-2,-8,2,-7,6,-4,7,-1,6,2,5,5,3,-2,14,22,-10,11,-21,2],[-1108,-328,3,-1,-1,-2,3,1,-2,7]]
3463478	r	2771	[[-786,-240,2,-5,-2,1,3,-1,2,-4,2,-1,5,5,-1,6]]
3458449	r	7931	[[-1034,-461,1,-4,7,-3,0,-3,2,-1,-1,-3,2,-1,1,2,4,-2,0,3,3,2,3,3,0,5,-2,3,-5,3,-5,0,0,1,-6,0,1,-2]]
3662762	r	46423	[[-1305,-175,2,-9,3,-6,4,-5,8,-5,8,6,1,-3,5,0,3,6,-1,3,21,14,-21,13,1,1,-1,-1,-16,10,-6,-3,-6,-6,-3,-7]]
3459505	r	4323	[[-878,-435,8,-5,11,4,-3,7,-5,2]]
3407669	r	2055	[[-969,-27,1,-2,2,0,1,-4,5,0,-1,11,-5,1,2,-1,-1,-2]]
6316406	r	2160	[[-991,-340,6,-4,6,3,-6,6,-3,-2,0,1]]
3447779	r	2416	[[-816,-402,8,-5,1,-1,-3,-2,2,-1,5,11,-10,1]]
3470142	r	155	[[-870,-457,3,1,0,2,-2,0]]
3456283	r	392	[[-863,-458,3,-2,2,3,-2,2]]
3396016	r	58468	[[-1047,29,14,-16,-5,-6,-2,-8,2,-7,5,-6,8,11,-2,1,5,0,3,3,5,3,0,2,5,7,1,-1,6,3,4,5,0,5,-5,-1,5,2,0,5,-7,4,-9,3,-17,0,-9,-4],[-1032,-15,7,-2,2,4,-3,3,0,-2,-2,-1,1,2,-1,0],[-1028,-9,5,3,1,3,-3,-1],[-1021,-4,3,-3,5,5,-3,3,-3,-1],[-1014,-10,0,-2,4,-3,17,6,2,4,-16,3,-6,-3],[-1013,3,1,-3,3,0,0,3],[-1010,4,2,-1,2,3,-1,6],[-1008,3,2,-3,4,1,2,-2,3,1,6,7,-9,-1,-2,-2,-5,0],[-1006,9,1,-2,4,3,0,2,-4,0],[-997,-2,7,-1,1,5,-4,-1]]
3463237	r	3936	[[-985,-553,7,-6,6,0,5,10,-3,1,-2,-1,-1,2,-4,0,-7,-4]]
3467693	r	6910	[[-839,-436,5,-3,-2,-1,1,-2,3,1,4,-3,3,1,6,3,-2,10,2,3,-10,3,-3,-2,1,-2]]
3448639	r	5392	[[-999,-416,3,-6,8,-3,6,7,-2,9,-7,0]]
3466537	r	4462	[[-1031,-589,4,0,8,2,9,6,-6,2,-2,3,-3,-1,-6,2,-1,-9,-2,0]]
3403642	r	6243	[[-728,-145,2,-5,4,-2,12,3,-1,6,-9,8,-6,-3]]
3459462	r	1659	[[-942,-466,5,-3,0,3,4,1,-1,1,1,0,-1,6,-3,1,1,-1,-2,0,0,-3,-4,-1]]
3453643	r	2644	[[-962,-451,2,-8,3,-1,7,5,-2,4,-9,2]]
3456814	r	20360	[[-893,-333,12,-19,3,0,7,1,6,3,4,6,2,6,0,4,-16,9,0,1,-5,1,-4,-2]]
3664980	r	38187	[[-1234,56,1,-6,3,-6,5,-5,6,-3,7,0,7,1,5,4,4,5,-2,1,-2,7,1,7,2,7,-5,6,-6,3,-9,0,-9,-4,-6,-7]]
3662574	r	89433	[[-1393,-199,1,-10,4,-10,13,-1,1,-3,8,3,5,7,7,-1,2,4,6,4,5,1,8,7,14,2,-4,13,-9,11,-12,7,-15,2,-14,-3,-9,-7,-9,-12]]
3449433	r	1514	[[-933,-480,1,0,0,-2,5,3,1,-2,3,1,0,3,6,2,1,2,-12,-3]]
3392242	r	18543	[[-822,-199,6,2,8,-2,15,4,2,7,2,0,-1,8,-5,5,-13,3,0,-1,-7,1,-4,-5,3,-5,3,-1,-1,-2]]
3457671	r	4447	[[-1046,-468,2,-6,4,-3,5,1,2,7,-1,6,-3,2,-4,0]]
3402655	r	3534	[[-724,-166,1,-7,2,-1,8,5,0,7,-9,2]]
3444914	r	15363	[[-834,-301,5,-9,9,-4,16,23,-13,9]]
3470279	r	4820	[[-991,-451,6,-4,9,8,0,5,-10,4,-4,-4]]
3466779	r	10775	[[-1080,-505,2,-5,7,-2,12,4,4,6,-1,8,-4,5,-3,1,-8,-7,0,-2,-3,1,1,-3]]
3463011	r	5478	[[-958,-410,12,-6,6,6,1,3,-4,4,-7,1,-5,-3]]
3469968	r	5331	[[-995,-534,11,-14,2,-2,5,3,1,3,-1,4,1,1,-1,6,-4,-1,-1,2,-1,-2,-5,2]]
3389353	r	27701	[[-1127,-65,22,1,32,-4,1,3,-18,23,-5,1,-7,-2,-1,-2,-5,2,-4,0,-4,-4]]
3445839	r	11082	[[-971,-390,3,-11,8,-6,12,8,-2,13,-3,3,-3,-1,-2,2,-1,-5,-5,4,-3,-3,0,-3]]
3454244	r	5009	[[-1062,-641,7,-6,3,4,4,2,0,5,4,0,0,2,3,0,2,7,-4,1,-3,-2,-4,1,-2,-3,0,-3]]
3457001	r	1912	[[-927,-465,2,-3,-1,-7,9,2,-5,5,-1,7,-3,-1]]
3446682	r	1142	[[-914,-459,4,-8,5,4,-2,1,1,2,-3,-1,-3,3]]
3472287	r	5746	[[-985,-318,1,-10,13,-6,2,6,-6,10,-3,2]]
3474574	r	10796	[[-972,-189,0,-12,5,0,-1,-7,4,0,1,-1,-1,0,11,-2,2,10,-4,8,-8,4]]
6317872	r	28388	[[-1025,-106,3,-10,4,0,0,2,1,0,-2,3,3,3,2,5,-9,0],[-1024,-126,1,-4,4,2,4,-12,27,-2,11,14,-11,11,-6,-2,-2,3,-4,-3,-9,2,-5,-1,-2,-2,-3,1]]
3397147	r	10440	[[-800,-145,0,-2,9,-8,14,3,2,4,-2,4,-2,-1,-2,6,-4,2,-4,0,0,1,-7,0,-3,-3]]
3463030	r	3014	[[-1092,-509,0,-3,3,-2,1,2,4,0,0,1,2,1,0,-2,2,1,1,-2,-1,8,-9,5,0,-3]]
3454031	r	1088	[[-869,-448,1,-3,2,1,2,0,-1,-1,3,0,2,6,-1,1,-2,-2,-5,-1]]
3460845	r	1224	[[-977,-540,1,-3,6,0,-2,1,0,6,-2,1,1,3,-4,-1,1,-6]]
3453186	r	4606	[[-1015,-498,13,-15,5,8,3,1,0,3,-6,0,1,1,-11,5]]
3458575	r	1833	[[-951,-451,1,-4,4,1,1,3,3,-2,2,2,-3,2,-2,5,-4,-1,0,-4]]
3395503	r	25025	[[-1028,-121,5,-3,4,5,3,-1,2,2,5,1,9,-2,4,3,2,-3,6,2,11,-11,9,5,2,12,-8,13,-6,-4,0,2,2,1,-2,2,-3,-7,-2,-1,-2,2,-1,-5,-2,-1,-7,1,-4,-1,-9,3,0,2,-4,1,-2,-5,-3,-3,2,-3,-1,0,-1,-2,-3,0,-1,-3,-4,0]]
3466296	r	4548	[[-1062,-542,2,-5,6,-4,7,5,1,3,-11,9,-4,-3]]
3444876	r	1911	[[-887,-455,5,-1,3,3,0,3,-2,1,1,1,-2,0,2,2,-3,-1,-1,2,3,2,-3,0]]
3398269	r	13147	[[-963,-111,1,-5,3,-4,4,-3,5,-1,5,1,5,3,2,4,1,5,-1,7,-10,-1,-2,2,-8,-2,-5,-3]]
3450083	r	10214	[[-1089,-594,5,-5,6,-1,-1,-2,5,-3,4,1,6,14,-5,6,-10,2,-8,-5]]
3462315	r	14329	[[-854,-376,13,-10,11,-2,4,4,2,6,-2,7,-17,7,-7,-4]]
3449319	r	3081	[[-965,-443,3,-6,9,6,-2,9,-2,2]]
3394682	r	6872	[[-755,-112,5,-3,7,5,0,4,2,0,5,5,-2,2,-6,1,-2,4,-4,1,-4,-11]]
3458266	r	3151	[[-845,-446,1,-3,5,1,2,-1,4,3,5,2,-4,3,-3,-1,-1,2,2,1,-7,3,-1,-8]]
3464460	r	20703	[[-1111,-432,3,-6,-2,-2,0,-2,10,-5,-5,-3,4,-10,25,16,-4,10,-9,7,-12,1]]
3450909	r	29603	[[-1111,-329,1,-7,4,-6,6,-4,7,-1,7,1,6,4,4,6,2,7,-2,6,-4,6,-6,4,-7,1,-11,-3,-7,-12]]
3456068	r	1619	[[-1027,-589,1,-6,4,-2,3,2,0,8]]
3472343	r	665	[[-951,-457,3,-1,6,5,-3,2,-1,-3,-4,-1]]
6316328	r	6007	[[-975,-318,6,-10,3,2,2,0,2,5,-4,0,0,4,2,2,3,0,0,5,-3,0,5,1,-2,4,-5,1,-5,-3,-1,-1,2,-2,-2,-3,0,-5]]
3407327	r	4983	[[-741,-195,2,-6,10,1,1,2,1,8,-5,3,-4,-1,-4,-3]]
3451055	r	29515	[[-1035,-348,2,-5,5,-4,3,-1,2,-3,0,-2,-3,1,2,-16,11,0,10,11,3,8,-1,10,-12,15,-6,0,-10,-2,2,-14,-6,4]]
3447624	r	3416	[[-894,-389,3,-2,7,-1,6,8,-4,3,-7,-2,-4,-2]]
3468615	r	957	[[-845,-456,1,-3,4,-1,-1,2,4,3,-2,0,-1,3,-3,1,0,-2]]
3457692	r	5080	[[-1007,-446,7,-6,9,1,1,9,-12,5]]
3461144	r	5797	[[-860,-385,1,-8,3,-6,2,0,4,0,5,8,-3,-1,-2,2,4,1,1,-2,3,3,-3,5,-5,2,-6,-2,3,-5,-3,5]]
3452324	r	13468	[[-1042,-443,3,-7,6,-4,12,1,4,6,-4,16,-2,1,-9,0,-4,-2,-4,-5]]
3464688	r	2052	[[-904,-402,10,-9,1,1,-3,11,-2,-1,0,2,-1,-1,0,-1]]
3465196	r	2680	[[-996,-573,10,-5,5,4,-5,5,-5,3,-4,-3]]
6318696	r	20632	[[-1128,-237,1,-3,9,-2,1,7,2,1,1,-4,4,-5,-2,-1,15,-4,4,5,1,6,-2,6,-4,6,-5,4,-7,1,-7,-1,-5,-4,-4,-6]]
3458329	r	5215	[[-969,-328,2,-9,5,2,1,-4,3,-1,0,6,5,6,-1,6,5,1,-10,0,-2,-3,-2,1,-1,-3,-3,0]]
3387296	r	9398	[[-814,-76,1,-1,1,-11,7,-2,3,1,3,7,2,0,-2,3,-2,12,-7,2,-6,-5,1,-6]]
3454857	r	5189	[[-1054,-565,2,-1,0,-8,4,0,7,2,3,7,-1,4,-13,3,0,-7]]
3471859	r	5621	[[-1021,-430,7,-1,6,6,1,4,2,-1,4,4,-6,3,-8,2]]
3451234	r	1525	[[-960,-449,9,-2,2,2,0,4,-4,2]]
3448742	n	1719	[[-988,-564,3,-4,7,3,0,2,-2,3,-4,0,-3,-1]]
3460102	r	1712	[[-988,-532,5,-2,1,2,1,-2,6,2,-9,8,-1,-1,1,-2]]
3451138	r	5546	[[-1061,-652,10,-7,6,13,3,3,0,2,-1,-1,1,1,-3,0,1,2,2,0,-3,2,1,1,-4,0,0,-5,-4,-2,-2,-3],[-1042,-637,2,-2,-2,-4,5,4,11,7,-3,1,0,-1,-1,1,-4,-5]]
3468376	r	7352	[[-833,-414,5,-10,9,-3,4,9,-3,7,-4,5,-7,-2]]
3460949	r	5554	[[-796,-296,1,-4,3,-4,8,-2,-1,11,-6,4,1,3,3,-1,0,-4,3,1,1,6,-5,0,-4,-2,-3,-3]]
3402591	r	3041	[[-961,-22,1,-11,2,-1,1,1,-2,2,6,2,2,4,-1,7,-8,-5]]
3456166	r	3853	[[-857,-442,1,-1,1,0,1,-5,3,1,0,-2,5,-2,4,12,-2,2,-12,-2]]
3461879	r	14187	[[-1045,-508,0,-4,3,-3,9,-4,11,4,1,4,-2,1,2,0,1,12,-6,4,-10,0,-7,-6]]
3461408	r	3578	[[-791,-291,5,-3,2,-3,0,-15,5,0,-2,19,2,11,-2,0,0,-2,-1,2,-2,-10,-3,-1,0,4,-3,1]]
3458498	r	4586	[[-811,-387,4,-6,5,2,4,-3,2,1,2,5,0,6,-1,-1,-5,3,-3,0,-6,-3,1,-4,-1,2]]
3407357	r	47986	[[-988,-142,13,-26,14,-2,8,3,8,6,5,27,-28,11,-9,-5]]
3452640	n	1059	[[-786,-329,1,-3,3,-1,2,8,-4,0]]
3472177	r	2291	[[-896,-461,2,-3,1,3,4,0,1,2,1,1,0,-2,2,0,0,-1,4,2,-1,3,-5,1,-6,-1],[-894,-465,2,-2,2,1,-1,1],[-888,-464,1,-1,5,2,-3,2]]
3469092	r	752	[[-934,-459,7,-2,-3,7,-4,-4]]
3446606	r	1271	[[-861,-450,0,-4,2,0,2,3,-1,2,4,2,-1,4,-1,0,-1,1,-3,-2]]
3460535	r	922	[[-949,-464,2,-5,4,1,1,2,-1,2,-4,2]]
3453837	r	938	[[-913,-458,4,-3,3,1,-1,-2,3,-1,-5,9]]
3458930	r	12166	[[-1022,-555,11,-10,-3,0,2,-3,4,-1,1,2,4,-4,7,7,2,7,-13,15]]
3453303	r	2474	[[-935,-435,3,-5,1,1,7,0,2,2,-5,8,-6,-2]]
3470583	r	47091	[[-930,-241,7,0,4,4,6,-1,-2,-10,7,1,-2,-28,8,-2,27,35,-21,33,-4,0,-5,0,-2,-26,-6,-1,-4,3,-10,1,-1,-1,2,-1,-1,-4,3,0]]
3393001	r	4039	[[-843,-63,5,-4,5,1,4,3,2,5,-5,0,-4,3,-4,1,1,-2,-1,0]]
3471766	r	2488	[[-970,-439,5,-4,9,11,-5,2,-3,-2,-1,1]]
3451205	n	480	[[-844,-451,1,-2,-1,2,4,-1,3,3,-2,1,-3,0]]
3460728	r	5448	[[-972,-470,6,-12,10,2,1,7,-3,3,2,0,-5,1,-4,4,-5,-3]]
3402383	r	12271	[[-883,-106,6,-6,8,-3,5,12,3,1,0,3,3,1,-1,4,3,8,-11,0,-6,-9,-4,0,2,-2]]
3452525	r	4763	[[-927,-449,7,-3,5,2,4,10,-5,3,-7,0]]
3472766	r	5163	[[-775,-239,1,-6,4,-3,10,2,0,7,-5,5,-6,0]]
3446370	r	4388	[[-1083,-502,4,-2,6,5,-1,3,3,-1,0,2,6,6,-1,1,-8,4,-2,-6,-3,0,1,-2,-3,-1,0,-2,2,1]]
3457000	r	2761	[[-945,-444,4,-7,13,2,-10,7,-4,1]]
3454783	r	18851	[[-944,-365,12,-15,5,-4,5,-3,9,9,1,6,-1,7,-3,5,-6,4,-20,-4]]
3471335	r	809	[[-934,-464,5,-1,3,3,-7,2,0,-4]]
3408424	r	3025	[[-989,-33,2,0,-1,3,2,-2,2,0,0,4,3,-3,3,2,-5,5,-4,-3],[-983,-34,5,-5,7,5,-3,0,-3,4]]
3399058	r	4909	[[-739,-180,4,-5,6,-1,7,11,-1,2,-8,1,-5,-2]]
3455070	r	3437	[[-977,-517,6,0,4,6,-7,1,-1,3,6,-3,1,2,-2,1,1,1,0,1,2,-1,0,1,0,-2,4,1,-1,-1,-1,-2,3,4,-6,3,-7,0],[-967,-509,2,0,0,2]]
6318755	r	10803	[[-808,-351,2,-6,5,-5,9,-1,9,9,-1,5,-20,8,-3,-5]]
3469136	r	4523	[[-977,-459,3,0,4,-9,5,3,5,6,-2,8,-8,-1]]
3446098	r	43225	[[-1066,-429,2,-3,9,-2,19,4,12,31,-5,12,-21,0,-10,-7]]
3446621	r	11773	[[-842,-357,4,-8,8,-3,8,3,3,8,-3,8,-8,3,-8,-3]]
3925033	r	22271	[[-1260,-230,21,3,27,22,-1,2,-5,6,-6,5,-7,-6,0,3,-5,1,-1,-6,-2,1,-1,-1,3,-5]]
3397909	r	3122	[[-801,-67,2,-4,4,-1,1,-1,9,1,-2,0,0,2,-3,3,0,3,2,0,-3,2,-1,-1,-2,2]]
3465644	r	4128	[[-885,-410,2,-6,4,-3,8,0,3,4,-6,6,-2,-1,-3,3,-6,0]]
3407882	r	209986	[[-1112,-105,4,-4,1,1,3,-7,4,-4,-3,-3,-3,2,-1,-2,4,-12,-2,-10,1,-5,3,-2,-1,-3,2,-2,-5,-9,1,-7,3,-2,-1,-2,-3,2,2,-5,10,-4,-3,-3,4,-5,29,-2,2,3,2,1,0,5,-3,2,2,1,-1,6,2,0,1,4,-2,5,1,3,-2,5,1,2,-3,5,1,1,-4,6,1,2,-1,4,1,2,-4,2,0,3,2,-1,1,3,2,0,-4,7,8,5,2,3,4,1,1,8,4,2,7,-4,1,9,9,0,12,22,2,11,-1,3,-4,0,0,2,-5,2,-1,3,-6,-2,-4,14,-10,11,-23,-33,-1,-3,4,-11,-1,0,0,-2,-7,-2,-3,-2,-4,2,-1,-3,-5,1,-1,-3,-2,2,-2,-3,-2,1,-2,-4,-6,-1,-5,1,-1,-4,4,-5]]
3450269	r	5263	[[-1060,-589,13,-17,6,2,-5,11,-1,4,-2,1,-2,5,-6,-2]]
3471715	r	866	[[-849,-456,2,-1,-1,-2,4,0,-1,3,2,3,-1,2,-1,-1,-1,1]]
3451668	r	4483	[[-896,-441,1,-6,-1,-1,2,-1,1,-7,6,1,3,16,-7,1]]
3445487	r	1605	[[-915,-436,3,-2,8,9,-1,2,-2,-3,-7,-1]]
3461888	r	1332	[[-818,-411,3,-7,3,2,5,5,-6,2,-1,-2]]
3397967	r	132789	[[-1164,-128,11,-36,18,1,6,-3,2,1,4,-3,1,6,9,1,9,14,-1,7,2,6,-4,12,1,2,3,-2,3,3,-4,4,-3,7,-1,-1,-4,4,5,4,-4,5,1,4,-4,2,2,3,-2,2,-2,-1,-2,1,7,5,0,-3,2,0,-3,18,-6,0,-17,-7,-3,-6,0,4,-1,1]]
3471910	r	3037	[[-1036,-478,9,-2,7,5,-2,1,-2,-1,0,4,-8,3]]
3448519	r	5280	[[-808,-377,4,-1,1,2,0,-4,3,0,6,-3,0,13,2,7,-10,1,-1,-8,-3,-2]]
3403697	r	9423	[[-1003,-45,2,-8,8,-5,7,5,2,3,-3,3,3,5,-2,2,-2,-1,1,3,-2,3,-4,-3,1,-1,-5,1,1,-4,-2,0,1,3,-1,2],[-998,-36,3,1,0,3],[-995,-33,2,-2,3,3,-1,1],[-991,-34,2,0,-1,1],[-989,-37,2,-1,-1,3]]
3384987	r	691	[[-709,-161,1,-5,1,2,0,-2,2,0,1,6,-3,0]]
3460005	r	3594	[[-976,-442,0,-5,6,-5,7,1,1,2,-3,6,-5,4]]
3405006	r	3902	[[-943,-15,4,-6,0,-3,-2,0,4,-5,-1,-3,8,6,1,5,-1,3,2,0,-5,-1,1,3,-2,-1,-1,1,-1,-1,-1,3,-2,-4,0,4,-2,-3,-1,4]]
3388847	r	100457	[[-1107,-151,4,-10,3,5,-2,2,1,3,-3,4],[-1069,-132,0,-2,4,-2,-1,-2,1,-4,-1,-2,4,-4,0,-2,-1,-1,3,-5,-1,-2,2,-5,-1,-3,2,-6,-1,-3,-2,0,1,-6,-2,-1,3,-2,0,-5,-2,-1,-2,-3,37,-2,-5,13,-4,2,0,2,-3,1,2,2,1,7,-2,-1,22,29,-4,12,-2,-2,-3,1,1,5,-5,3,1,2,3,0,2,2,-4,15,-6,4,-9,0,-1,-9,-7,4,-4,-2,-1,-8,-4,-1,-2,-3,-7,-4,3,-8,-2,0,-1,-3],[-1062,-193,4,-2,2,2]]
3465944	r	6692	[[-824,-391,1,-5,3,-3,7,0,6,7,-4,5,2,2,1,-2,-1,4,-9,2,-4,-4]]
3446692	r	1973	[[-965,-465,4,-4,5,-1,-2,0,3,-3,1,3,-4,10,-2,1]]
3470073	r	3019	[[-1039,-580,6,-9,2,0,1,5,2,0,1,8,-7,0]]
3459943	r	11367	[[-816,-277,2,-7,11,-7,4,0,10,8,1,4,-9,4,0,2,-5,0,-11,3]]
3470451	r	4999	[[-978,-409,2,-6,3,-1,12,3,1,3,-1,4,-7,5,-9,-6]]
3470858	r	4823	[[-882,-432,5,-2,10,7,-1,8,-11,0]]
3471798	r	572	[[-1033,-465,0,-4,7,-2,0,3]]
6318714	r	22357	[[-1138,-249,14,-5,2,1,5,-9,-1,-3,4,-2,3,1,2,-3,2,7,-1,3,14,-5,3,12,0,2,-21,6,2,1,-5,9,-3,-3,0,-5,-16,4]]
3460899	r	786	[[-882,-456,1,-3,8,2,-3,1,1,2,-2,-1,-2,1]]
3467081	r	1655	[[-916,-473,6,-2,2,2,3,2,0,1,-3,4,-2,-1,-3,-1]]
3469989	r	1908	[[-1014,-431,7,-2,7,14,-1,1,-4,-4,-2,1,-1,-4]]
3445782	r	11181	[[-1081,-475,0,-2,8,-7,10,-4,3,1,2,6,-3,16,-2,3,-7,0]]
3471196	r	15413	[[-1098,-628,6,-1,5,-6,4,-3,5,-1,4,-5,5,3,2,25,-3,2,-25,-5]]
3463690	r	8156	[[-803,-328,2,-7,14,1,2,16,-6,2,-6,-1,-5,-5]]
3445679	r	7694	[[-1153,-604,2,-1,6,-1,3,4,5,0,8,-6,0,5,6,2,-4,4,0,5,-2,3,-4,0,4,0,0,3,-3,3,-8,-11,-6,-2,-1,-4]]
3392734	r	9906	[[-778,-188,2,-6,4,-5,5,-2,6,0,-1,9,2,2,-4,2,-1,1,3,2,-1,10,-6,-1,-4,-2,-4,-5]]
3466692	r	3270	[[-988,-425,5,-5,6,1,3,7,-1,3,-7,1]]
3471691	r	8653	[[-949,-390,1,-7,7,-5,9,2,4,7,-1,4,-2,4,-17,-1]]
3460960	r	4410	[[-871,-384,1,-12,6,0,5,3,-1,11,-6,0]]
3461859	r	1655	[[-909,-454,5,-9,8,2,-6,4,-3,5]]
3471830	r	5089	[[-975,-373,5,-1,-1,2,4,-1,1,-2,4,-1,0,-2,9,-1,2,6,-19,9,-3,-2]]
3454847	r	7694	[[-940,-410,6,-10,8,-1,6,4,-1,8,-7,5,-5,1,-5,-1]]
3445993	r	1372	[[-986,-569,5,-5,6,4,-2,0,-1,5]]
3404817	r	20904	[[-1024,-22,10,-13,0,2,-2,4,5,-7,6,0,-1,3,1,-2,0,5,1,-5,1,-1,2,3,3,-3,5,7,0,19,-17,-5,-5,5,-3,-1,-6,-4],[-1010,-39,6,-8,6,10,-8,-1,-2,-3,-1,2]]
3463140	r	19101	[[-952,-300,3,-7,-1,-3,4,-2,-2,-6,2,-3,25,12,-2,8,-4,7,-5,4,-8,3,-1,1,-4,-8,-5,-2]]
3385935	r	8280	[[-1009,-75,1,-3,6,-2,0,-2,3,1,2,2,1,-2,4,0,-1,7,1,6,3,0,-2,4,-4,4,-5,-2,2,-5,-6,2,-4,-5]]
3456117	r	1667	[[-905,-401,1,-1,5,2,0,1,1,1,0,-2,2,1,0,8,-3,1]]
6318738	r	63140	[[-1188,-292,1,-11,46,-5,17,22,-33,30,-7,-2,-24,-30]]
3466696	r	11705	[[-970,-364,19,-9,7,8,2,5,-5,5,2,3,-1,1,-13,2]]
3402000	r	8471	[[-891,-101,8,-5,8,9,-2,2,4,0,6,9,-3,2,-2,-1,-1,3,-8,-5,0,-1,2,1,-3,-3,-1,2,-5,-3]]
3397893	r	35510	[[-1190,-60,7,-3,-5,-1,3,-1,0,-18,6,-4,9,-2,3,8,-2,2,3,2,2,4,-4,2,1,1,3,0,0,3,3,1,6,19,-3,8,-12,2,-13,-4,-2,-13]]
3460522	r	9917	[[-1003,-367,26,-11,4,12,-4,4,-23,3]]
3460791	r	712	[[-941,-480,3,-5,4,2,-1,2,2,1,-3,1]]
3453420	r	5735	[[-964,-298,5,-11,-2,-1,11,0,-1,11,5,5,-9,1]]
3663529	r	34849	[[-1236,-66,1,-8,3,-5,9,-9,12,-2,12,4,-8,24,-5,2,-3,4,-1,5,2,4,0,5,-9,-2,-7,-6,-4,-7]]
3458696	r	4012	[[-906,-424,2,-5,8,-4,4,5,-1,9,-4,2]]
6316298	r	8970	[[-961,-96,5,-2,-2,-7,8,2,2,-2,14,1,1,1,-6,9,2,6,-3,0,-1,3,-4,-4,0,-3,-11,0]]
3449521	r	3380	[[-793,-259,1,-4,3,-3,11,6,-11,6,-2,-1]]
3924679	r	95669	[[-1235,-271,14,2,12,-7,1,-4,-1,-6,3,-9,14,1,30,39,-1,8,-3,10,-8,11,-13,8,-2,1,-10,-9,-1,4,-6,1,-1,-1,-2,2,-2,-4,2,-5,0,-6,-10,-9]]
3456500	r	3795	[[-853,-422,9,-9,1,8,-1,0,3,8,-6,2,-6,-6]]
11427402	r	18450	[[-934,-242,3,-9,5,-6,8,-2,9,1,1,11,-7,-1,2,10,-6,1,-4,-4,-7,0,6,3,-3,0,1,4,-2,1,1,1,10,-1,4,-3,5,1,2,8,-10,3,-9,-2,-6,-7]]
3406910	r	9845	[[-907,-90,3,-4,4,-3,6,0,5,2,1,4,-2,14,-7,3,-7,-8]]
3445859	r	3361	[[-868,-419,1,-8,5,-2,9,7,0,3,-14,2]]
3460733	r	6264	[[-844,-423,1,0,-1,-8,2,-3,3,-1,8,7,-1,2,4,2,-6,10,-7,-1]]
3460523	r	12877	[[-1004,-379,3,-9,8,-5,16,6,0,9,-22,9,-4,-5]]
3406545	r	95098	[[-947,-174,7,-6,-1,-1,3,0,3,-7,2,0,0,3,13,-11,14,3,10,5,7,6,7,8,-10,36,-15,5,-33,-1]]
3460064	r	16328	[[-1049,-370,5,-3,7,-3,6,0,6,3,-1,11,3,-1,-2,5,-8,5,1,1,-3,3,2,3,6,-4,-1,10,-9,1,-5,-14,-4,1,2,-2,-2,-2,2,-1]]
3398115	r	984	[[-705,-168,2,-2,-2,-4,2,-3,4,9,-4,2]]
3393106	r	25723	[[-978,-73,10,-4,7,1,7,4,15,-2,10,7,5,10,-1,5,-4,1,0,2,-9,1,-5,-6,-5,-1,0,-3,-5,2,-2,6,-3,-5,2,-4,-7,-6,-1,1,-10,-3,-3,-2]]
3471374	r	5805	[[-1018,-453,1,-4,4,-4,5,-1,8,10,-7,6,-8,-1]]
3389652	r	2831	[[-733,-155,5,-5,-1,2,10,-2,-3,8,-4,2]]
3467717	r	6691	[[-1058,-482,3,-6,8,-3,7,4,3,7,-7,6]]
3455729	r	4993	[[-1005,-460,2,-5,6,-2,6,3,2,5,-3,5,-6,2,-2,-1]]
3460974	r	2943	[[-756,-212,8,-6,6,8,-3,3,-4,1,-4,-2]]
3462996	r	7960	[[-1073,-522,4,-7,8,-3,8,18,-6,3,-7,-1,-5,-4]]
3393008	r	16789	[[-1153,-50,18,-21,12,4,2,2,-14,-2,0,2,7,16,-1,1,1,2,-3,1,-8,11,-10,-6]]
3459342	r	2790	[[-761,-215,7,-9,5,3,1,3,-9,8]]
3458662	r	707	[[-953,-443,5,-2,4,1,0,2,2,1]]
3470691	r	984	[[-882,-448,2,0,-1,-1,2,-1,0,-3,7,4,-5,1,0,2,-1,-1,-2,1]]
3444864	r	4231	[[-1006,-414,7,-3,8,9,-1,4,-6,4]]
3465342	r	83955	[[-1163,-403,3,-6,0,-5,2,1,1,-2,-2,-1,2,0,-2,-2,3,-1,-1,-8,23,11,15,28,0,-1,1,1,7,9,8,26,-7,3,-3,3,-9,4,-7,-4,-6,1,-3,-5,-12,0,-4,-2,0,2,-2,0,4,-10,-3,4,6,-8,-2,0,-5,-13,2,-3,-2,0,-7,-14,6,-5]]
3468100	r	7621	[[-979,-352,3,-4,-1,-6,4,-4,3,2,9,12,-4,6,-8,2,-4,-1,0,-6]]
3453150	r	18785	[[-1139,-445,6,0,5,4,4,-5,7,0,5,-7,-1,-4,2,-8,0,-7,2,-2,4,2,4,12,-4,11,5,2,-10,5,0,2,2,2,-5,10,-10,-1,-7,-3,-5,-6]]
3398331	r	4068	[[-796,-129,5,-6,9,-1,0,7,-1,0,2,3,0,5,-7,-3,-1,-3]]
3445597	r	4958	[[-791,-267,2,-11,9,-2,-1,2,1,1,-3,2,3,-2,0,7,-2,-2,1,4,2,0,0,3,3,2,-2,1,0,1],[-781,-269,3,-4,0,5,-3,0],[-780,-279,1,-1,0,2]]
3460584	r	1975	[[-895,-400,2,-9,7,2,-2,8]]
3455161	r	1798	[[-896,-390,0,-9,8,0,-3,8,-3,2]]
3665199	r	19983	[[-1278,-198,4,-11,8,-5,10,10,3,-2,4,8,4,5,-6,9,-10,3,-11,-7,1,-3,-3,-6,-4,0]]
3464073	r	4432	[[-1054,-553,2,-5,10,-2,4,3,1,4,-10,7,-7,-4]]
3455051	r	11276	[[-1064,-461,3,-4,15,-3,10,13,-8,6,-9,1,-8,-5]]
3471848	r	2165	[[-813,-399,10,-1,5,6,-5,3,-5,-2]]
3448879	r	6862	[[-894,-415,3,-18,9,-1,3,15,-10,7]]
3455168	r	16901	[[-952,-350,1,1,2,-2,3,0,1,-1,-2,-3,5,-5,20,5,3,8,-1,8,-1,4,-7,-1,4,-2,-1,-2,-8,4,-4,-2,-4,6,-4,-3,2,-5,-4,-3,-2,-4,-1,0]]
3459035	r	2727	[[-1046,-584,9,-13,4,8,-5,7]]
3460834	r	3013	[[-915,-450,8,-3,3,3,2,7,-9,2]]
3471291	r	6197	[[-989,-466,5,-5,11,0,3,3,-4,9,-3,0,1,2,-9,2,-2,-1]]
3392887	r	7441	[[-755,-140,3,-7,6,-3,7,3,3,7,-1,3,-14,4,-3,-3]]
3398691	r	1213	[[-714,-161,1,-1,0,-7,3,0,2,3,-1,5]]
3462986	r	21225	[[-1138,-261,2,-8,4,-6,6,-4,8,-2,7,2,7,4,4,6,1,7,-9,3,0,-9,-3,2,-4,-1,-3,2,1,3,-4,8,-13,4]]
3387786	r	15153	[[-775,-152,2,-21,4,-1,11,2,7,13,-2,6,-5,5,-5,0,-11,-2]]
3457952	r	7466	[[-850,-402,3,-11,6,-2,7,1,4,6,0,5,-2,5,-11,-2]]
3445847	r	2347	[[-908,-466,3,-6,7,5,6,0,-4,6,-8,-2]]
3448902	r	1634	[[-942,-437,1,-5,3,0,3,-2,2,3,0,3,-2,3]]
3454763	r	8828	[[-953,-383,3,-3,23,2,-5,4,-11,14,-3,-1,-5,-6]]
3466988	r	6983	[[-851,-401,1,-1,7,2,15,2,-2,8,-1,2,-10,2,-4,-5,-1,2,-3,0,-1,-1,1,-2,4,1]]
3448011	r	357	[[-854,-458,6,-1,1,2,-5,1]]
3407243	r	11265	[[-823,-152,3,-8,7,-4,13,17,-1,5,-7,3,-8,-1]]
3460723	r	11776	[[-991,-480,3,-8,9,-4,9,2,4,8,-6,12,-15,-1]]
3468551	r	56179	[[-1191,-321,1,-5,23,0,0,-3,-3,-5,2,-11,8,-5,5,-1,1,-2,4,2,12,0,3,5,5,0,-11,38,-44,5,-4,-9]]
3458425	r	1118	[[-906,-452,2,-1,2,-5,6,-3,1,3,-9,8]]
3664464	r	63647	[[-1480,-151,6,-5,-2,-3,3,-1,2,-7,4,-3,1,-3,6,-6,5,-1,10,2,9,5,7,8,2,11,-1,10,-5,9,-9,7,-10,2,-11,-1,-1,-4,-10,-5,-2,-6,2,-4,-6,-1,1,-2]]
3406317	r	20381	[[-918,-101,6,-15,0,1,4,-4,-3,-2,2,-5,10,1,8,6,3,9,-4,10,-17,5,-5,-1]]
3390907	r	4888	[[-789,-96,2,-1,0,1,4,-7,7,-6,2,7,2,0,-2,1,2,8,-4,3]]
3461724	r	23993	[[-998,-235,1,-6,4,-5,5,-4,7,-1,6,1,5,4,4,5,1,6,0,5,-20,11,-6,-2,-4,-4]]
3664539	r	115096	[[-1319,-108,7,-3,3,-2,10,-2,-1,-2,38,1,29,28,-21,63,-20,-40,-3,2,-2,9,-3,5,-8,3,-1,-2,3,-1,-1,-4,2,-1,-3,-1,1,-4,7,-8,-1,-3,3,-3,1,1,1,-2,-1,-2,-2,2,0,-2,-1,1,-4,-4,-8,-3,-3,-4,-3,1,0,-3,-9,-5,-3,-7,-2,-1,1,-5,-3,0]]
3925212	r	14058	[[-1239,-227,8,-5,0,-1,11,-10,5,5,3,6,-1,11,-4,4,-5,4]]
3464008	r	1116	[[-891,-391,3,-8,5,2,0,3,-2,2]]
6318107	r	25893	[[-1017,-161,1,-6,4,-5,5,-4,6,-1,7,1,5,4,4,5,1,6,-1,7,-4,5,-5,4,-7,1,-6,-1,-5,-4,-4,-5]]
3398904	r	2036	[[-708,-149,6,-6,5,1,1,2,0,4,-2,1,-4,0]]
3389609	r	6650	[[-919,-68,9,-9,-2,-1,3,-3,2,2,3,-3,7,8,-16,12]]
3445764	r	18093	[[-949,-330,5,-5,4,3,3,-6,4,2,8,-4,1,2,-4,2,11,1,1,3,-4,19,-3,3,-23,-11]]
3461973	r	7240	[[-866,-284,1,-6,5,-4,7,-1,5,3,-4,6,0,3,-4,2,2,1,-3,6,-7,-3]]
3461444	r	4689	[[-1085,-578,2,-1,15,17,-1,2,-7,3,-3,-1]]
3454818	r	5042	[[-1061,-531,4,-2,9,3,4,9,-1,2,-4,3,-5,1]]
3405812	r	2026	[[-732,-164,1,-8,8,-1,-2,10,-2,-2,-3,2]]
3466174	r	4550	[[-1061,-466,3,-15,14,7,-2,6,-14,2]]
3392054	r	10147	[[-913,-50,3,-8,16,1,0,11,-2,0,2,1,0,3,-5,3,-7,0,-5,-5]]
3459796	r	2446	[[-870,-396,2,-4,4,-3,5,2,2,4,-2,4,-5,-3]]
3449350	r	2949	[[-995,-531,3,-2,4,1,4,5,-1,2,3,5,-8,1]]
3402721	r	921	[[-708,-150,0,-6,2,-4,4,6]]
3394661	r	9092	[[-993,-61,4,-7,10,0,0,4,1,1,-3,6,4,4,0,5,7,9,1,6,-9,-6,-1,-4,-6,-5,-1,-5,-3,-2,0,-3]]
3392167	r	8845	[[-839,-142,3,-6,7,-3,6,3,3,6,-3,7,-6,3,-7,-3]]
3460344	r	15333	[[-825,-216,2,-18,5,-4,10,1,9,6,3,10,-27,8]]
3465090	r	2783	[[-904,-450,9,-8,2,2,-1,7,-2,1,1,1,0,2,-7,1]]
3407216	r	2917	[[-750,-167,5,-2,2,1,3,-2,-1,-1,5,-2,-3,5,0,8,-7,-1]]
3390901	r	5592	[[-793,-108,2,0,-1,-4,14,-2,2,2,0,3,-7,6,-4,7,0,-1,-2,1,-1,-5,-3,0,2,-1]]
3446065	r	2527	[[-870,-440,2,-7,5,1,6,4,1,3,-3,3]]
3448257	r	770	[[-917,-475,7,-2,2,1,-1,2,-2,-1,-3,1,0,1],[-909,-478,4,-1,0,4,-1,1]]
3464891	r	16975	[[-904,-375,0,-5,7,-5,21,5,3,2,0,3,-1,6,-3,4,-6,4,-6,1,-6,-1,-5,-4,-3,-4]]
3472898	n	1557	[[-906,-405,1,-8,5,1,1,5,-3,3]]
3447690	r	4098	[[-786,-239,11,0,3,5,-2,7,-6,2]]
3402229	r	12073	[[-875,-79,3,-6,15,-1,5,7,-1,10,-15,7]]
3468436	r	11600	[[-1071,-607,1,-7,3,-2,16,2,5,7,-16,21]]
3446138	r	3988	[[-912,-439,1,-1,9,-2,5,3,1,6,-8,4]]
3446652	r	10469	[[-1025,-486,3,-8,8,-3,4,2,10,11,-6,7,-8,2,-5,-2,-4,-4]]
3448300	r	610	[[-946,-469,2,-4,3,0,1,2,-2,4]]
3447839	r	4864	[[-808,-202,3,-2,0,-6,4,-9,3,2,4,6,-2,7,-7,4,-3,0]]
3468570	r	4944	[[-1030,-533,5,-3,-1,-1,2,0,13,-6,3,6,-6,8,-16,-2]]
3661944	r	172511	[[-1350,-56,10,-59,16,-11,24,9,1,2,-10,2,-3,2,-7,3,3,2,3,0,-1,5,2,1,3,7,9,5,0,3,3,-1,3,4,8,3,4,4,1,-1,0,2,2,-2,0,4,-1,-1,-3,3,1,3,-7,8,-1,4,3,1,-2,1,1,4,-3,1,1,2,8,-3,3,-5,2,-9,3,-2,20,40,0,10,-19,10]]
3457509	r	1434	[[-973,-431,3,-7,4,5,1,2,1,-1,3,2,-6,1]]
3472603	r	5302	[[-927,-429,5,-8,6,0,2,6,-2,12,-6,0,-4,-2]]
3390160	r	4610	[[-767,-97,5,-5,8,-2,4,11,-4,3,-10,-2]]
3458494	r	4999	[[-1002,-436,12,-5,4,4,0,6,-2,4,-5,2]]
3455671	r	1479	[[-879,-408,3,-2,2,1,6,-6,-2,14,-2,-3]]
3460441	r	1158	[[-969,-424,2,-5,6,0,-3,9,-4,-2]]
3449696	r	4462	[[-1096,-566,4,-7,8,-2,5,17]]
3449822	r	5378	[[-1099,-557,1,-4,4,-4,14,8,-3,5,-6,3,-7,-3]]
3403353	r	8072	[[-801,-87,0,-3,12,-6,13,6,-1,3,-6,9,-10,-3,-6,-3]]
3453639	r	1243	[[-953,-440,0,-3,9,1,2,1,0,4,-6,0]]
3445596	r	4238	[[-885,-436,4,-7,-3,-2,1,-2,6,1,0,-2,8,0,1,1,-2,7,-8,5]]
3460730	r	13797	[[-818,-312,6,-6,8,-1,11,6,2,4,-9,18,-4,0]]
3386449	r	5459	[[-830,-78,7,-7,5,-1,5,2,0,7,-1,1,1,0,-1,6,-4,-1,1,3,-3,-5]]
3445133	r	2819	[[-865,-415,0,-3,12,-1,3,4,-1,4,-13,-1]]
3470264	r	2215	[[-975,-419,1,-3,6,0,4,2,2,6,-1,1,-10,-3]]
3449936	r	10255	[[-1127,-610,7,-6,0,-6,3,1,5,4,7,-8,4,-2,0,2,3,-3,3,9,-7,15,-11,-3,0,2,-1,-2]]
3461528	r	1259	[[-948,-480,5,0,3,4,-6,6,-1,-3,2,-4,-2,-1]]
3465721	r	4706	[[-1047,-546,11,-7,5,6,-2,8,-7,2,-6,-6]]
3401548	r	15058	[[-828,-104,2,-7,6,-5,16,7,-1,16,-7,3,-8,-1,-6,-6]]
3461013	r	5358	[[-845,-226,2,-5,6,-2,5,2,2,5,-2,5,-5,2,-6,-2]]
3393471	r	121290	[[-1178,25,0,-25,4,-1,2,-4,3,-1,-1,-3,3,-1,3,-6,4,0,9,-7,2,-4,6,-1,0,-2,5,-3,3,1,4,-2,0,-1,4,-3,9,-2,4,3,-1,0,2,1,-1,9,-6,1,-1,7,-4,4,1,4,3,3,1,3,-3,11,1,2,4,-1,-1,7,4,3,0,5,3,2,0,4,-5,5,1,5,-3,6,1,3,4,1,-1,1,-5,2,-3,-6,5,-4,-1,-4,-10,2,-7,-2,-4,1,-2,3,-3,-2,-1,1,-5,-6,-4,1,-5,-2,0,-3,-6,2,-2,-3,-2,0,0,-4,-4,1,-2,-3],[-1114,48,2,-5,2,-2,-2,-3,3,-2,0,-5,2,0,2,-4,1,-5,3,-2,0,-7,1,-1,0,-2,2,0,4,29,-3,10,-2,3,-8,-2,-1,-1]]
3462378	r	12295	[[-995,-306,3,-8,7,-3,8,1,7,12,-6,7,-8,2,-8,-4]]
3445153	r	1367	[[-818,-408,1,-3,3,0,1,2,3,-1,3,2,-9,5]]
3393409	r	1670	[[-776,-86,3,-4,6,-1,-2,4,1,0,0,4,-3,0]]
3472638	r	18113	[[-1133,-589,4,0,2,-3,0,-5,4,-4,-6,-2,0,-5,2,-2,13,3,1,2,0,-2,11,3,6,14,-1,5,-3,4,-29,-5,0,-3]]
6318732	r	5015	[[-995,-60,4,-4,-1,4,3,2,0,3],[-981,-58,3,-4,-1,-6,3,0,5,4,0,5,1,2,1,5,-5,4],[-981,-71,4,-2,-1,2]]
3402613	r	914	[[-769,-87,2,-3,3,3,1,5,-2,3,-2,-2,-1,-6]]
3402621	r	29812	[[-846,-183,2,-9,4,-7,10,-5,6,2,-1,3,3,0,8,13,1,3,-3,1,-3,6,4,4,7,-1,0,1,-8,5,-13,3,-9,-1,-6,-9]]
3451152	r	4406	[[-1001,-544,2,-5,5,-2,6,1,3,4,-7,9,-6,-2]]
3471772	r	2662	[[-999,-579,1,-4,4,-3,8,8,-10,5]]
3466704	r	7609	[[-1010,-495,11,-5,-1,-1,4,0,6,3,4,6,-6,8,-6,2]]
3448221	r	3006	[[-946,-424,6,0,6,4,-6,10,-6,-6]]
3467760	r	10979	[[-830,-204,5,-9,24,-6,-4,9,0,6,-3,2,2,4,-4,-1,-6,2,-2,-1,-7,-1,1,-3]]
3464713	r	1393	[[-770,-249,2,-5,5,2,-2,3,4,0,0,-4,2,4,-2,3]]
3463432	r	5548	[[-1015,-406,3,-6,6,-3,8,16,-5,2,-6,0,-4,-4]]
3398450	r	311	[[-775,-85,4,2,3,0,1,2,-3,1]]
3460174	r	16346	[[-880,-321,5,-1,0,-1,12,-7,1,1,5,2,4,5,1,5,0,6,-3,4,-5,4,-5,1,-6,-1,-3,-1]]
3403208	r	4588	[[-952,-19,1,-6,7,-5,6,1,-3,5,2,0,0,3,-4,6,0,-1,-1,1,1,1,-5,-1]]
3468893	r	13669	[[-843,-293,5,-4,7,0,11,12,-3,10,-8,4,-9,-1]]
3457147	r	38563	[[-1079,-353,3,-10,5,-8,9,-5,10,-3,8,22,-2,1,2,2,-2,2,4,-1,7,16,-32,5]]
3398856	r	24056	[[-940,-127,8,-7,20,1,4,4,-3,8,3,2,-4,4,0,-1,-7,16,-14,-3]]
3458645	r	2373	[[-985,-455,10,-2,5,5,-6,5]]
3445350	r	3062	[[-1051,-583,2,-5,2,-1,1,-4,5,-10,2,0,2,5,-2,5,-9,12]]
3397936	r	5918	[[-896,-74,6,-3,5,2,2,4,1,0,2,10,-9,2,-4,-4],[-892,-61,2,2,-1,0]]
3393452	r	11143	[[-814,-165,8,-7,10,1,2,0,3,16,-9,8]]
3454061	r	2398	[[-949,-485,2,-7,7,4,2,3,-5,5,-6,-3]]
3398379	r	6777	[[-783,-129,1,0,0,-7,1,-1,11,6,4,7,-4,6,-8,2]]
3463174	r	4055	[[-921,-407,2,-9,1,-1,13,4,-2,9]]
3472311	r	1257	[[-939,-454,2,-3,3,-1,4,4,1,4,-7,-1]]
3465748	r	6481	[[-797,-231,1,-2,10,-7,7,17,-5,3,-6,-1,-5,-4]]
3457025	r	2542	[[-949,-429,5,-6,9,7,-5,4,-6,0]]
3386279	r	5803	[[-971,-59,0,-5,4,0,5,6,1,5,2,2,0,4,3,0,1,4,-4,0,-1,1,-1,0,-4,-2,-2,0,-3,-4,1,-6]]
6316653	r	6517	[[-993,-75,2,-10,2,-2,7,6,1,-1,0,1,7,6,-7,4,2,3,-13,0]]
3387202	r	5146	[[-770,-131,5,-13,7,4,2,6,-3,6,-7,1]]
3662075	r	25759	[[-1418,-86,2,-7,5,-6,6,-4,7,-1,8,2,6,5,3,6,1,8,-1,6,-3,5,-5,4,-6,2,-5,-20,-3,1,-1,-2,-3,4,-5,-1,-1,2,-4,-2]]
3468014	r	8931	[[-1051,-614,3,-4,3,0,-1,-3,3,-5,4,-1,3,2,4,0,0,2,3,1,-1,3,3,1,-1,5,2,-3,1,1,-1,2,-14,8,-6,-2],[-1024,-623,1,-2,2,4,-2,0]]
3466698	r	1426	[[-862,-429,2,-3,3,1,-1,1,2,2,4,-1,3,2,-4,5]]
3389860	r	9865	[[-793,-165,2,-5,5,-2,5,-1,5,2,3,2,-2,16,-16,-2]]
3385742	r	3961	[[-729,-186,2,-3,3,0,12,6,0,1,-10,7]]
6317294	r	7671	[[-981,-71,4,0,0,2,3,2,10,3,1,-1,7,6,-2,4,3,5,2,-6,5,-2,0,3,5,1,3,4,5,2,-9,4,0,-7,-3,-1,-2,4,1,3,-2,1,0,2,-4,0,-2,-5,-3,0,0,-4,-2,-2,-1,-5,-3,-4,-4,-3,-4,0]]
3406196	r	8804	[[-870,-59,2,-3,14,-7,3,1,0,6,-3,-2,0,3,3,2,0,5,-3,3,-14,4]]
3445942	r	5565	[[-1019,-439,1,-4,4,-4,7,1,5,9,-5,4,-7,2,-4,-3]]
3469437	r	19328	[[-886,-265,4,-10,9,-7,15,10,-2,5,2,1,0,3,-4,2,-4,13,-8,-1,-6,-3,-4,-6]]
3401703	r	4579	[[-890,-77,2,-14,5,3,1,-2,3,3,-2,-1,0,1,8,5,-2,3,-4,-1,-1,3,-5,2]]
3460148	r	32747	[[-914,-293,5,-6,-3,-1,4,-3,-1,-2,4,-2,1,-4,4,0,5,-5,3,2,2,-1,6,-8,4,2,8,24,-9,11,-15,6,-11,-5]]
3463900	r	2701	[[-756,-231,6,-3,6,9,-5,4,-5,-3]]
3395062	r	52699	[[-1178,-126,1,-2,0,-6,5,-7,2,0,-1,-5,8,-1,-1,4,-5,5,0,4,4,5,26,56,1,-1,0,-4,3,6,-20,25,-6,-19,-3,-1,0,-3,-4,-1,4,-2,-2,-4,-3,-2,2,-2,-11,-28,2,-13]]
3398343	r	2128	[[-988,-35,1,-3,1,3],[-987,-47,1,-2,3,2,6,7,-6,6,-3,-6,2,-2]]
3460966	r	11074	[[-818,-251,2,-7,7,-4,11,3,3,5,-7,7,0,3,-4,5,-9,-3]]
3460826	r	6824	[[-806,-341,22,-8,0,6,2,5,-5,4,-18,-1]]
3456826	r	2314	[[-1037,-599,1,-1,8,2,2,3,-1,6,-6,0]]
3445630	r	12128	[[-1034,-569,7,-6,6,-2,3,1,2,-3,6,-2,4,1,3,9,-4,4,-1,-2,-4,1,-2,3,3,0,-11,10,-7,-2,-3,-5]]
3387115	r	2553	[[-721,-152,3,-8,5,0,2,10]]
3403687	r	1684	[[-826,-61,4,1,0,-2,4,2,8,-1,0,5,-12,-2,-3,0,0,-2,-1,1]]
3391908	r	10593	[[-846,-85,3,-8,7,-3,8,3,3,8,-5,7,-6,3,-7,-3]]
3467362	r	1912	[[-1008,-594,7,-3,5,8,-8,0,-3,-2]]
3404020	r	4542	[[-780,-138,2,-5,4,-3,5,0,4,2,-5,13,-9,-5]]
3408368	r	3623	[[-810,-56,2,-9,9,-1,6,5,-7,4]]
3391412	r	37631	[[-1049,-25,0,-4,5,2,4,-1,2,1,-1,3,2,1],[-1049,-31,10,-12,4,-14,6,2,1,-3,5,-2,0,-2,4,0,3,-8,6,1,5,4,7,-2,-4,7,-1,7,-2,3,1,3,-6,8,1,1,-4,2,-2,-2,-3,1,2,-1,1,3,1,0,-10,12,-20,-11,-1,0,0,3],[-1039,-28,1,-2,2,1,9,8,-9,-2]]
3392251	r	2826	[[-739,-158,0,-10,3,-6,2,1,3,1,0,8,-6,7]]
6317029	r	12778	[[-968,-77,1,-5,2,-2,2,0,7,-8,11,0,0,3,3,4,2,-3,1,14,-15,2,-7,-4]]
3466978	r	6692	[[-1067,-562,6,-13,10,-1,-1,10,-2,1,2,0,0,7,-4,3,-4,-1,-4,-2]]
3400804	r	959	[[-710,-169,5,-5,2,4,-2,2,2,2,-5,0]]
3469540	r	829	[[-958,-460,4,-10,3,2,-1,4,-1,2]]
3399506	r	26832	[[-877,-135,2,-8,4,-5,5,-3,7,-1,6,2,5,4,4,13,-2,6,-4,5,-6,3,-5,0,-7,-1,-5,-4,-3,-6]]
3388269	r	2017	[[-728,-198,8,-2,1,2,-2,7,-3,2,-3,-1]]
3394500	r	6102	[[-776,-109,1,-5,8,-3,3,18,-3,2,0,2,3,3,-3,2,-2,-3,-3,0,-2,-8,2,-1,-2,0]]
3454235	r	3134	[[-1007,-433,5,-3,9,11,-7,6]]
3463698	r	12709	[[-792,-218,11,-3,13,18,-9,6,-5,1,-6,-2,-4,-4]]
3385106	r	3181	[[-832,-71,2,-7,12,7,-5,5,-1,-2,-2,-2,0,2,-2,1,3,3,-2,1,-4,-4],[-818,-71,4,2,-3,1]]
3457736	r	2259	[[-871,-403,4,-14,4,8,0,6,-6,2]]
3404117	r	8669	[[-753,-129,1,-3,17,-5,4,8,-4,8,-11,2,-5,-4]]
3470709	r	58358	[[-1072,-312,5,-20,32,-5,6,2,9,6,2,6,0,10,-4,10,-8,8,-10,4,-11,0,-10,-4,-7,-8]]
3461550	r	4132	[[-986,-438,10,-4,6,4,-2,5,-5,4,-8,-1]]
6317801	r	22678	[[-1028,-91,4,-12,13,-1,1,5,4,0,0,2,16,1,2,4,-2,2,1,3,-2,2,-1,4,-4,0,-1,2,-2,-2,-3,-1,0,2,-18,4]]
3465105	r	1778	[[-789,-254,11,-5,2,2,-2,2,-1,5,-2,1]]
3465164	r	10295	[[-967,-340,8,-9,7,-1,2,3,1,0,2,4,4,3,-2,7,-4,3,3,9,-8,-1,1,-6,-5,-6,0,-6,-3,1,-2,4,-4,-2]]
3454231	r	4444	[[-742,-206,7,-7,7,3,2,2,-1,5,-2,3,-12,-1]]
3449720	r	1545	[[-779,-250,3,-7,2,2,0,4,1,-2,3,5,-4,3]]
3449340	r	11562	[[-1132,-583,3,-3,28,4,1,2,-3,11,-5,9,-7,-5,2,-2,-1,-1,-4,0,0,-1,-8,-7,-3,-5]]
3396266	r	4071	[[-766,-114,5,0,6,2,1,8,-11,5]]
3397702	r	5525	[[-990,-90,2,-2,0,-3,3,-1,0,-1,5,0,0,10,5,2,1,3,3,0,-6,5,-4,-4,0,-1,-1,1,-7,-6],[-978,-98,4,0,1,2,-4,2]]
3388270	r	4434	[[-959,-31,3,-2,-2,-1,4,-8,6,0,2,10,2,2,-7,5,-2,-4]]
3461124	r	7512	[[-807,-238,5,-6,0,-3,7,-7,5,7,1,0,3,7,-13,9,-6,-4]]
3385899	r	4617	[[-854,-64,3,2,0,-8,6,-2,5,16,-3,0,1,1,-3,1,0,-1,-6,1,0,-5,-3,-2]]
3468425	r	1213	[[-858,-449,0,-4,3,-1,9,3,-5,2,-1,2]]
3461017	r	7015	[[-1023,-510,2,-1,-1,-4,7,-3,13,5,-13,15,-5,0,-1,-12]]
3451261	r	839	[[-855,-454,2,-3,4,1,3,5,-6,-1]]
3386551	r	15982	[[-823,-120,1,-6,9,-9,10,-1,3,2,2,4,1,17,-4,2,0,3,-1,-2,-2,1,-19,-9]]
3408386	r	6179	[[-978,-50,1,-2,3,4,0,-1,4,-2,1,5,2,2,2,0,4,2,1,0,1,-1,4,0,1,1,-4,8,-7,1,-1,4,-4,-1,1,-3,0,-5]]
3396979	r	11965	[[-1142,-30,11,-15,3,-1,-1,-2,1,-1,-7,-16,0,-2,8,2,11,18,4,3,0,2,-3,2,-12,2,-4,3,0,1,-4,2,-3,-1]]
3465108	r	7262	[[-1083,-579,5,-3,7,-2,6,2,5,5,-8,15]]
3385022	r	13130	[[-937,-35,0,-3,5,-7,-1,10,2,3,9,-13,15,11,-1,4,2,3,-1,1,-2,-5,-2,1,3,4,-3,-2,0,3,-3,-2,0,4,-2,-4,-1,3,-1,-1,1,4,-2,-4,-1,1,0,3,-2,-3,0,4,-1,-2,-1,2,0,-2,0,4,-3,-4,0,2,-2,-1,-1,-5,2,2,-8,-7,0,-3],[-901,-27,1,-1,2,2,-1,1]]
3462916	r	10374	[[-992,-397,3,-9,5,-2,6,-1,10,8,-3,11,-5,2,-2,1,-12,-6]]
3449099	r	14118	[[-1102,-604,7,-15,24,5,1,2,-1,5,-8,5,2,2,-7,1,-8,6,-7,-4]]
3470324	r	3120	[[-960,-414,3,-5,9,-6,2,1,0,8,-11,5]]
3394605	r	65816	[[-1099,2,2,-2,-1,-6,4,-6,2,-6,-2,-4,0,-3,2,0,-1,-4,6,-3,-1,-6,-3,-3,19,-24,23,33,0,1,-5,-1,5,3,0,4,-29,40,-5,0,-2,-25,-2,1,-2,11,-4,1,-4,4]]
3445746	r	6260	[[-1033,-520,3,-11,16,2,-1,11,-7,3]]
3453078	r	3432	[[-864,-412,13,1,0,6,-6,4,-6,-2]]
3456944	r	161	[[-935,-482,1,-1,4,2,-2,-1,0,2]]
6318263	r	12891	[[-929,-67,7,-14,-3,-5,2,-5,-2,-1,1,-3,4,-2,2,6,1,0,3,-5,5,1,5,13,-3,3,-2,-3,-3,2,0,2,2,1,-16,14]]
3446847	r	3407	[[-1019,-596,3,1,-1,-1,6,-4,3,6,1,6,-6,3,-1,-2,-3,1,-2,-1]]
3398570	r	3601	[[-717,-137,6,-6,8,8,-3,4,-5,1,-4,-2]]
3663503	r	153345	[[-1262,-116,9,-8,-4,-5,7,1,7,4,5,-2,2,3,1,-1,-2,-2,1,-2,2,0,-1,-1,2,-5,-4,-5,0,-2,-4,-3,4,-2,1,-3,-2,-2,2,-3,-5,-6,3,-4,-2,-10,2,-3,4,4,4,0,1,9,-1,3,2,1,3,-5,3,0,-1,5,-4,2,1,4,0,5,23,-21,14,-2,13,12,10,13,-5,1,1,5,-2,0,-5,7,0,6,-1,2,2,4,-1,12,-9,9,-8,4,-39,9],[-1170,-135,6,-8,2,7,-2,8]]
3446753	r	1061	[[-977,-429,5,-4,0,3,3,-1,3,4,-9,1]]
3465329	r	1280	[[-729,-200,2,-3,1,-5,6,8,-8,2]]
3472248	r	7134	[[-1034,-426,7,-3,7,4,4,8,-4,6,-7,4]]
3472254	r	2131	[[-935,-444,7,-4,2,1,2,8,-9,0]]
3385538	r	5859	[[-885,-75,5,-2,1,-3,4,1,7,17,-2,2,-10,-1,-2,-10,-1,0]]
3407980	r	37102	[[-1108,31,0,-59,6,-4,-1,-11,8,2,5,-1,3,10,-6,3,1,4,-2,0,0,3,2,4,-2,6,-5,7,2,5,-2,2,1,4,2,1,3,-4,4,-1,2,-11,2,-1,3,30,-10,17,-2,0,-4,-27,-2,0,-1,10,-3,2,-1,5]]
3446077	r	2251	[[-916,-420,2,-11,7,1,2,3,-1,3]]
3453546	r	7773	[[-908,-347,3,-6,6,-3,7,3,3,6,-3,7,-7,2,-6,-2]]
3458147	n	1921	[[-1001,-522,2,-4,3,-1,4,2,1,3,-2,3,-3,1,-4,-1]]
3396277	r	1360	[[-713,-160,4,-1,2,1,-1,10,-3,0]]
3403127	r	10633	[[-950,-43,2,-2,0,-5,4,-2,1,2,-1,6,18,-7,4,6,-9,13,-2,-3,1,-10,-5,7,1,6,0,1,-2,-1,0,3,-6,-1,-2,-2,-2,-10]]
3452775	r	2386	[[-956,-433,3,-7,5,3,5,0,-5,7,-5,0]]
3408337	r	9655	[[-749,-115,2,-4,14,-3,6,6,0,7,-3,6,-6,2,-5,-5,-2,0,0,-4]]
3449176	r	12045	[[-911,-319,3,-9,9,-4,9,1,6,9,-6,7,-2,1,-4,-2,-4,5,-4,0,-1,3,-5,-5]]
3393264	r	4240	[[-720,-174,0,-1,8,-7,5,2,3,5,-6,6,-6,-1]]
6318182	r	8567	[[-1247,-236,3,-7,7,-4,7,2,4,6,-5,6,0,1,-8,5,-5,-2]]
3451704	r	7440	[[-967,-490,3,-6,6,-3,11,6,-2,9,-7,3,-8,-2]]
3467512	r	12187	[[-1068,-639,4,-4,12,10,0,3,2,3,4,-1,3,2,-3,5,1,3,-3,0,-3,4,-16,-2],[-1050,-629,2,-1,1,3]]
3386177	r	2046	[[-790,-65,3,-5,0,-2,1,1,4,-3,3,5,-8,6,-3,-1]]
3664078	r	82519	[[-1302,-142,30,-19,1,1,-1,-1,21,-13,8,0,1,-2,4,-1,-2,3,2,10,-3,4,5,6,-2,3,2,2,-1,3,-4,2,4,3,0,2,4,5,-2,5,1,1,-2,0,-1,2,2,1,-1,2,-2,-2,-5,1,-7,-4,-7,-1,4,5,-9,8,-23,-1,-10,-10],[-1235,-174,9,0,5,10,2,8,-7,7,0,-5,-1,-4,4,-2,1,-4,-3,-1,-3,5,-2,-1,1,-3,-1,-9,-4,0]]
3456368	r	17364	[[-1100,-461,1,-6,4,-5,6,-4,6,0,15,16,-4,8,-9,5,-19,-12]]
12959044	r	15073	[[-940,-88,3,0,-2,-6,6,-9,14,3,5,4,-3,5,-1,0,-2,-6,-4,2,-1,3,2,1,-2,5,3,5,-6,12,-3,0,-8,-5]]
3445126	r	4473	[[-1032,-540,2,-6,6,-2,7,1,3,5,-10,5,-2,0,1,1,-4,2]]
3455923	r	2368	[[-984,-408,2,-10,7,-1,2,3,-4,3,-1,4]]
3448640	r	1310	[[-944,-435,2,-2,7,2,2,4,-3,2]]
3467452	r	6646	[[-1015,-518,1,-12,8,-7,6,3,-3,20]]
3398706	r	4433	[[-828,-67,3,-3,2,4,5,-4,1,2,3,-2,6,5,-2,5,0,-1,-8,1,-4,-2,0,2,-4,-1,-1,-2,2,-1]]
3460242	r	7127	[[-811,-270,9,-3,5,0,1,-2,6,-2,1,1,-2,9,-6,7,-9,-2,-4,-4]]
3405616	r	7840	[[-805,-94,1,-15,2,-1,1,2,0,-3,4,-2,5,1,1,4,-2,0,2,6,-2,1,3,0,1,5,-11,6]]
3408343	r	6720	[[-798,-130,15,7,5,9,-14,2,-5,-1]]
3469516	r	4651	[[-915,-391,10,-10,8,14,-5,2,-5,0,-5,-2]]
3467796	r	3467	[[-915,-418,0,-2,9,-4,9,7,0,2,-8,2,-9,-3]]
3451383	r	6795	[[-780,-220,2,-4,8,-2,9,13,-4,5,-6,1]]
3405924	r	1943	[[-767,-90,3,-2,10,2,-9,8,-1,-5]]
3459251	r	4019	[[-920,-400,3,-6,10,2,3,2,-9,10,-5,-3]]
3470821	r	42272	[[-887,-222,12,-20,7,-1,15,3,7,36,-12,6,-8,0,-6,-2,-6,-3,-5,-5,-3,-6]]
3457772	r	4576	[[-1089,-498,7,-3,3,7,-2,-1,0,2,3,1,-1,2,3,0,2,6,-6,2,-7,-1,2,-4]]
3404766	r	7169	[[-755,-172,2,-6,4,-5,5,-1,4,0,4,10,-5,3,1,1,-3,2,-2,-1,-7,4]]
3463668	r	2711	[[-930,-454,4,-8,3,1,4,4,-1,4,-5,3,-4,0]]
3452779	r	595	[[-953,-462,2,-6,3,1,0,5]]
3460954	r	929	[[-882,-406,5,-2,7,7,-7,-1,0,-2,-3,0]]
3397851	r	9496	[[-1010,-104,0,-2,9,-3,4,1,7,-1,2,1,1,5,2,-2,2,1,3,7,-5,0,0,1,-3,2,-2,-2,-16,-1,0,-2,-4,0],[-981,-101,1,-1,5,4,-3,0]]
3452711	r	17285	[[-985,-218,23,-14,6,4,4,4,2,6,0,6,-14,3,1,0,-1,1,-3,0,-1,4,1,3,-5,0,-2,-3,2,-2]]
3397941	n	1414	[[-796,-74,1,-3,3,-1,3,1,2,3,-1,2,-6,-1,-2,1]]
3401109	r	5533	[[-765,-187,1,-1,4,-2,-2,-2,1,-5,6,1,4,6,-1,7,-6,4,-5,0,1,-6]]
6318184	r	12969	[[-980,-88,1,-10,2,4,3,-1,0,-3,8,-13,8,6,2,7,-5,2,5,4,-7,8,-2,0,-3,4,-4,-3,-2,1,-1,-3]]
3446232	n	906	[[-1008,-600,4,-4,3,7,-4,1]]
3461370	r	1203	[[-978,-565,3,-4,2,4,1,6,-6,0]]
3467684	r	1709	[[-920,-452,1,-5,5,-1,6,5,-7,3]]
3479329	r	7686	[[-988,-204,3,-7,5,-3,4,2,1,4,3,2,-2,2,2,3,0,7,-5,1,-6,-1,-4,-4]]
3393768	r	28565	[[-1125,-15,4,-4,1,-7,6,-1,1,-9,-2,-1,1,0,-4,-3,3,0,3,-3,4,0,5,-2,2,0,-2,2,1,11,-6,4,0,59,-1,1,0,4,-3,2,2,3,-2,2,-2,5,-4,0,-1,-4,3,-6,-1,-5,5,-5,0,-4,-3,-2,0,-5,-4,-3,1,-7,-4,1,-1,-2,3,-11,-1,-3,-3,-3]]
3449467	r	2368	[[-793,-250,2,-4,2,0,8,5,-2,4,-3,1,2,-1,-2,4,-3,-3,0,-3,-1,0]]
3461194	r	4188	[[-999,-327,1,-3,11,0,3,2,-1,8,-4,1,-5,-1,-4,-3]]
3461763	r	2816	[[-940,-424,3,-4,1,1,0,-2,3,-2,6,2,1,4,-2,4,-6,1]]
3468317	r	8563	[[-858,-273,4,-7,-2,-1,4,-2,0,-3,2,-2,5,-9,1,1,5,27]]
3662342	r	236371	[[-1401,-2,2,-4,7,-4,-1,-5,5,-9,-1,-7,39,-25,79,54,-2,18,-8,19,-1,-3,-5,-5,-1,3,-7,-5,-2,0,-6,-2,-1,-5,-3,0,-4,-5,-1,2,2,3,-2,2,-3,-1,-8,-4,-3,0,-12,9,-4,0,0,10,-7,9,-10,-8,-5,5,-2,-3,2,-2,-27,1,-6,-2,0,-13,11,0,3,-4,0,-4,-3,-1,-4,3,-11,-3]]
3455459	r	7261	[[-1048,-530,8,-7,7,0,3,6,-3,12,-7,3,-2,0]]
3444848	r	2951	[[-1056,-535,10,-8,6,6,-8,7,-6,-2]]
3446500	r	516	[[-977,-547,6,-1,-1,3,2,1,-5,1]]
6318194	r	25177	[[-1118,-85,2,-1,2,1,2,-2,-2,-3,8,-4,7,2,2,4,2,-1,1,3,3,-2,1,3,5,-1,1,3,4,-2,3,1,3,2,0,3,-5,12,-33,2,3,-18,-2,0,0,3]]
3385122	r	6255	[[-911,-63,15,-11,3,11,-2,-2,-1,1,4,3,-2,1,1,3,-17,-1]]
3456735	r	7824	[[-995,-355,1,-5,17,-2,1,6,-3,4,2,1,0,6,-16,-2]]
3404862	r	2092	[[-736,-157,5,-7,1,1,3,-2,2,2,1,-3,2,2,-2,3,2,2,-7,1,1,-2,-6,6]]
3388046	r	2373	[[-711,-143,1,-5,2,-1,6,2,-1,12]]
3458632	r	3929	[[-860,-432,1,-4,3,-3,11,2,2,4,-6,6,-3,-2,-4,1,-2,-2,1,-1]]
3446400	r	6148	[[-771,-227,2,-4,11,-4,2,0,2,11,-8,9]]
3385088	r	3294	[[-973,-17,0,-2,2,1,0,4,1,-1,2,7,-4,-4],[-966,-19,2,-1,-2,-1,6,-2,8,5,-1,4,-2,-1,0,2,-1,2,0,-3,-3,-2,-2,3,-2,-2,0,-3,-1,2],[-960,-14,1,-1,1,2],[-955,-12,2,-2,-1,3]]
3456873	r	830	[[-975,-426,6,-1,1,5,-6,0]]
3925040	r	17815	[[-1270,-219,4,-6,7,-5,22,25,-3,5,1,1,2,-1,1,6,5,-1,-8,7,-10,-10,-4,-8,-3,2],[-1231,-196,0,-2,2,1]]
3456110	r	8683	[[-821,-374,2,-6,10,-3,6,3,0,4,-1,-2,-4,1,2,5,3,2,1,7,-7,1,-6,-2,-4,-4]]
3458237	r	13721	[[-865,-252,3,-9,4,-2,0,-3,-2,-1,2,-5,16,4,2,9,-2,5,-3,5,-5,2,-6,0,-5,-1]]
3467197	r	924	[[-957,-460,4,-2,5,0,-1,5]]
3571824	n	193	[[-1549,500,1,0,0,1,-1,0]]
3571971	n	619	[[-1580,534,5,-4,8,2,-1,2,-4,1,1,-1,-3,-3]]
1252416	r	2690	[[1786,549,1,-3,4,-2,4,0,3,2,-6,9,-4,-2]]
1252484	n	1185	[[1783,537,4,0,5,-2,1,2,-2,3,-3,2,-4,-2]]
1252608	n	1921	[[1797,540,2,-3,3,-1,4,2,1,2,-1,4,-4,1,-3,-1]]
1252479	n	1622	[[1793,554,4,-7,3,1,2,2,0,4,-2,2,-4,0]]
933773	r	2177	[[512,-497,4,-5,1,7,7,2,-6,5,-2,0,-4,-4]]
933778	r	3574	[[543,-423,2,-5,4,-2,5,1,3,4,-4,3,1,4,-3,1,-5,-2]]
933366	n	1960	[[464,-400,1,-3,3,-1,4,1,1,3,-1,4,-4,1,-3,-1]]
933305	n	1921	[[505,-488,2,-3,3,-2,3,1,2,4,-2,3,-3,1,-3,-1]]
933088	n	1932	[[529,-448,2,-3,3,-1,4,1,1,3,-1,3,-4,2,-3,-2]]
933182	n	1932	[[538,-451,1,-3,3,-2,4,2,1,3,-1,3,-4,2,-3,-2]]
933340	n	1721	[[518,-488,6,-5,4,4,-1,3,-4,2,-3,-1]]
933685	n	1960	[[502,-499,1,-4,4,-1,3,1,2,4,-2,3,-3,1,-4,-1]]
933759	n	1960	[[428,-434,2,-3,3,-2,3,2,2,3,-2,3,-3,2,-3,-2]]
8308627	r	4138	[[487,-492,3,-5,5,-2,5,2,2,5,-2,5,-5,2,-5,-2]]
625144	r	6333	[[534,1076,3,-4,4,-3,20,0,4,2,-12,17]]
627907	r	4335	[[612,1054,4,-13,10,1,6,5,-1,5,-5,3,-7,1]]
627904	r	2777	[[470,1078,5,-11,8,1,4,4,-1,4,-4,3]]
620127	r	5094	[[591,1104,3,-5,8,-2,10,1,5,6,-4,5,-9,2,-9,-2]]
625665	r	4417	[[595,1078,4,-5,8,-2,8,2,3,5,-1,4,-4,2,-11,0,-5,-2]]
629634	r	2482	[[465,1045,8,-3,-1,-6,6,0,5,2,-4,10,-9,0]]
630468	r	3619	[[574,1063,3,-4,7,-2,6,1,4,5,-3,4,-7,2,-7,-2]]
630429	r	3398	[[510,1063,3,-5,7,-1,7,1,3,5,-3,4,-7,2,-7,-2]]
630376	r	4162	[[557,1082,5,-5,6,0,10,4,2,4,-4,4,-8,1,-6,-2]]
623549	r	2980	[[512,1042,3,-4,10,-1,4,2,2,3,-3,4,-7,2,-6,-2]]
625324	r	3252	[[575,1041,3,-4,6,-2,7,2,3,4,-3,4,-7,2,-6,-2]]
626081	r	3523	[[496,1078,3,-5,7,-1,7,1,3,5,-3,4,-7,2,-7,-2]]
624079	r	3142	[[598,1090,3,-4,7,-2,7,2,3,4,-3,4,-7,2,-7,-2]]
622428	r	2714	[[541,1056,3,-5,7,-1,7,1,3,5,-1,2,-19,0]]
624784	r	2277	[[561,1111,3,-4,7,-3,6,12,-11,0,-4,-2]]
625625	r	2997	[[527,1086,3,-4,7,-1,7,1,3,4,-3,4,-7,2,-7,-2]]
623317	r	2091	[[571,1105,11,0,4,3,0,3,-3,3,-6,2]]
618806	r	2475	[[591,1058,13,-5,4,2,2,3,-3,4,-7,1,-6,-1]]
622794	r	2447	[[599,1047,2,-3,4,-2,6,0,4,2,-3,8,-1,0,-7,0]]
621074	r	2436	[[586,1053,2,-4,7,-2,3,0,6,6,-13,5,-4,-2]]
621741	r	2337	[[541,1060,1,-2,17,0,1,2,-3,4,-6,2,-7,-2]]
627145	r	2604	[[479,1047,3,-7,2,-1,8,1,4,3,-1,4,-5,2,-6,0]]
3582677	r	1602	[[-1771,350,3,-5,2,-1,1,6,2,0,-3,2,2,3,-4,0]]
3581194	r	1572	[[-1783,338,6,2,-3,9,-3,0]]
3581164	r	836	[[-1766,357,2,-2,2,7,0,5,-1,-1]]
3581514	r	2081	[[-1776,359,3,-2,4,0,3,3,0,4,-5,3]]
3582672	r	2332	[[-1780,348,3,-8,4,0,2,2,1,4,-2,3,-4,1]]
6167865	r	3237	[[-1595,878,3,-5,7,-4,9,3,-5,8,1,5,-7,-6]]
6077243	r	6389	[[-1482,910,4,1,3,3,-4,-5,5,0,-4,-2,5,-2,-1,-2,2,-2,13,-1,1,1,-2,8,-4,1,-1,2,3,7,-2,1,-4,-5,4,5,-1,0,-9,1,-6,-10]]
5913490	r	8285	[[-2296,1021,1,-4,3,-3,10,-2,11,2,3,3,1,4,0,1,-5,1,1,3,-2,4,-8,2,-7,-2,-2,-3,0,-3,-5,1]]
6094817	r	14475	[[-1533,908,1,-5,3,-4,14,-5,6,1,11,5,3,7,-1,2,-4,0,-1,4,-3,4,-9,3,-10,-3,-4,-4,-1,-4]]
5946768	r	5629	[[-2283,1073,2,-4,5,-2,-3,-3,7,-2,2,3,10,1,4,4,-2,4,-7,3,0,1,-1,-1,-6,1,-5,0,-4,-2]]
6183235	r	6127	[[-1955,998,3,-6,9,-2,9,2,3,6,-3,5,-9,3,-9,-3]]
6075357	r	1524	[[-1603,871,1,-3,4,2,7,-5,6,4,-6,3,-2,3,-4,-4,-5,2]]
6173331	r	1199	[[-2466,987,7,0,2,4,-8,0],[-2465,985,2,-1,-1,0,1,-2,6,3,-1,2,-1,-1]]
5907364	r	3635	[[-1612,878,9,-3,4,-5,6,5,1,-1,-5,9,-8,2,-5,-3]]
5969782	r	2151	[[-1605,867,9,-10,4,5,1,3,-7,5]]
6159905	r	2994	[[-2463,981,1,-1,4,2,-1,-2,10,0,0,3,4,3,1,5,-13,2,0,-8]]
6325494	r	8210	[[-1438,936,1,-2,2,-1,8,2,-10,-2,8,-6,5,-1,10,3,4,7,-1,4,-12,-3,9,6,-10,2,-10,-2],[-1422,938,3,0,3,2]]
6324729	r	2966	[[-1281,896,1,-3,2,1,-1,-4,3,1,0,-2,3,0,3,1,-1,3,2,-1,1,2,2,-1,1,2,1,-1,1,0,-6,6,-4,1,-6,-2]]
6058560	r	5455	[[-1635,860,3,-6,8,-2,6,2,3,7,-6,6,-4,0,-8,-2]]
6174041	r	1739	[[-2478,971,1,-2,2,0,2,-3,2,0,2,3,4,0,-3,5,-3,-3,0,3,-2,1,2,0,-1,2,-5,-2],[-2471,977,1,-3,3,1,-3,3]]
6141256	r	4369	[[-2144,1043,3,-5,8,-2,7,2,4,5,-4,4,-7,2,-8,-2]]
5992996	r	2244	[[-1619,868,4,-5,5,2,3,4,-4,6,-6,-2]]
6182962	r	1883	[[-1663,841,0,-1,4,-1,5,3,2,4,-1,3,-1,1,-8,-4]]
6119109	r	4160	[[-2103,1009,3,-5,8,-2,7,2,3,5,-3,5,-7,2,-8,-2]]
6094578	r	2738	[[-1581,880,5,-8,6,1,3,4,0,2,-10,7,-3,-1]]
5964700	r	18649	[[-1641,930,2,-7,6,-5,9,-2,10,0,7,2,5,20,-10,5,-13,1,-11,-5,-4,-5]]
6137270	r	11901	[[-1438,968,1,-4,4,-4,12,-3,10,3,6,6,-15,3,15,-3,0,2,-1,5,-4,3,-11,4,-12,-4,-4,-3]]
5894171	r	3680	[[-1603,888,2,-4,4,-1,13,3,0,2,-3,5,-6,2,-7,-2]]
5990579	r	5737	[[-2402,998,4,-6,8,-2,9,2,3,6,-3,5,-9,2,-8,-2]]
6169141	r	4516	[[-1462,927,2,-4,0,1,10,3,-9,-5,18,1,1,4,-2,4,-8,-4,8,5,-9,3,-8,-3]]
5967629	r	1008	[[-1611,876,4,-7,5,0,-1,6,-6,2]]
5881791	r	700	[[-2449,980,9,0,-5,6,-4,-3]]
6155721	r	3008	[[-1593,860,1,-4,5,-2,8,4,-4,1,-1,2,3,4,-2,4,-8,-4]]
5992500	r	5796	[[-1540,892,3,-16,2,-1,6,7,12,7,-4,4,-6,2,-6,0]]
5913695	r	469	[[-1610,865,6,0,0,3,2,0,-6,1]]
6146143	r	5448	[[-1446,902,5,-2,9,1,5,4,0,5,-4,4,-7,2,-8,-5]]
6324733	r	2729	[[-1068,951,3,-6,8,-3,5,9,-3,5,-3,-5,-6,-2,1,1,-1,-1,0,2,-1,0,2,1,-2,0,6,8,-7,-4]]
6166142	r	5921	[[-1797,968,3,-6,7,-2,13,5,1,3,-3,5,-9,3,-9,-3]]
6354908	r	1935	[[-1211,923,5,2,-5,-4,1,-2,2,1,-1,-1,1,-1,5,-1,6,2,0,1,-2,1,3,2,-7,2,-1,-2,-2,0,2,2,-2,2]]
5907990	r	1358	[[-1614,863,1,-2,15,-2,-3,4,-3,2,-6,0]]
5989045	r	7057	[[-2420,1013,4,-6,10,-2,9,2,4,6,-4,6,-9,3,-10,-3]]
6053154	r	4080	[[-2266,994,3,-5,7,-2,7,2,3,5,-3,5,-7,2,-7,-2]]
5921356	r	3091	[[-2445,986,5,-6,11,0,1,2,-1,5,-6,4,-9,-1]]
6118158	r	3622	[[-2286,1045,3,-4,7,-2,7,2,3,4,-3,5,-7,2,-7,-2]]
6087892	r	350	[[-1584,861,1,-2,5,-1,-3,4,0,3]]
6087701	r	1524	[[-1597,882,2,-3,4,0,4,0,5,4,-4,3]]
6085772	r	2219	[[-2489,983,1,-3,4,-2,11,0,-4,2,2,1,-1,2,-3,2,-5,0,2,1,-1,0,-4,1]]
6076211	r	3827	[[-1305,922,2,-5,7,-2,5,2,-4,5,5,-5,3,5,-1,2,-3,0,0,3,-3,0,2,1,-4,0,-7,-2]]
6101645	r	3595	[[-1575,886,1,-2,8,-4,6,2,2,4,-2,4,-6,2,-6,-2]]
6113365	r	4993	[[-2467,1078,3,-5,9,-2,9,2,3,5,-3,6,-9,2,-9,-2]]
6141190	r	2652	[[-1650,853,6,0,5,3,1,5,-3,3,-4,3]]
6141439	r	4318	[[-1697,936,2,-3,4,-4,9,2,-1,-2,3,-6,6,6,-1,5,-7,4,-8,1]]
6138517	r	3925	[[-1333,905,1,-3,2,1,1,-1,4,1,-1,1,2,-2,14,5,-5,5,-8,2,-7,-3]]
5964347	r	4241	[[-2388,1103,4,-4,8,-2,8,2,4,4,-4,5,-8,2,-8,-2]]
5955895	r	4471	[[-2240,1135,4,-5,8,-2,9,2,4,5,-4,4,-9,2,-8,-2]]
5964215	r	2488	[[-1460,909,3,-7,6,0,5,4,-1,5,-5,2]]
6071618	r	3801	[[-2223,1001,3,-5,6,-1,7,1,3,5,-3,4,-7,2,-6,-2]]
5957776	r	5201	[[-1344,919,3,-5,8,-2,7,2,3,5,-3,5,-7,2,-8,-2]]
6089125	r	6145	[[-1620,848,5,-2,10,1,11,4,-2,6,-2,1,-7,3,-10,0]]
5942845	r	3631	[[-1460,920,8,-7,6,-2,8,6,-3,6]]
6138501	r	2765	[[-1490,916,3,-5,5,-1,8,11,-4,1,-6,0,-4,-3]]
5897884	r	5866	[[-1558,881,7,-5,9,0,4,3,-1,10,-7,3,-7,-2,-3,-1]]
6089426	r	6810	[[-1602,926,4,-6,9,-2,8,2,4,6,-4,6,-8,3,-9,-3]]
6138374	r	1707	[[-1465,912,1,-2,4,-1,8,4,-7,6,-3,0]]
5920288	r	2012	[[-1271,925,6,-2,2,1,-2,0,1,1,1,-1,4,2,-3,-2,4,-1,-3,-2,3,0,1,-1,3,5,-2,4,-9,-1,-2,2,-3,-2]]
6180550	r	5952	[[-2717,1214,1,-3,4,-2,11,-2,11,2,4,2,1,3,-1,3,-4,3,-11,2,-11,-2,-4,-3]]
6185377	r	4025	[[-2301,1249,4,-5,10,-1,9,1,5,5,-5,5,-9,1,-10,-1]]
7304591	r	64	[[1936,-244,1,0,0,2]]
2314302	r	17995	[[284,-87,5,-2,-1,3],[299,-93,14,-5,2,-3,2,0,0,2,13,-4,5,11,-5,9,-9,11,-3,-7,-7,-2,-2,-3,-5,-2]]
922704	r	13419	[[523,-238,11,-2,3,1,2,2,1,5,4,1,1,-5,3,-2,2,-6,3,-2,3,7,0,2,2,2,8,0,4,-4,-2,8,2,12,-3,-2,1,-1,-4,-6,-3,3,-1,-1,-6,0,-3,2,-6,-5,-2,4]]
209228	r	9816	[[455,-129,3,-4,4,0,1,4,1,-3,3,1,2,0,0,-1,2,0,1,2,6,4,0,6,-4,4,-7,-2,-2,6,-2,0,-2,-1]]
212730	n	7649	[[495,9,4,-6,7,-1,5,3,2,7,-4,6,-7,1,-4,-2]]
214481	n	7842	[[439,-118,3,-6,6,-3,7,3,2,6,-2,6,-7,3,-6,-3]]
217831	r	2425	[[571,-50,3,-5,6,0,-2,2,-1,5,4,3,-3,1,-4,0,-2,-2]]
922773	r	4347	[[503,-214,2,-5,4,-2,5,2,2,5,-2,5,-5,2,-4,-2]]
922741	n	2828	[[527,-217,2,-4,4,-3,4,0,2,3,0,4,-6,4,-2,0]]
204953	n	1961	[[411,-128,2,-4,3,-1,3,1,2,4,-2,3,-3,1,-3,-1]]
2314705	r	3866	[[370,-101,2,-4,4,-2,5,2,2,4,-2,4,-4,3,-6,-3]]
2312895	n	2846	[[359,0,1,-3,3,-2,4,0,2,2,-8,7],[361,3,7,-5,1,1,0,3,-2,3,-3,0]]
2313002	r	1869	[[265,-111,0,-1,5,-2,-2,-3,9,0,1,3,-3,3,-3,0,-2,-1,-1,2]]
204405	r	14632	[[564,-68,2,-8,6,-7,7,-3,9,0,-4,8,1,17,-5,6,-3,0,0,-5,-12,-4]]
217695	r	3523	[[599,31,2,-4,4,-2,4,2,2,4,-2,4,-4,2,-4,-2]]
2316702	r	4086	[[252,-115,2,-4,-1,-1,8,3,6,-1,3,4,-5,2,0,4,-12,-1,1,-6]]
8461573	n	1960	[[453,-196,1,-4,3,-1,4,1,1,4,-1,3,-4,1,-3,-1]]
217562	r	3421	[[579,3,2,-5,5,-2,4,2,2,5,-7,4,-4,1]]
215771	n	1960	[[548,55,1,-3,3,-1,4,1,1,3,-1,4,-4,1,-3,-1]]
212902	r	81430	[[487,-31,14,-55,19,10,1,1,-3,8,2,-1,1,-5,2,0,0,-2,26,13,-5,29,-22,11,-33,-7]]
215527	r	56822	[[460,-136,4,-3,3,3,4,0,2,-3,4,-1,1,-2,0,-4,-4,-2,-9,6,0,-7,-2,-9,3,-2,6,1,2,-1,0,2,2,-1,3,1,0,14,4,3,0,3,5,-4,2,0,1,2,4,2,18,-5,2,3,-1,15,3,1,5,-2,3,1,-3,8,2,1,-2,2,1,3,-1,4,4,7,-19,0,-6,8,-20,-18,0,-6,-2,0,2,-5,-1,-5,2,-1,-6,-1,-1,-5,3,2,4,-1,2,-3,-2,-3,-5,-1,-3,4,-2,-1,-3,3,0,2,-5,-1,-1,3]]
216449	n	1960	[[474,-135,2,-3,3,-2,3,2,2,3,-2,3,-3,2,-3,-2]]
2317397	n	1960	[[343,-66,1,-4,4,-1,3,1,1,4,-1,3,-3,1,-4,-1]]
214614	n	1960	[[495,-175,2,-3,3,-1,3,1,2,3,-2,4,-3,1,-3,-1]]
2315728	n	1960	[[391,65,1,-3,3,-1,4,1,1,3,-1,3,-4,2,-3,-2]]
207570	n	1725	[[464,-140,2,-4,4,-1,3,6,-2,3,-3,0,-2,-1]]
214974	r	4543	[[577,-119,2,-5,6,-2,5,3,1,5,-3,5,-5,1,-4,-2]]
217745	n	1960	[[445,44,1,-3,3,-2,4,2,1,3,-1,3,-4,1,-3,-1]]
2312888	r	9762	[[282,-93,4,-6,-3,0,4,-4,3,-11,3,0,-1,-4,16,1,-4,6,1,3,-1,2,-3,-1,-4,6,3,3,-1,2,-2,1,-4,-3,-3,1,-2,-1,-1,7,2,1,-2,1]]
219057	r	2181	[[585,7,9,-4,4,7,-11,3,1,-2]]
2312393	r	1757	[[244,-115,4,-5,1,0,0,-1,5,1,-2,5,2,0,-1,6,-2,1,0,-7]]
211734	r	37601	[[395,38,22,2,2,-1,-4,-18,26,-7,-2,54,-15,-4,-1,-6,-8,7,-1,-6,4,-7,-2,-4,-2,1,0,-4,-5,-2,-4,5,-3,-1,-4,-8]]
215976	n	1960	[[407,-87,2,-3,3,-1,3,1,1,3,-1,4,-3,1,-3,-1]]
922083	n	1591	[[453,-219,1,-3,5,0,3,0,1,3,-2,3,-3,1,-3,-1]]
2315419	n	1589	[[297,-101,4,-6,4,2,0,4,-2,2,-3,1]]
217834	r	32921	[[500,-196,16,-4,35,11,-17,14,2,2,-1,3,-4,0,-1,2,7,6,-5,-1,-5,3,-2,-3,-3,0,-3,3,-3,-6,-3,-1,1,-2,-2,-4,-2,0,0,-3]]
220075	n	1960	[[543,83,2,-4,3,-1,3,1,1,4,-1,3,-3,1,-3,-1]]
218855	n	1960	[[406,47,1,-3,3,-1,3,1,1,3,-1,4,-3,1,-3,-1]]
211647	n	1960	[[468,-70,1,-4,3,-1,3,1,2,4,-2,3,-3,1,-3,-1]]
208182	n	1960	[[535,-157,2,-3,3,-1,3,1,2,3,-2,4,-3,1,-3,-1]]
2315579	n	1960	[[387,-99,2,-4,3,-1,3,1,1,4,-1,3,-3,1,-3,-1]]
212360	n	1960	[[535,-108,2,-3,3,-1,3,1,2,3,-2,4,-3,1,-3,-1]]
206047	r	3807	[[579,-21,2,-1,0,-4,4,-3,4,-1,3,2,0,10,1,0,1,9,-3,-3,-8,-2,-4,-3,2,-3]]
209598	n	1960	[[543,-146,2,-3,3,-2,3,2,2,3,-2,3,-3,2,-3,-2]]
220121	n	1961	[[545,4,1,-4,4,-1,3,1,1,4,-1,3,-3,1,-4,-1]]
213940	r	42966	[[502,-89,1,-5,4,-6,19,0,-2,-2,7,2,8,0,-1,2,16,6,6,9,-6,15,-5,6,-26,-13,0,2,-2,0,-1,5,-2,1,3,-8,-1,-1,-18,-10]]
2316259	n	1960	[[367,-91,2,-3,3,-1,3,1,2,3,-2,3,-3,2,-3,-2]]
207596	n	1960	[[427,-97,1,-3,3,-2,3,2,2,3,-2,3,-3,2,-3,-2]]
215668	n	1960	[[534,-121,1,-3,3,-2,3,2,2,3,-2,3,-3,2,-3,-2]]
209000	n	1961	[[590,-142,2,-3,3,-1,3,1,1,3,-1,4,-3,1,-3,-1]]
217570	n	1960	[[490,56,1,-3,4,-2,3,2,1,3,-1,3,-3,1,-4,-1]]
214390	r	26183	[[462,-169,12,-7,6,0,-1,4,3,3,5,-1,1,5,24,17,1,5,-17,4,-8,-3,-5,4,0,-3,-4,-3,0,-14,-3,-1,-2,1,0,-2,-5,1]]
2314523	n	1231	[[284,-111,2,-4,5,0,-3,8,-3,-1]]
216281	r	2215	[[578,-33,1,-5,4,-2,0,4,4,6,2,0,-8,3]]
219414	n	1960	[[468,25,1,-3,3,-2,4,2,1,3,-1,3,-4,1,-3,-1]]
8329635	n	1370	[[587,16,2,-4,5,-1,1,4,-2,3,-3,0]]
216404	n	1589	[[415,86,2,-4,3,-1,3,1,2,4,-8,3]]
214925	n	1960	[[560,-110,1,-3,3,-1,4,1,1,3,-1,3,-4,2,-3,-2]]
2315417	n	1960	[[361,-39,2,-3,3,-1,3,1,1,3,-1,4,-3,1,-3,-1]]
9946557	n	1953	[[600,-152,1,-3,3,-1,3,1,2,3,-2,4,-3,1,-3,-1]]
2311127	r	7886	[[249,-102,2,-1,0,-5,2,-1,12,1,8,7,0,4,-1,2,-4,-3,-6,6,0,-2,-5,-1,-3,-4]]
2313084	n	1855	[[386,-80,1,-4,4,-1,2,1,2,5,-2,2,-3,1,-3,-1]]
206847	n	1960	[[556,-119,1,-3,3,-2,4,2,1,3,-1,3,-4,1,-3,-1]]
2311968	n	1960	[[349,-54,2,-4,3,-1,3,1,1,4,-1,3,-3,1,-3,-1]]
203717	n	1960	[[484,15,2,-3,3,-1,3,1,1,3,-1,4,-3,1,-3,-1]]
220448	r	3147	[[470,55,2,-4,4,-2,4,2,1,4,-1,4,-4,2,-4,-2]]
2312249	n	1960	[[334,-60,1,-4,3,-1,4,1,1,4,-1,3,-4,1,-3,-1]]
2313874	n	1960	[[359,-55,1,-3,3,-1,3,1,1,3,-1,4,-3,1,-3,-1]]
2316091	n	1855	[[393,-84,2,-3,4,-1,2,3,1,3,-3,3,-3,0]]
11905965	n	1238	[[582,12,1,-3,2,-1,3,3,-1,2,2,-1,-3,5,-3,-2]]
210399	n	1725	[[470,-145,2,-2,3,-1,3,3,0,3,-1,3,-4,0]]
212760	n	1488	[[581,-22,1,-3,3,-1,5,7,-6,2]]
213576	n	1554	[[579,-12,2,-4,3,3,3,0,0,-1,1,2,-1,3,-4,1,-3,-1]]
218680	n	1961	[[413,-6,1,-3,4,-1,3,1,1,3,-1,4,-3,1,-4,-1]]
923186	n	1877	[[522,-212,1,-4,3,-1,5,5,-1,3,-4,1,-3,-1]]
210379	n	1960	[[464,-99,2,-4,3,-1,3,1,1,4,-1,3,-3,1,-3,-1]]
2389853	r	2897	[[364,85,2,-4,5,0,1,2,-4,5,5,-6,-2,4,4,2,0,3,-3,2,-3,0]]
2387495	r	2377	[[313,99,1,-4,4,-1,3,1,2,4,-2,3,-3,2,-4,-2]]
2389086	n	1960	[[311,85,2,-3,3,-1,3,1,1,3,-1,3,-3,2,-3,-2]]
240604	n	1960	[[409,115,1,-3,4,-1,3,1,1,3,-1,4,-3,1,-4,-1]]
2387926	n	1960	[[307,119,2,-4,3,-1,3,1,2,4,-2,3,-3,1,-3,-1]]
2388036	n	1960	[[344,130,2,-3,3,-2,3,2,2,3,-2,3,-3,1,-3,-1]]
2386012	n	1960	[[379,140,2,-3,3,-2,3,2,1,3,-1,3,-3,1,-3,-1]]
240498	n	1158	[[452,95,2,-4,4,5,3,-1,-1,3,-4,1,-3,-1]]
2383523	n	1960	[[324,145,2,-3,3,-2,3,2,1,3,-1,3,-3,1,-3,-1]]
239899	n	1960	[[435,131,2,-3,3,-2,3,2,1,3,-1,3,-3,1,-3,-1]]
2383119	n	1961	[[377,114,1,-3,3,-1,4,1,1,3,-1,4,-4,1,-3,-1]]
2383827	n	1960	[[317,70,1,-3,3,-1,3,1,2,3,-2,4,-3,1,-3,-1]]
237379	n	1960	[[408,168,2,-3,3,-1,3,1,2,3,-2,3,-3,2,-3,-2]]
2389691	n	1960	[[361,146,1,-3,4,-2,3,2,1,3,-1,3,-3,2,-4,-2]]
2384770	n	1961	[[355,77,2,-3,3,-1,3,1,1,3,-1,4,-3,1,-3,-1]]
2387546	n	1961	[[323,126,1,-3,4,-1,3,1,1,3,-1,4,-3,1,-4,-1]]
2260535	r	3396	[[298,-85,2,-6,12,11,-4,2,-5,0,-4,-3]]
2255414	n	3135	[[232,-88,4,-4,0,-4,4,-4,4,5,2,-1,-1,5,-4,3,-4,1]]
2258261	n	1933	[[249,-84,1,-3,3,-2,4,2,1,3,-1,3,-4,2,-3,-2]]
8521334	r	5717	[[259,-78,1,-13,6,-2,7,3,2,5,-1,5,-4,1,-1,-2,-2,2]]
2259655	r	47749	[[341,71,0,-61,11,-12,-1,-12,3,3,0,8,5,11,-2,12,4,11,0,12,11,20,1,6,-4,4,-4,-2,-1,-1,-2,1,-5,0,-1,1,-7,2]]
2255564	n	1696	[[317,32,1,-3,3,-1,3,1,1,3,-2,4,0,-2,-2,-1,-2,3]]
2255542	r	43931	[[297,-10,1,-8,5,-7,7,-4,8,-2,8,2,7,4,5,7,1,8,-2,10,-5,7,-8,4,-9,1,-8,-3,-5,-4,-4,-6]]
2255285	r	22978	[[249,-64,12,-15,6,0,2,-2,1,2,16,-2,1,12,-12,14,-7,2,-8,-1,-6,-4]]
2260401	r	48106	[[270,-48,19,-24,35,11,1,8,-1,9,2,3,-38,21,2,-8,-1,-3,-2,-1,2,-2,-1,-4,-3,-1,-2,-5,2,-3,-3,-3,-5,0,1,3,-3,5]]
2657896	r	2192	[[165,945,5,-4,9,4,0,1,-4,6,-9,-1]]
2660646	r	482	[[119,924,0,-1,4,0,3,2,-2,1,3,2,-6,1,2,-2,-1,-2]]
2661604	r	603	[[145,948,10,0,3,4,-6,0,-4,-3]]
2659994	r	2352	[[124,930,3,-2,9,0,0,-3,6,5,-6,5,-5,2,-7,-4]]
2661552	r	1751	[[144,939,7,-7,7,5,0,3,-9,2]]
2659811	r	1918	[[158,940,2,-4,8,-1,2,6,-5,4,-7,-2]]
2658822	n	2022	[[178,946,5,-3,5,0,5,6,-7,4]]
2659836	r	531	[[171,923,6,-2,-2,-1,2,-1,1,-2,3,1,-1,1,1,3]]
2661513	r	1138	[[138,945,6,-6,5,3,-4,6,-5,-1]]
2661567	r	2012	[[171,924,10,-2,3,3,1,5,-9,0,-4,-3]]
2660718	r	1485	[[136,935,6,-4,5,1,3,2,-6,5]]
2658761	r	494	[[165,952,4,-1,8,3,-6,2,-3,-3,4,0,-1,-1]]
2661169	r	3643	[[181,937,3,-5,7,-2,6,2,3,5,-3,3,-7,1,0,2,-7,-2]]
2658576	n	1960	[[141,925,2,-4,4,-1,5,1,2,4,-2,3,-5,1,-4,-1]]
2659496	r	1447	[[130,939,1,-3,5,-1,8,4,-6,6]]
2660727	r	763	[[175,952,4,-6,6,7,-8,1]]
2661881	r	1605	[[155,948,3,-5,8,3,0,5,-1,1,-7,0]]
2658564	r	1255	[[146,948,3,-6,7,-1,2,2,-3,5]]
2658665	r	2162	[[168,935,6,-1,5,1,2,3,1,4,-3,3,-9,-4]]
2293538	r	4130	[[-86,106,2,-2,4,1,12,-2,-3,7,-3,1,-2,-4,3,7,-5,0,-7,-2]]
2290956	r	6074	[[-109,154,2,-6,6,-3,7,3,2,6,-2,5,-15,-2]]
2286304	r	3038	[[-118,189,1,-3,3,-2,4,0,3,3,-2,7,-2,1,-5,-1]]
2290486	r	2611	[[-135,138,1,-3,8,-3,2,2,-2,9,-7,-1]]
2282006	r	3441	[[-142,95,1,-4,3,2,14,5,-2,3,-12,1,-3,-3]]
2288829	r	4901	[[-127,123,4,-9,3,-1,4,1,4,8,-3,5,-9,1]]
2279755	r	3204	[[-112,134,7,-3,6,8,-4,4,-5,0]]
2281606	r	2725	[[-125,132,1,-4,9,-1,3,6,-5,3]]
2284647	r	5135	[[-158,151,2,-8,2,-2,8,1,2,3,0,6,-4,4,-6,0]]
2291136	r	2333	[[-62,161,1,-4,4,-2,1,4,4,2,0,2,1,1,-3,2,-3,0,-4,-2]]
2290582	r	1688	[[-94,107,2,-2,1,1,5,0,1,6,-6,0]]
2289887	r	5399	[[-115,116,3,-6,6,-1,5,3,2,6,-3,5,-10,-1]]
2596935	r	4962	[[-141,116,2,-5,15,2,1,2,-4,8,-10,0]]
2293549	r	3639	[[-77,135,1,-4,4,-3,4,0,3,2,0,6,-2,0,1,2,-4,3,-2,0]]
7849539	r	2328	[[-126,143,2,-10,7,3,0,4,-2,1,1,1,-2,6]]
2289549	r	4748	[[-156,138,5,-5,10,-5,3,8,-4,6,-1,1,-12,-3]]
2290964	r	3765	[[-120,148,2,-6,-1,-1,2,-1,0,-4,5,-2,5,11,-6,4]]
2596934	n	1960	[[-138,159,1,-3,4,-1,3,1,1,3,-1,3,-3,2,-4,-2]]
2290412	r	6613	[[-88,141,3,-7,6,-2,7,10,-1,2,1,0,0,3,-5,3,-5,0,-5,-4]]
2280045	n	1960	[[-134,148,1,-4,3,-1,4,1,1,4,-1,3,-4,1,-3,-1]]
2293268	r	3226	[[-90,119,1,-4,4,-2,4,0,2,3,-4,9,-5,-1]]
2290462	r	5471	[[-170,151,4,-8,-1,-7,6,0,5,2,1,2,-4,14,-3,1,-3,-4,-3,1]]
2293342	r	2827	[[-83,124,4,-7,4,0,3,3,0,5,-3,3,-5,-1]]
10629379	r	4573	[[-139,108,3,-6,8,-1,4,3,1,4,-1,4,-15,-1]]
2289049	r	6539	[[-111,198,5,-15,5,0,4,2,3,6,-2,6,-7,4]]
2289983	r	3921	[[-99,138,2,-8,2,0,-1,-1,1,-3,6,2,2,5,-2,5,-6,2]]
2287790	r	4767	[[-140,130,1,-4,3,-3,8,0,4,5,-1,4,-12,4]]
2287958	r	1911	[[-156,131,1,-4,10,1,1,2,-9,6]]
2279526	r	5945	[[-161,126,4,-2,0,-2,3,-4,5,-1,1,-4,5,1,4,9,-2,5,-20,-1]]
2293260	r	5546	[[-73,144,8,-8,6,8,0,7,-10,4,-2,-1,-2,-1,1,-9]]
2287298	r	2915	[[-108,163,3,-5,7,1,2,4,-2,4,-4,1,-4,-1]]
2293507	r	4677	[[-72,111,5,-9,1,1,0,1,1,1,0,2,2,0,-1,-3,1,-1,2,0,4,5,0,5,-2,-1,-1,4,-3,1,-5,-1]]
2282827	r	3110	[[-115,127,3,-5,11,1,-4,8,-7,2]]
2280316	r	2960	[[-105,131,4,-8,3,-2,3,2,-1,6,1,1,-2,0,-2,8]]
2283016	r	3366	[[-157,190,2,-4,4,-2,4,2,2,4,-2,4,-4,2,-4,-2]]
2280589	r	4933	[[-139,207,5,-7,10,0,5,3,2,5,-3,-4,-4,0,1,6,-2,1,1,2,-1,2,-3,-1,-1,-3,-4,2,-1,-6]]
2290836	r	10307	[[-141,192,1,-6,5,-5,7,-1,6,3,1,13,-3,4,-11,0,-3,-3]]
4035715	r	64	[[-3196,-425,1,0,0,1,-1,0]]
3871336	n	4833	[[-1425,-667,3,-2,8,0,-2,-6,3,2,-1,3,10,-2,1,4,-3,3,4,2,0,1,-3,-2,-7,5,-6,-1,-3,-2,1,-2,-3,-1]]
3875024	r	2711	[[-1421,-680,17,0,-3,2,3,5,-10,3,1,-3,-7,-3,1,-2]]
3880980	r	953	[[-1422,-669,0,-2,3,-1,-3,-1,2,-3,4,2,2,4,-4,2]]
3899539	r	52194	[[-1413,-510,41,0,2,6,3,2,-4,6,1,4,9,5,-6,7,-7,2,-31,27,-1,-7,-3,-4,-1,2,-1,-1,-1,-4,-1,-5,3,1,2,-3,-3,-5,-1,-13,3,-17]]
3868121	r	2326	[[-1435,-662,2,-4,7,-1,3,2,3,1,-1,2,-8,4,-1,3,-1,-5]]
3874960	r	11983	[[-1476,-829,0,-2,2,-1,4,2,-5,-5,5,-1,6,0,4,3,7,-1,4,1,3,6,0,-6,-7,-1,-5,-4,6,-3,7,4,4,8,-2,5,-6,5,-24,-3],[-1474,-836,3,-3,1,2],[-1462,-837,2,0,-1,2]]
3899361	r	15205	[[-1408,-367,2,-2,-1,-7,2,-11,12,1,4,4,4,7,0,8,-2,8,-5,5,-1,1,-4,-1,2,-6,-4,-5]]
3870011	r	8341	[[-1464,-775,3,-7,9,-3,9,3,3,7,-4,6,-8,3,-8,-3]]
3893894	r	4829	[[-1474,-747,6,-4,8,-1,5,7,-5,4,5,-2,2,3,0,3,-11,2,0,-8,-5,-2,-3,2],[-1471,-741,2,0,-1,2]]
3873775	r	4883	[[-1425,-683,3,-6,7,-3,7,3,3,6,-1,3,-15,0]]
3887127	r	15810	[[-1405,-387,3,-13,-2,-16,1,-3,-1,-1,2,-7,2,-2,2,3,0,4,2,0,-4,6,6,4,3,6,-1,6,-6,-3,23,11,-4,7]]
3870294	r	3897	[[-1442,-708,3,-5,13,1,2,4,-1,1,-8,6,-6,-2]]
3897347	r	60741	[[-1405,-451,32,-28,7,-2,8,4,7,6,5,7,3,7,-9,-1,-6,2,-1,14,-3,3,-2,13,-4,7,-34,-13]]
3893629	r	1568	[[-1433,-607,6,-3,1,3,4,2,-1,2,1,2,-5,2,-1,-1,0,-4,-3,-2,-2,1]]
3884373	r	9296	[[-1430,-583,4,-5,-1,-7,1,-4,4,-2,-1,-2,1,-2,13,1,2,8,-5,8,-8,5]]
3870282	r	974	[[-1464,-735,8,-1,2,5,-4,3,-2,-2,0,-4,-1,0,-1,2]]
3895088	r	8170	[[-1451,-724,0,-13,2,-3,17,1,2,2,1,5,-1,4,-13,6]]
3877949	r	10002	[[-1477,-813,3,-5,5,-4,17,3,3,4,1,4,-1,5,-4,3,-22,-2,-1,-3,1,-3]]
3868707	r	6257	[[-1474,-803,2,-2,17,2,3,5,-1,6,-5,4,-7,2,0,-4,-3,-4,0,-3,-6,-2,1,-3]]
11947989	n	1482	[[-1443,-751,2,-1,5,0,2,3,0,3,-3,2,-5,0,-1,-2,1,-3,1,0]]
3893656	r	69016	[[-1425,-570,30,-8,2,10,9,9,4,10,1,-2,-1,2,4,3,-1,3,3,1,3,-2,1,3,4,0,1,3,-7,9,0,3,4,2,-1,3,-15,11,-29,0,-2,-7,2,-2,-1,-7,1,-1,-3,-10,0,-3,-3,-3,1,-9,-3,-1,-2,-9,0,-5]]
3882428	r	7246	[[-1461,-753,3,-4,5,-3,6,-1,7,1,-3,9,2,2,-1,0,-1,3,2,2,-4,0,-1,3,-3,1]]
3874787	r	107133	[[-1498,-1044,5,-4,1,0,1,3,-1,1],[-1496,-1043,3,0,1,2],[-1495,-1055,34,-37,10,-1,16,6,14,-1,2,1,0,-2,-4,0,1,-1,-5,3,-2,-1,3,-1,-2,0,-4,1,2,-2,-1,0,-6,2,5,-3,-3,1,2,-1,-6,2,-1,-2,2,0,-2,-1,1,-1,4,1,2,-1,1,1,0,-1,2,1,0,-2,3,2,-1,0,1,2,2,-1,0,-1,1,-1,-2,-1,7,2,-2,-4,2,3,4,-1,-3,0,2,-1,7,2,-8,-3,2,-1,3,1,5,-1,2,3,-1,-3,4,1,0,-1,2,0,1,3,1,-2,2,0,1,2,0,-2,1,2,0,-1,1,1,0,-2,10,-3,8,1,-4,2,6,-1,-1,2,1,-1,0,43,-3,2,-7,-3,-5,5,-4,-1,0,-3,-6,-4,-5,2,-6,0,3,-1,0,-2,4,0,-3,-3,-2,0,1,2,-2,-1,-1,-6,1,-2,4,-1,10,2,7,-1,0,-2,-16,-5,-1,-1,4,-6,20,-7,-3,0,0,-3,-2,1,-3,-3,0,2,3,3,-5,2,-1,0,0,-2,-6,3,2,-4,-1,-1,-5,6,-3,-1,3,-1,-2,-2,-16,7,3,-2,-2,0,1,-1,5,0,3,-4,6,-2,-3,1,1,-2,-7,4,-2,-2,1,-2,-2,0,0,3,3,2,-7,0,0,5,14,-4,2,3,-3,5,-1,8,-7,2,2,8,3,3,-8,3,6,1,1,-1,13,4,4,-1,4,6,4,1,7,-2,9,0,-30,6,-40,1,-1,2,-9,6,4,6,-3,2,3,4,-2,5,-19,-6,-8,-4,0,-2,-2,2,2,-4,2,-1,-1,-1,1,-3,-4,5,-3,0,1,-3,2,0,-2,-2,4,0,-2,-1,2,-2,1,2,4,0,-3,-1,4,-5,-5,3,2,-4,5,-2,-2,10,4,-9,1,3,5,2,-6,-1,3,1,-1,2,2,-1,-4,2,-2,2,12,-5,3,2,-9,4,-2,-1,1,2,-4,1,3,1,1,-2,7,-2,5,-4,0,-3,-4,0,4,-5,-1,-2,-3,-2,3,-1,-9,0,7,2,1,3,-5,5,-3,-2,1,-3,3,3,-2,-4,-3,1,-2,-1,2,4,-4,-1,-2,-2,-4,1,-1,-1,-4,3,3,-3,1,-2,-2,-2,3,-2,-4,-2,3,-1,-3,-1,2,-1,4,2,0,2,3,-2,2,2,-2,1,1,1,6,-1,-4,0,2,-1,-2,0,-4,-3,1,-2,-6,0,7,-2,-5,-2,2,-1,8,0,-1,4,7,4,-3,1,-4,-2,3,4,6,-1,3,1,-3,-2,3,-1,2,3,16,-2,-3,-2,-10,1,-6,-4,-3,1,-2,-1,2,2,-2,1,-5,-2,1,-5,-1,-1,6,-1,-3,0,2,-2,0,-1,-5,3,-7,0,10,-6,1,1,3,-2,4,-1,-10,3,-13,7,-21,8,-1,1],[-1491,-1048,2,-1,-1,3],[-1490,-1034,3,-4,3,-1,2,1],[-1490,-1051,3,-1,-1,2],[-1488,-1043,5,-1,-1,0,2,-1,-2,0,-1,-1,3,-2,3,2,-7,4],[-1485,-1034,6,-2,-3,5,1,-1],[-1484,-1052,2,-2,5,3,-3,-2,3,1,-2,-2,2,0,3,5,-1,1,-6,-1,2,-1],[-1482,-1040,8,-5,-1,3,-4,3,-2,1,-1,-1,1,-1],[-1482,-1044,6,-3,-1,-1,2,1,-1,2,-5,2],[-1480,-1037,6,-3,-1,3],[-1479,-1034,3,-2,0,1],[-1478,-1026,2,-1,1,1,-2,1],[-1476,-1058,8,0,-4,2],[-1429,-1098,1,-1,1,1,0,-1,1,2,5,-2,3,1,-5,1],[-1420,-1099,2,-1,-2,-1,5,0,1,-1,2,1,2,-1,-1,-2,0,1,1,-1,3,1,-1,1,3,0,-2,1,1,0,-9,1,9,2],[-1402,-1106,2,-1,1,1],[-1401,-1103,4,0,-1,-1,1,-1,7,2,-3,-2,2,0,-5,-1,8,-1,-2,-1,1,-2,2,2,0,-1,4,-1,0,1,-3,0,0,3,-3,0,-1,1,5,0,-1,2,-3,0,4,0,2,-2,1,2,2,-2,4,1,-3,-4,4,0,-4,0,1,-1,7,2,-3,2,4,-1,4,2,-15,3,9,-2,0,2,5,0,-3,2,-21,-2,-1,-2,0,2,-6,0],[-1399,-1099,2,-2,14,2,-12,2,1,-2,-3,2,-2,-1,2,-1],[-1396,-1108,3,0,-3,1],[-1367,-1099,3,-1,1,-3,8,4]]
3892870	r	13304	[[-1442,-695,24,-16,10,-3,0,7,-4,2,4,2,2,6,-25,10,-10,-1]]
3872395	r	2479	[[-1439,-680,7,-2,3,6,2,1,-2,1,2,2,-1,0,2,5,-7,1,0,-7,-3,-3]]
3877918	r	17057	[[-1434,-613,2,-17,12,-1,9,4,1,5,2,-1,3,2,-1,5,3,9,-1,3,-18,-1,-4,-2,-2,-3,-5,3]]
3883167	r	12184	[[-1452,-717,29,-14,8,6,3,8,-1,4,-5,2,-33,-4]]
3874119	r	894	[[-1430,-655,1,-3,8,-4,3,2]]
3880107	r	2996	[[-1432,-683,4,-1,7,4,0,2,2,0,-3,5,3,1,0,1,-3,0,0,2,-4,2,-2,-5,1,0,-2,-2,2,-1,-2,-1]]
3882434	r	3233	[[-1417,-660,5,1,7,-5,4,4,1,2,-3,3,0,4,-2,5]]
3872255	r	2214	[[-1420,-650,2,-10,5,4,5,6,-6,2]]
3886405	r	1796	[[-1430,-654,11,-5,-2,9,-6,0,-2,-1]]
3894426	r	24715	[[-1469,-912,0,-2,2,2,3,-1,-5,-2,1,-2,3,-5,7,-5,11,-4,13,1,-1,5,-3,2,6,4,-3,2,0,6,6,1,-1,2,4,3,-5,5,-10,2,-1,2,17,0,-15,4,-14,-2,-9,-5,-5,-7,4,1,4,-3,3,0,0,-1,-8,3,-4,-2]]
2232593	r	3624	[[187,78,2,0,2,3,4,-2,-1,-1,1,-2,-3,1,0,-2,-1,1,2,-4,2,0,8,15,-12,0,0,-5]]
2220957	r	4855	[[222,77,1,-3,14,-1,1,4,-2,6,-6,3,-5,-3]]
2234974	r	4019	[[195,119,1,-4,3,0,11,3,-4,8,-2,1,-6,-2]]
2235189	r	5893	[[199,115,6,-8,8,-7,4,1,4,4,-10,12]]
2228373	r	7059	[[279,207,14,-6,4,18,-1,2,-8,-3,0,2,-3,-1,1,-2,-4,-2,0,-5,-2,-1]]
2224827	r	9844	[[262,147,3,-8,7,-3,7,3,3,8,-3,7,-7,3,-7,-3]]
2229752	r	4851	[[179,93,0,-2,8,-3,6,0,-4,15,-7,-3]]
2223763	r	3886	[[189,103,13,-11,4,4,-4,4,-1,5,-10,3]]
2233410	r	2063	[[178,89,1,-6,3,-1,-1,-1,3,0,4,3,-1,0,2,3,-9,4]]
2229798	r	2416	[[293,242,3,-6,6,-1,-1,6,-3,2,0,6,-4,-3]]
2234359	r	6265	[[266,92,2,-6,6,-2,5,2,3,6,-3,5,-5,3,-6,-3]]
2229411	r	313	[[179,83,2,-2,1,1],[181,81,3,-2,4,0,-2,3]]
2231506	r	4491	[[211,117,9,-11,6,5,0,6,-4,5]]
2229748	r	4572	[[206,126,5,-9,10,5,-1,6,-5,3,-5,0]]
2232239	r	11611	[[194,70,3,-2,1,-3,3,2,10,-2,5,5,0,13,-6,6,-7,-2,-8,-15,1,1]]
2232283	r	14699	[[210,43,17,0,0,3,5,0,0,3,2,-1,0,3,-2,2,-1,9,-15,8,-5,-5]]
2232444	r	2082	[[194,109,0,-2,7,-2,4,2,-6,8,-1,0]]
2221504	r	767	[[185,82,3,-3,3,3,0,5,-2,0,-2,-3,1,0]]
2229761	r	5552	[[196,69,2,-3,-1,2],[196,48,7,1,5,4,1,7,-2,6,-6,1,-3,-2,1,-4]]
2228079	r	4906	[[221,70,1,-3,9,-5,7,5,1,3,-1,3,-16,1]]
2230876	r	7480	[[266,199,15,-13,4,1,-6,6,4,7,9,-1,-13,8,-10,-2]]
2222230	r	11696	[[231,62,1,-9,2,-2,0,-3,2,-1,9,0,6,8,0,9,-7,7]]
2235194	r	4500	[[218,95,2,-5,5,-2,4,2,2,5,-2,5,-4,2,-5,-2]]
2225991	r	5171	[[276,221,6,-6,4,2,-1,1,3,2,0,-2,9,3,-1,7,-4,3,-8,-6,-4,1]]
2227402	r	21704	[[268,129,2,-8,6,-6,8,-3,7,1,1,0,0,4,-4,4,7,4,7,14,-5,6,-7,3]]
2221030	r	5737	[[294,203,2,-4,18,1,-11,10,-1,8,-5,-2]]
2229152	r	3100	[[189,102,4,-14,8,-1,3,4]]
2235196	r	2060	[[201,105,1,-5,3,-4,4,3,2,4,-6,4]]
2226275	r	3757	[[269,205,10,1,1,3,2,1,0,5,-6,6,-5,-9]]
2231320	r	6408	[[260,186,2,-6,6,-2,6,2,2,6,-2,6,-6,2,-3,0,-1,-3,-3,-1]]
1796236	r	3803	[[2417,622,3,-3,6,2,12,0,-3,5,-9,4,-3,-1,0,-3,-2,-1,0,-2],[2424,636,7,-5,0,3,-6,3]]
1814906	r	43536	[[2106,591,2,1,-1,-3,2,-3,5,0,1,-5,8,2,0,-3,2,-3,2,-6,3,0,-1,6,7,-2,2,1,-3,2,2,7,3,2,6,-6,-2,-2,0,-4,4,3,0,6,-4,0,2,2,-2,2,3,2,0,4,-3,-4,-2,2,3,6,7,-3,0,2,-4,0,1,3,3,-2,1,4,4,-1,3,3,4,0,3,-3,-1,-4,-3,-1,-3,0,-4,-3,-8,1,1,-4,2,-1,3,3,2,-1,1,2,4,-1,-1,-2,4,1,3,-2,1,-4,-3,-3,3,-6,-1,-2,6,-1,-2,-2,1,-4,1,2,3,3,-4,2,-2,2,1,3,2,2,4,0,5,-2,2,-3,-1,-4,2,-2,1,2,-2,0,2,2,-1,4,1,3,-3,2,-1,5,-4,-2,1,-1,-2,-3,-5,0,-1,1,1,6,-2,1,0,4,-3,2,3,1,2,8,-4,3,0,3,-3,-3,-2,3,-2,1,0,2,-3,1,1,-5,-7,-2,-2,-5,-3,-1,-3,2,-2,-2,1,-2,-1,-1,-2,3,-5,-2,-2,3,-4,-6,-1,2,-3,-2,-5,4,0,7,-4,1,-1,-4,-3,1,1,-2,-2,-1,4,-2,0,-4,-3,0,-1,-3,-3,0],[2120,579,2,-1,-1,2],[2133,570,2,-1,0,3,2,1,-3,1],[2156,580,5,2,-3,2],[2159,619,4,-3,4,3],[2162,582,3,-1,0,1],[2163,628,1,-2,5,2,3,-2,1,-3,-3,-4,5,-3,1,-2,2,0,0,-2,4,1,1,-3,3,3,1,-3,6,5,-1,2,-7,0,-2,3,1,4,3,1,-1,3,1,3,3,1,5,0,-1,2,-8,0,-5,5,-13,5,1,-2,-4,-3,6,-4,0,-2,-4,-3,-3,0],[2195,631,2,-3,1,0,2,2]]
1815286	r	12328	[[2060,615,4,-5,-3,-6,4,1,-1,4,3,3,4,1,3,-2,0,-5,-3,-2,-4,0,1,-2,10,5,4,-2,3,1,4,-4,1,2,8,4,0,3,-4,6,-5,2,-6,-1,0,2,-4,5,-1,3,-7,-1,1,-3,-3,-6]]
1816670	r	16477	[[2308,799,3,-3,-3,-1,2,-3,3,0,3,-2,2,2,6,0,5,-3,-1,2,3,1,4,0,3,2,1,2,-3,2,-1,3,9,0,4,3,-4,3,0,3,6,3,-11,1,-7,7,0,-2,-3,1,0,-2,-2,0,2,-3,-4,1,-3,-3,-7,-2,4,-6],[2322,788,1,0,0,1],[2352,785,2,-2,0,3]]
1809858	r	5739	[[2259,469,2,-4,2,1,0,-5,2,0,1,-4,7,-6,2,0,-5,9,2,2,-1,5,4,5,6,4,0,2,-7,-1,-2,-4,-5,2,-3,-5]]
1795565	r	1875	[[2277,451,1,-2,1,2,9,1,2,-3,2,1,-2,1,2,2,-3,0,-2,3,-4,0,0,-3,-2,2],[2298,458,2,-4,1,2,3,0,-2,1,1,2,-1,1]]
1792947	r	10960	[[2334,778,1,-3,2,0,0,-1,4,0,1,-2,15,1,4,11,-7,-2,2,-2,-2,0,-2,-4,-5,3,3,5,0,3,8,2,1,2,-4,1,-1,-1,-2,1,1,1,-2,2,-1,4,6,1,-5,5,-3,0,-4,-4,-1,-3,2,-1,-2,-1,0,-3,-4,0,-1,1,-2,-2,2,-10,-3,-1]]
1791247	r	7475	[[2274,608,2,-4,3,2,5,-6,7,-1,-1,4,2,8,5,2,-5,2,0,4,-2,2,0,2,-2,2,1,1,-3,1,-2,-2,1,-1,-2,-3,0,-6,-5,0,1,-3]]
1790630	r	9351	[[2153,675,4,-1,1,1,6,-1,3,2,5,-1,1,2,2,-1,6,2,9,-1,2,2,-1,1,0,1,5,2,-7,3,-1,3,0,4,-3,-4,-6,2,0,-3,-5,-3,-14,0,-1,-5,-3,0]]
1808926	r	18724	[[2367,589,7,-5,4,3,2,-3,4,0,0,2,3,0,1,3,2,-2,2,0,3,6,4,0,-1,2,2,0,3,3,4,2,-1,3,6,0,2,4,-6,0,5,1,1,3,-8,3,-8,-2,-1,2,-1,-3,-2,0,-1,-3,-2,1,-7,-3,-5,1,-1,-1,1,-2,-2,-1,1,0,0,-4,-5,-6]]
2037013	r	22468	[[2523,914,0,-3,4,1,7,-1,0,-2,8,-2,3,-3,3,-1,0,3,2,0,-1,1,4,3,0,1,-3,-1,-5,2,-6,8,7,0,-5,5,0,3,-6,0,-6,-6,-6,-1,4,-3,0,-3],[2551,922,4,-3,10,0,1,-1,-2,-6,-6,-1,1,-2,4,-4,4,1,3,-3,3,1,2,6,3,-1,4,3,4,0,1,3,4,3,5,0,0,2,3,-2,3,0,0,3,3,2,-7,4,5,1,1,4,-2,0,1,-2,-2,1,0,1,-8,-1,-6,2,-3,-2,-9,-1,-2,1,-4,1,-7,-2,-6,2,-3,-1,1,-3]]
1812545	r	4566	[[2270,460,2,-3,2,-3,1,1,2,-4,4,4,3,-1,0,6,-2,0,0,2,-5,0,1,5,2,0,-3,5,-6,-4,1,-6]]
1808722	r	7618	[[2334,636,2,-6,8,1,-3,-4,5,2,4,-2,1,2,-3,2,10,10,-1,3,-4,1,-3,-1,-2,2,1,1,-2,1,1,2,-2,-1,-4,2,-2,-3,1,-3,-2,-2,2,-3,-2,1],[2345,620,2,-1,3,1,1,3,-2,-2]]
1791681	r	7116	[[2372,733,3,0,1,-5,-1,0,0,-4,2,0,0,-2,0,3,3,2,2,-1,3,4,4,-1,0,-4,1,1,0,2,2,2,-1,3,0,3,-4,0,-1,2,1,3,4,2,0,4,-15,-1,4,-2,-2,0,0,-3,-6,-3,1,-2,-1,0]]
1799962	r	6567	[[2367,639,2,-1,1,-3,4,-1,-1,-1,2,1,2,-2,0,-3,-3,-3,2,-1,6,0,2,1,-1,3,2,4,-6,4,3,1,-2,1,2,1,0,2,-2,1,5,1,-4,1,0,5,-3,2,-7,0,1,-2,2,0,0,-3,-1,-3,-3,0,-2,-2]]
2034937	r	7873	[[2455,845,8,0,4,-2,-5,-4,1,-4,-3,0,3,-4,6,-2,6,1,1,4,-1,2,-2,0,3,5,-7,3,1,2,-1,3,6,2,-4,3,1,5,-1,1,-6,0,-1,-2,0,-2,-9,-2,4,-3,-3,-1,1,-3]]
1811103	r	3882	[[2248,455,0,-2,2,2,1,-2,3,2,1,-1,3,3,3,-1,2,-2,5,2,-5,5,0,5,-2,-1,-4,7,-1,-4,2,-1,-3,-3,2,-4,-4,-2,-3,0,0,-2]]
1805753	r	6649	[[2330,728,2,-2,7,-1,7,5,2,-5,3,3,7,-3,0,-1,1,1,-4,4,-1,4,-3,-3,-6,2,0,5,6,2,-3,0,-2,2,3,1,0,3,-4,6,-5,-3,1,-5,-3,-1,1,-1,-2,-1,2,-3],[2354,721,5,-1,0,2]]
1814087	r	3154	[[2422,778,2,-4,1,2,9,1,0,1,-2,1,1,1,5,-1,-1,2,4,0,0,1,2,1,-2,1,4,2,-10,2,0,-2,-3,-1,1,-3,-1,-1,0,2,0,-1,-2,-1,-3,0,0,-2],[2431,786,3,2,5,0,-1,2,-6,0]]
1790842	r	20739	[[2108,764,6,-8,-2,-2,5,1,1,-3,2,1,1,-2,-4,-3,2,-1,-4,-1,0,-2,-2,1,-2,-1,6,-4,-2,-2,0,-2,1,0,3,3,4,-7,10,2,0,4,-2,2,2,-1,-1,4,14,-1,-1,5,2,5,-1,0,7,5,-10,6,-7,0,-8,4,-4,-4,-3,1,-2,-1,0,1,-6,2]]
1797929	r	3921	[[2390,714,1,-2,4,0,2,1,0,-1,1,1,-4,4,5,3,4,1,1,-3,2,2,-2,0,-3,3,-5,-3,-2,1,0,-4],[2402,725,4,-1,0,1,1,-1,-1,-3,1,0,6,1,1,1,-1,3,1,1,0,2,2,0,1,-1,2,3,-14,2,-2,-2,1,-4]]
1787093	r	3359	[[2414,750,1,-2,7,1,0,-2,2,0,1,-1,-2,-3,1,-2,2,2,9,-1,4,7,-8,0,-3,3,-5,0,0,2,-3,0,-5,-2]]
1886760	r	4604	[[2398,623,5,-4,6,0,1,-4,4,2,0,2,4,1,-2,4,2,1,-2,6,-2,-1,-2,1]]
1784658	r	5700	[[2263,698,0,-3,2,0,-2,-3,0,-2,5,-3,5,-1,8,0,-1,4,2,0,1,5,-1,1,2,0,0,3,-12,1]]
1799869	r	22052	[[2146,463,2,-1,-1,-1,2,0,1,-4,2,1,2,-1,-1,2,1,0,7,-3,-1,-2,2,-1,-2,-1,0,-2,5,-6,5,1,1,3,5,3,7,0,2,-1,2,3,5,1,-6,6,1,1,-2,1,0,4,-6,1,-3,3,-1,6,-5,-3,-2,3,2,4,-1,1,-3,-5,-3,1,-3,-4,-6,-2,1,-2,3,0,-1,-2,-5,-1,-1,-2,-3,1]]
1804651	r	21468	[[2043,504,2,-3,-2,0,3,-4,0,-5,-2,-2,2,-2,3,2,7,0,1,5,3,3,0,-3,2,0,-1,-4,2,-1,3,10,3,-1,-1,2,2,1,-1,2,-3,-1,-1,1,3,7,3,1,-1,1,1,3,-2,1,-3,0,0,4,-1,3,-3,1,-1,6,-1,-4,-2,0,-4,-3,-2,1,1,1,-2,1,-6,-3,2,-3,0,-3,-4,-2]]
1795270	r	12982	[[2270,768,1,-3,6,-2,0,-3,4,-4,-1,-2,3,0,-2,-5,2,2,11,0,4,4,3,0,3,7,3,0,-2,4,-7,-1,0,3,-2,2,-3,-1,-4,5,-7,-1,-6,2,-4,-2]]
2038180	r	7418	[[2491,890,2,-1,-2,-1,1,-1,0,-3,3,0,0,-3,4,-1,0,-2,3,0,0,-3,4,-1,-1,-5,3,0,0,3,2,0,-1,2,2,1,5,0,0,3,-5,0,-4,4,-2,-1,0,3,4,1,-3,3,1,3,8,5,-1,3,-17,-4,-4,-2],[2508,882,4,0,0,2,-2,1,-1,-2,1,0]]
1793511	r	6874	[[2230,761,1,-4,4,0,4,-3,4,-1,3,-4,3,0,3,2,-1,2,5,7,5,1,-3,2,5,4,0,1,-11,-4,-7,2,-1,-3,-7,2]]
1785286	r	5133	[[2351,743,6,-2,2,-3,-3,-1,1,-2,-3,-1,0,-3,4,0,1,-1,5,-2,4,-6,-4,-3,6,0,0,4,-2,0,-3,5,7,3,0,5,-3,1,1,2,1,0,-8,1,0,2,-2,0,0,2,-2,2,-6,-1],[2358,721,1,-2,1,0],[2373,732,1,-1,1,2]]
1790645	r	1910	[[2358,492,1,-3,4,-1,3,2,3,1,-3,1,1,4,-4,2,-5,0,1,-5]]
1787227	r	3191	[[2380,648,1,-3,10,1,1,-1,5,1,-1,7,2,0,-1,3,-5,-2,0,-1,-8,-1]]
1797873	r	10487	[[2364,662,2,-3,-1,-2,2,-3,8,1,0,2,2,2,3,0,2,-3,4,1,1,4,-4,4,2,1,0,1,7,2,-3,4,4,6,-3,2,-2,-4,-4,-1,-5,2,-8,0,-2,-3,0,-3,3,-2,3,0,0,-3,-10,-3]]
1809461	r	11689	[[2122,533,2,-2,2,0,2,-3,1,1,2,-1,-1,-3,-2,1,5,-9,5,4,9,16,0,4,-4,1,2,2,-2,1,1,2,-4,0,-2,-2,-2,1,-1,-2,-1,2,-1,0,-5,-3,1,-3,-2,-2,-4,-1]]
1790923	r	1639	[[2403,626,9,4,-1,2,1,2,-5,0,-4,1,-2,-8,2,-1,-5,-3]]
1804430	r	14581	[[2054,733,1,0,2,-6,6,-3,15,-15,4,4,4,-1,3,8,2,2,-1,7,-8,-4,-1,6,-3,2,0,3,-3,1,1,-1,-3,0,-2,3,0,2,-1,-2,-4,1,1,-2,2,1,2,-1,-2,-1,-4,1,0,3,-2,-3,-5,1,1,-2,-3,0,2,-4,-2,-1,-1,3]]
1810821	r	11102	[[2368,516,2,-3,13,2,1,-5,3,2,2,-3,1,0,0,-2,2,2,0,-2,1,0,-1,5,-2,-1,-1,3,3,0,-1,3,3,3,-4,1,-3,-2,-5,4,7,-3,4,5,6,2,-2,2,-3,-3,-1,3,-2,0,2,1,3,-2,0,3,-4,-1,-3,3,-4,-2,-5,1,-3,-3,-2,1,1,-3,-5,-3,-1,-6,-1,0],[2384,522,1,-2,3,0],[2386,510,1,-1,0,2],[2393,510,2,-2,2,3,-2,2,-1,-1,2,-2]]
1529102	r	33935	[[1726,861,27,-13,12,16,4,0,2,3,8,2,0,4,-5,2,7,9,-23,-3,-3,1,1,5,4,13,-13,0,0,7,-5,0,1,-20,-6,6]]
1785453	r	3055	[[2343,696,3,-2,4,-5,6,1,1,5,-3,3,1,2,-7,6,-2,0,0,-3,-1,0,2,-2,1,-2]]
6986104	r	1764	[[2263,453,5,-8,0,1,2,1,0,1,5,1,0,2,-8,5]]
1795940	r	1965	[[2325,463,3,-2,4,3,-2,1,2,0,1,-2,1,2,-1,1,3,-1,-1,2,-4,-1,-1,4,-2,0,-2,-1,1,-2],[2331,468,4,-1,3,5,-4,0,0,-3,-2,0]]
1799397	r	4970	[[2421,594,1,-3,2,0,1,-3,0,1,9,2,3,4,6,3,-9,1,-2,2,-3,0,-2,-3,-4,-2,1,-1],[2431,589,2,-2,0,-3,2,0,1,3,1,-1,-1,-3,4,2,-2,1,1,3,-1,4,-3,-2,2,0,-1,-2,-2,2],[2437,583,2,-2,0,2]]
1798425	n	1208	[[2391,588,6,-3,-1,2,6,3,-3,4,-2,0,-3,-5]]
1794903	r	20587	[[2189,663,7,-2,0,-3,6,-1,2,-4,-4,-2,-8,1,-2,-4,2,-6,0,-7,3,-1,-1,-3,5,-1,3,2,2,-1,1,4,3,1,6,-2,2,3,4,0,0,3,2,-1,-1,1,2,1,-2,0,4,2,0,3,-8,0,-1,2,2,1,1,6,3,0,3,4,-2,2,1,1,-1,1,-2,0,-2,2,-5,-3,-3,3,-2,-2,-4,0,-13,2]]
2036892	r	16902	[[2210,826,3,-3,-1,-4,3,-1,-1,-2,2,0,1,-6,5,-1,-1,-3,7,-5,1,-3,-2,-4,2,-1,10,-1,0,4,7,9,-2,4,-3,2,0,2,1,0,0,2,2,1,-1,3,-9,7,-7,0,-2,-1,-11,3],[2221,836,0,-1,1,0]]
1793346	r	16225	[[2350,798,1,-3,2,-2,-1,-1,2,-1,1,1,4,-1,-3,-4,5,-2,-1,-5,5,-4,8,2,6,-1,5,2,7,8,-13,4,-3,4,3,8,-7,2,-1,-2,-4,-2,-5,2,-1,3,-6,-1,-3,-1,4,-3,1,-2,-5,1],[2350,787,3,-1,3,2]]
13512505	r	21190	[[2207,740,1,-2,3,-1,3,2,3,-2,4,2,0,-2,5,-2,6,3,-2,2,3,-1,4,2,2,4,5,2,2,2,-3,4,-12,5,-1,3,6,3,-1,8,-5,-2,-1,1,-4,1,-1,3,-4,-2,-2,1,-1,-5,-7,-5,0,-5,5,-4,-1,-1,2,-1,0,-2,-1,-2,-2,0,1,-3]]
2038632	r	4698	[[2444,829,1,-2,0,-3,5,1,-3,-1,1,-4,-2,-2,4,1,0,-4,3,0,0,-3,8,-2,2,3,-2,5,3,2,0,2,-3,2,-3,0,-2,-2,-4,2,-1,1,2,2,-2,4,-4,0]]
1815456	r	2507	[[2383,629,1,-4,2,0,-2,3,1,5],[2386,635,1,-1,5,1,3,-4,4,0,2,-1,1,-3,-1,1,1,2,-1,2,3,3,-1,2,-3,0,0,2,-3,2,-2,-1,0,-2,1,-1,-1,-2,-6,3,0,-1,-2,0]]
2037799	r	13932	[[2251,803,2,-2,-1,-6,6,1,1,2,7,1,3,-2,-3,-1,2,-4,4,-4,6,-1,1,-5,8,-1,2,3,-1,2,3,5,-3,2,0,4,-4,0,0,1,-3,0,-3,2,1,2,3,-1,-1,3,9,2,-4,1,0,5,-3,3,-2,-1,0,-3,-4,-2,-1,1,-5,-3,-4,-1,-2,2,-5,-1,-2,0,-1,-3,-2,-1,-3,2]]
1815577	r	4524	[[2252,563,4,-2,2,-1,3,0,1,-2,1,2,2,0,0,-3,3,0,2,2,-4,3,1,8,2,2,-4,1,-2,-4,-9,2,0,-5],[2278,571,5,-6,2,2,-2,4]]
1807681	r	5480	[[2327,659,2,-5,4,-3,-4,-2,2,-8,2,-1,1,-2,5,3,2,-1,-2,3,2,2,-1,3,1,3,3,0,0,4,-3,-1,-5,4,-8,2]]
1809078	r	2581	[[2201,400,3,-3,0,-3,3,1,1,-3,5,-1,0,2,-1,1,2,3,-4,6,-7,-1]]
1806776	r	14957	[[2276,473,4,-5,0,-2,-2,1,-1,-5,5,0,3,-4,0,-2,2,0,2,-3,3,0,1,-3,-2,-2,5,-9,8,4,-6,15,8,4,2,3,0,1,-3,2,-5,-2,-1,1,-2,-4,-3,5,-1,0,1,3,-7,4,-2,4,-4,0,0,-3]]
1786657	r	4131	[[2113,766,6,-2,0,-1,2,1,3,-1,3,3,1,1,1,-1,3,2,1,4,-5,4,-8,2,-2,-2,-1,-5]]
2038432	r	25349	[[2185,836,2,-1,1,-4,5,-1,1,-9,4,-4,-2,-2,-8,-1,0,-4,4,1,2,-2,11,1,3,3,-2,-1,-1,1,-5,0,2,3,3,2,5,-1,1,-1,-2,-1,-1,-2,4,2,4,-4,-1,-3,-3,-2,10,-1,-1,1,1,1,0,2,-6,3,0,4,-2,0,1,2,-3,1,1,4,-3,3,6,2,9,-3,3,1,1,5,-2,2,-5,2,-6,8,-3,7,-6,5,-19,-6,2,-6]]
1803318	r	6734	[[2352,703,3,-3,-1,-2,3,-3,-1,-2,6,0,-1,-2,3,0,-2,-1,2,-2,4,1,0,3,2,2,5,0,-1,1,3,4,-5,4,0,2,2,2,-7,-1,-4,4,0,-1,-2,1,4,-4,-3,-5,-5,0,-3,4],[2363,713,1,-1,3,3,-3,0],[2371,713,3,-4,0,4],[2380,707,2,-2,0,-4,2,1,-1,2,1,2]]
1816971	r	19599	[[2275,779,1,-4,2,-1,11,0,4,-5,3,1,2,2,-1,1,7,0,1,-2,-2,-4,3,-2,4,2,4,0,1,3,4,1,0,3,-4,1,3,7,6,1,0,4,-2,1,3,3,-7,1,-3,-2,-2,2,-3,0,-2,3,3,1,-3,3,-5,-6,-2,1,-4,-2,-6,-1,-3,-5,1,-2,-2,-2,-5,-1,-1,2]]
11995100	r	12287	[[2127,634,4,-4,2,2,3,-1,4,-6,10,8,0,1,1,2,-1,3,5,2,-3,2,2,5,-5,0,-1,3,-3,-3,-3,3,-1,3,-6,1,-2,-1,0,-4,2,-4,-4,-1]]
1791388	r	10008	[[2392,552,3,-6,10,3,2,-1,1,-4,2,0,0,3,3,1,-2,0,3,2,-2,1,-4,0,-1,5,2,1,7,-1,1,3,-5,2,-1,1,1,-1,7,-1,3,5,-1,1,4,2,-3,3,-2,-1,-5,2,-3,-1,-3,1,-3,-4,3,-3,-2,-5,-3,-1,-6,1]]
1785725	r	6951	[[2221,455,5,-4,-1,-1,3,0,0,-1,4,2,2,-1,3,4,-1,-2,3,1,1,-3,4,-3,4,6,2,-1,-5,6,1,5,-5,-2,-6,2,-3,-3,-4,1,-2,-5]]
1788852	r	15190	[[2003,729,3,-6,4,-6,28,5,-5,1,2,3,1,0,2,4,0,2,-3,2,3,9,-19,6,-2,-2,7,-5,2,-4,-8,-2,2,-3]]
1800163	r	7323	[[2309,575,2,0,0,-7,1,0,1,-1,3,1,1,-2,4,0,4,-3,1,2,3,0,2,4,-2,5,-4,2,3,3,-3,4,-6,-1,-4,-4,-5,2,0,-3]]
1795855	r	4682	[[2406,602,5,-5,-2,-7,2,-3,4,-1,1,-1,8,2,0,4,-2,0,-1,3,-1,0,1,1,-4,0,0,2,-2,-1,1,9,-1,1,-3,-3]]
1799722	r	5325	[[2404,652,2,-5,4,3,5,-1,2,-4,-4,-4,3,-1,3,-3,3,-1,4,2,5,-3,1,3,2,-1,-2,-2,7,0,-3,4,-3,2,-5,3,-5,-2,-4,3,0,3,3,3,-4,2,-5,-1,-5,2,-4,0]]
1790437	r	1356	[[2262,442,1,-2,5,4,2,-1,2,4,-2,1,0,-1,-2,-1,0,-1,-3,3,-2,0],[2266,440,2,0,0,2]]
8347664	r	85768	[[2130,766,6,-3,11,-1,1,-3,12,-3,0,-3,16,1,0,7,3,-3,2,3,-2,3,2,5,4,4,2,-1,0,2,3,3,2,0,2,4,10,5,-1,3,5,-3,2,2,2,-3,8,6,3,0,-2,-2,1,-2,5,1,2,4,-2,3,2,3,-1,3,-7,5,-3,-1,-5,1,-9,5,-20,-1,-9,1,0,1,-11,5,-9,0,-6,-4,-3,0,-3,-5,-9,-7,1,-5,4,2,-2,-2,1,-8,1,-2,4,-1,-2,-4,-2,0,0,-2,-5,-5,-2,-6]]
12359313	r	26854	[[2127,731,3,-1,0,-5,7,0,2,-3,-1,-3,1,0,-2,-1,1,-3,-3,-1,6,-5,11,1,3,-4,4,-1,13,2,0,4,-2,2,0,4,3,2,1,4,-2,6,-4,0,-4,4,-1,-2,-3,1,0,2,-1,-1,-1,2,-12,3,-1,4,-1,1,-6,0,0,-1,-3,1,0,-1,-3,1,1,-4,-2,1,2,-2,0,-4,-2,1,-2,-4]]
1785623	r	930	[[2416,624,1,-2,4,1,0,2,2,1,-1,3,-3,2,-3,-1,2,-5]]
1783621	r	29677	[[2112,570,1,-4,2,0,1,1,2,-2,-1,-2,6,0,3,-4,1,-3,-6,0,-1,-3,3,-2,3,1,1,-2,6,0,1,-2,1,-4,1,2,2,-1,2,2,4,0,-1,-2,2,-1,-2,-2,4,-1,6,4,4,-2,4,2,-2,2,-3,0,-1,2,3,3,1,4,-1,2,1,2,-3,2,0,2,1,4,4,-1,0,5,3,4,-3,6,-4,-3,-2,5,-1,-1,-5,1,-2,-2,2,-3,-1,-2,-3,-2,-1,3,-3,0,-1,-2,-3,0,0,-3,-2,-1,-1,-3,-3,1,2,3,-4,4,1,-5,-2,-1,-1,-1,-8,5,-1,-3,-3,0]]
10859300	r	9428	[[2368,689,5,0,0,-2,2,-1,7,2,0,-5,7,-3,2,1,-1,2,5,3,3,5,-4,2,1,7,-9,1,-1,2,-8,-2,-3,-6,1,-1,-6,0],[2396,700,2,0,1,3]]
1802940	r	2344	[[2314,464,6,-2,4,2,-3,-2,3,-4,2,1,-2,1,4,-1,3,1,-2,2,-1,-1,-3,2,2,4,-2,4,-2,-1,-1,-2,-6,-1,1,-2]]
1810638	r	39266	[[2278,514,3,-9,10,3,4,-2,-2,-2,2,-2,-4,0,-3,-3,-1,-4,-4,-1,5,-4,5,2,1,-1,1,1,2,-1,1,2,4,0,6,3,6,-5,3,0,-2,4,1,2,2,0,-1,2,1,0,-1,5,3,2,1,8,3,2,-1,1,4,2,3,4,-2,0,0,3,2,2,2,0,1,2,-4,2,-2,-2,-2,1,0,2,-3,2,2,6,-3,2,-5,-7,-2,1,-1,-4,-6,1,-2,-4,-3,0,-2,-3,2,-4,-11,1,-3,-2,-8,-2]]
1797121	r	3282	[[2316,472,4,0,1,-5,3,4,3,-2,3,1,-1,-1,2,-1,1,1,1,0,-3,4,-3,3,-4,-4,-3,2],[2318,462,2,-3,4,0,-3,3,3,2],[2324,459,2,0,-2,-1,4,-5,8,4,-4,5,-3,0,1,-3]]
2036502	r	6359	[[2516,876,2,-3,-1,-3,2,-2,4,1,4,-2,1,1,3,-2,2,3,6,0,0,4,-3,0,1,6,-2,2,1,1,-1,4,-6,-3,-6,0,-3,-3,1,-2,-5,-1]]
1796134	r	10600	[[2296,695,3,-1,-2,-7,6,-3,-2,-5,14,3,5,-2,3,-6,10,4,-3,4,2,4,-5,-1,-3,3,0,3,-13,0,-2,5,-3,1]]
1800146	r	9203	[[2109,630,4,-2,-1,-2,2,-4,-2,-2,4,-4,2,-7,0,1,4,0,2,5,4,-1,2,2,2,-1,1,3,6,5,0,3,-3,5,-3,1,-2,-2,-3,3,-3,-1,1,-6,-4,-3,-5,2,-1,6,-3,1,-1,-1,-2,1]]
1799629	r	21694	[[2220,665,11,-13,2,1,10,-5,3,1,-1,4,2,3,5,-4,-2,-4,5,-1,9,2,4,-4,6,3,2,4,-4,2,-2,-3,-6,0,0,2,1,0,-1,1,0,4,-2,1,2,4,-11,0,0,2,-4,3,1,4,-5,2,-2,0,-1,-2,-4,-1,-5,3,-9,2,-2,-4,-2,-1]]
1806299	r	5902	[[2240,445,1,-3,3,-1,3,-3,0,5,5,-4,1,4,-2,2,2,2,-1,1,2,0,-1,-2,3,3,4,-7,3,3,0,3,2,0,-4,8,-3,1,-3,-3,-1,1,-3,-2,-1,1,0,-2,-2,1,-3,-5]]
1815251	r	988	[[2400,637,3,0,1,-2,3,-1,5,1,-5,5,-2,-1,-5,0]]
1810845	r	7862	[[2298,660,6,-3,0,-5,4,0,3,-4,9,4,0,2,3,3,6,-1,-12,6,-1,1,1,2,1,0,0,3,-5,4,-5,-1,0,-2,2,-9,-2,0,-3,3,-3,-1,-3,1],[2327,650,3,-1,3,2,-2,1,-1,-2]]
11838258	r	71463	[[2084,826,41,-15,-1,-1,2,-3,10,0,-1,-1,3,-3,5,5,3,5,9,4,9,0,11,-5,0,-1,13,-2,1,1,-1,4,8,1,2,2,-4,4,-1,9,-5,1,-1,4,-2,1,5,7,-2,6,-11,-1,-28,1,-32,-9,13,4,-26,-9,-5,-3,-9,1,-1,4]]
1793036	r	1868	[[2336,704,5,-5,-1,-2,1,-3,5,0,-3,2,5,4,-3,3,1,0,0,3]]
1815395	r	3307	[[2327,475,3,-2,3,-4,1,0,0,3,3,1,1,-1,0,-2,6,0,-1,3,-4,0,1,1,1,0,-3,7,2,3,-2,1,-8,-8,0,-2]]
1797945	r	16272	[[2238,493,3,-6,-2,-2,2,-1,0,1,2,-1,3,4,1,-1,3,-7,4,-1,-1,-3,2,-1,0,-3,3,-1,1,-2,5,1,3,5,5,-2,0,3,4,2,-2,2,5,4,-3,4,-4,2,-11,-1,-3,3,2,7,-5,-1,-2,-3,-6,-3,-3,7]]
1793724	r	3722	[[2321,719,4,-1,1,-2,2,0,5,5,-5,1,-2,-1,-3,2],[2337,724,0,-3,3,0,-1,-2,2,-3,1,-1,4,1,-1,2,5,5,-2,2,-2,5]]
7283386	r	1269	[[2411,632,2,-2,6,0,3,5,-7,2,-1,-2,-2,0]]
1793743	r	8892	[[2323,689,4,-2,0,3,5,0,-4,3,-4,-1],[2330,682,2,-2,4,0,0,2,3,0,1,-4,-3,-6,2,0,0,-6,3,0,-1,2,4,2,10,-4,4,1,2,3,1,0,2,5,-9,-1,0,4,-3,3,-1,-1,-1,1,-2,-1,-1,2,-7,1,1,2,-2,3,-6,2,2,-5,-4,-1]]
1802206	r	12317	[[2307,627,5,-4,1,1,8,-4,1,2,2,-1,3,3,2,-1,2,1,0,-4,8,3,4,7,2,0,-9,1,-1,4,-1,1,1,2,-4,3,-1,3,-1,-1,1,-4,-5,-4,-4,2,-1,3,2,4,-2,3,2,3,-3,2,-2,-2,2,-7,-1,-7,-5,0,-3,-3,-3,-3]]
1787746	r	8814	[[2389,673,6,-10,7,1,4,-1,0,-5,7,0,1,2,4,0,-1,1,-7,12,-4,-2,-4,1,-2,4,-4,0,-4,2],[2390,683,2,-1,3,2,3,0,3,-2,1,-3,6,0,-3,7,-6,3,-3,0,-1,-3]]
1793505	r	2210	[[2396,652,2,-10,1,4,2,0,0,1,5,0,-1,5,-3,0,-1,2,-3,-1],[2400,639,5,0,6,2,-5,2,-4,-2]]
2037860	r	17218	[[2475,933,1,-2,1,-5,3,-3,0,-5,7,2,4,-2,-1,0,1,-2,6,0,6,-3,-4,2,1,1,4,3,4,-1,-1,7,8,3,-1,3,4,2,-11,7,-1,2,0,6,-5,0,0,2,-8,-4,-5,1,0,-3,-8,-4,-2,-3,2,-2,-2,-1,-3,1],[2510,918,2,-5,4,1,-2,1,2,0,-2,3]]
1791236	r	5995	[[2350,621,3,-2,3,4,4,-1,3,-3,-4,-3,3,-1,0,-2,4,1,1,3,2,-2,1,4,5,4,-2,3,-4,2,-2,3,-1,-2,-2,2,-1,-3,-4,1,0,1,-4,0]]
1813325	r	16604	[[2133,618,1,-1,5,-3,-1,-1,3,0,-1,-3,3,-1,-1,1,2,1,-1,-2,2,-3,5,7,-2,2,2,2,3,-1,1,2,3,-2,2,1,0,3,2,1,-1,1,2,2,-2,1,4,2,0,3,3,0,4,3,0,2,-6,4,4,3,-2,2,3,1,-5,1,-5,-3,-6,4,-2,-4,3,-2,-5,-2,1,-3,-1,-2,0,-2,-7,-5,-2,0,-2,-5]]
1809498	r	25714	[[2192,499,0,-2,5,0,3,-3,3,-1,-1,-4,2,0,0,-2,2,-1,5,2,5,-2,1,2,1,-3,2,1,-1,1,2,3,-1,3,3,2,0,3,-4,0,0,3,7,8,0,5,4,3,-5,0,-1,2,1,7,-6,2,-1,-3,-6,2,-7,-8,-1,2,-3,0,1,2,-3,1,-5,-7,2,-4,-1,-1,0,-6]]
1784853	r	11383	[[2227,467,2,-2,2,2,1,-3,9,-3,5,1,-1,-4,3,-3,2,1,0,2,3,0,4,2,-2,4,3,3,-2,1,1,3,-4,5,1,3,-4,1,-2,3,1,3,-3,2,-3,-4,-2,1,0,-1,-4,1,2,-5,-1,-1,1,-1,2,4,4,1,3,-4,-1,-3,-3,-2,-3,1,-1,-3,-3,-2,-7,3]]
1800627	r	11569	[[2075,639,8,-3,0,-1,-1,-1,1,-4,4,-2,3,1,4,-4,4,3,3,-1,3,2,2,-7,2,1,4,-3,2,1,0,4,-2,1,1,2,-3,0,-6,9,-1,3,2,0,1,2,-1,4,-6,-1,-3,-5,-7,2,-1,-1,-3,3,-2,-1,-6,0]]
12358576	r	3451	[[2157,616,4,-2,-1,-2,3,-1,2,-3,3,3,3,-2,2,3,2,-2,3,2,0,2,-2,0,-5,6,-4,-1,-3,-2,-4,1]]
1798449	r	3791	[[2369,509,2,-3,2,0,1,-3,6,3,2,-4,0,2,4,0,1,1,-1,2,-2,-2,0,2,-2,1,3,3,-2,1,0,3,-9,-2,-2,1]]
2036427	r	6837	[[2409,820,12,-2,-1,-3,2,2,3,1,6,-1,3,3,-1,2,2,0,-4,1,1,2,3,2,-3,2,-1,3,3,0,0,4,-3,0,-2,-2,-4,2,-1,-2,-5,-2,-1,-4,-2,0,-2,-4,1,0,-2,0]]
8400694	r	8551	[[2414,581,4,-5,0,-3,-2,-1,1,-2,6,0,2,-2,0,-3,2,-2,1,3,3,0,1,-1,1,2,-1,3,-2,0,2,0,-1,2,2,0,4,-5,6,1,4,4,-16,2,2,3,-3,2,4,-1,0,2,-3,0,1,2,-4,0,1,1,-1,1,-3,-2,-2,2,0,3,-7,-2],[2422,563,1,-2,3,1,-1,2]]
1814870	r	2839	[[2396,586,3,-3,-1,-2,5,1,3,-3,9,7,-4,1,-2,3,-3,-3,0,3,-2,1,-5,-4]]
1797353	r	15924	[[2351,504,4,-3,-3,-2,0,-2,11,1,4,-2,-1,-4,5,-3,-5,-3,-4,2,8,-6,17,11,-8,12,-5,-2,-1,3,-3,0,-1,4,2,3,-4,6,-7,-2,0,-3,-1,-1,2,0,0,-2,-7,-1]]
1805528	r	4973	[[2384,584,3,-2,-1,-6,3,-1,1,-4,4,0,5,5,-1,3,1,4,-1,3,-7,2,-1,-1,-2,2],[2410,578,4,2,0,2],[2412,585,2,-3,1,4]]
1806602	r	2577	[[2418,605,2,-4,2,-1,-2,-2,2,-1,-2,-2,1,-2,3,2,-1,1,4,2,1,3,4,0,-4,6,-6,-2,-1,2]]
1791121	r	17369	[[2210,600,3,-6,12,-2,2,-2,-3,-6,-7,-2,5,-7,-3,-3,2,0,1,-1,-5,-3,5,1,10,-2,6,6,4,0,4,2,-2,9,-8,2,1,4,-2,0,3,5,-1,-4,2,-2,4,4,3,-2,-1,2,-4,1,0,1,-5,3,-8,0,-3,3,-7,1]]
1804879	r	7779	[[2278,686,5,-2,5,1,0,2,6,-3,4,1,-1,3,2,6,-2,1,8,1,0,2,-3,2,-4,-1,-1,1,0,2,-11,2,-6,-5,3,0,1,-2,-2,-1,1,-1,-1,-5,-2,0,1,-4]]
10942359	r	18014	[[2126,692,8,-5,0,-2,-4,0,2,-2,-4,-5,4,-6,1,2,3,0,1,4,3,-2,1,2,3,-3,3,1,-1,-2,2,-1,6,1,0,5,5,1,2,4,-2,2,2,1,-2,5,1,2,-1,3,-2,0,-1,3,-12,-2,-4,3,-9,1,-1,-2,1,-5]]
1793771	r	7343	[[2359,665,2,-2,14,4,0,3,-5,1,-1,4,3,3,5,0,4,1,2,3,-2,3,1,3,-7,-2,-2,1,-4,-5,-9,1,2,-4,-1,-1,0,-3,3,0]]
1803300	r	18482	[[2172,509,2,-5,0,-2,8,1,0,-2,-2,-2,2,0,1,-3,-2,1,-4,-6,4,-2,-3,-2,1,-5,4,-1,3,0,2,-3,8,7,5,1,2,7,-3,1,-3,3,-5,0,1,6,3,7,-1,2,1,1,-2,3,1,2,-1,0,0,2,-4,1,-3,-6,-7,1,-2,-2,3,0,0,-3,-5,0,-2,2]]
1787331	r	968	[[2407,640,5,-5,3,2,3,-1,-2,4,-7,1]]
1788534	r	16059	[[2274,648,2,-4,-2,-2,3,-5,2,1,1,-3,3,2,3,-2,6,0,-1,-4,6,-2,5,1,1,2,2,-1,-1,-2,2,-1,4,6,8,2,1,7,-2,7,1,2,-7,-4,-3,4,-10,1,-2,-1,0,-2,-5,0,2,-2,-2,-2,-4,0,-1,2,-1,-2,-7,0,-2,3,1,4]]
1816234	r	8426	[[2311,678,2,-1,-2,-2,2,-4,5,-3,0,-3,-1,0,-1,-2,1,-1,4,-1,5,-4,2,1,0,2,7,-1,1,1,-1,1,1,3,0,5,-5,0,0,3,-2,3,-6,-1,-3,6,-5,2,-3,-1]]
1797318	r	28666	[[2061,530,1,-5,3,-1,1,-3,0,-4,3,0,2,-1,-1,-3,1,-1,-3,0,0,-2,-3,-3,1,-4,3,1,1,-2,-2,-1,1,-3,1,-1,3,1,0,-3,2,0,0,-1,5,-1,1,-5,3,1,0,-2,2,0,5,2,-2,4,5,7,-2,1,3,3,1,-1,1,2,-4,1,-2,2,0,3,-2,-1,0,2,-3,1,3,3,2,9,3,2,-2,4,-3,1,-1,2,-1,-2,-5,1,-1,-3,-5,1,-2,5,1,3,-2,2,-5,-1,0,-6,-3,1,-1,-2,-3,-1]]
1784990	r	7162	[[2193,419,1,-3,1,1,1,-3,1,0,-2,-1,2,-1,-1,-2,2,-1,1,1,0,-1,5,2,3,-2,1,-3,2,2,0,3,-4,2,1,3,0,-1,1,0,-1,2,-4,0,1,4,4,3,-3,6,-1,0,0,-2,-5,1,-1,-2,-3,0],[2197,408,1,-3,1,3],[2205,420,4,0,1,-1,1,2,-5,0],[2208,428,1,-2,1,1,-2,-3,5,1,-3,1,1,1,-1,2],[2208,424,3,-2,1,2]]
2037355	r	11204	[[2473,836,2,0,1,-2,-1,-4,11,1,2,-5,5,-1,4,2,0,1,2,2,5,0,5,1,0,2,-3,0,1,6,-1,0,4,4,-4,0,0,3,-3,0,1,2,-2,2,-2,-3,-4,1,-1,-1,-4,0,0,-5,-4,-2,-5,1,-6,-1]]
1801792	r	15143	[[2223,687,1,-1,-1,-1,4,-3,0,-2,-3,-2,1,-2,8,-2,5,-3,4,1,4,4,4,1,2,6,-1,3,4,1,0,3,3,-1,1,2,-3,2,2,2,-5,2,0,2,-5,-1,-9,3,1,-2,-3,-1,4,-2,-2,-4,-2,1,-3,-2,-3,0,-5,-1]]
1802875	n	4373	[[2266,562,3,-3,2,0,3,-1,6,3,0,2,3,2,-5,6,-4,-2,-5,3,-2,-2]]
1804120	r	2863	[[2195,432,1,-4,8,0,0,2,4,-2,2,2,-3,4,1,4,-2,0,-6,0,-2,-5]]
1808963	r	9804	[[2269,734,3,-5,4,-2,3,-1,-2,4,1,3,5,2,2,-1,4,-6,-3,-3,6,-3,6,1,0,-2,4,3,3,0,1,-2,4,1,-1,3,-2,0,-2,4,4,5,-3,1,0,1,-3,0,-1,2,-5,0,-6,-2,-9,0,-5,4,-2,-2,0,-2,-1,1,-1,-2]]
1786764	r	18879	[[2205,605,2,-2,0,-4,3,2,5,0,1,2,10,-2,1,1,-2,4,1,3,7,4,1,-1,4,0,1,-2,2,3,-1,7,-2,2,1,1,-4,3,0,1,-5,-1,-5,3,-3,0,-1,2,-4,-1,-2,1,-3,-1,-1,-3,-1,1,-2,-2,3,-3,-5,-7,2,0,2,-5,-3,-1,0,-5]]
1808198	r	9265	[[2296,701,2,-2,6,0,1,-2,4,-1,2,-5,8,1,-2,2,-1,3,7,5,-5,0,-3,3,1,2,4,1,2,2,0,4,-5,3,-2,0,-1,-2,-4,-1,-3,-4,-8,-3],[2323,692,4,1,1,4,-3,1,0,-5]]
8533133	r	8437	[[2086,513,3,-1,0,-2,2,1,0,-3,3,-1,4,0,-1,9,2,1,1,6,4,1,1,-4,2,0,-3,2,0,3,1,3,4,1,-5,2,0,2,-2,0,-2,4,0,1,-2,-1,-2,1,-3,-8,-2,1,3,-4,-3,-2,-2,-9],[2092,535,1,0,1,2]]
1801180	r	7532	[[2212,439,1,-4,2,-1,3,-5,1,0,1,-4,9,-4,-1,16,-2,2,1,7,-9,-2,-4,2,-1,-1,1,-2]]
1797551	r	11237	[[2164,443,1,-4,4,-1,3,-7,5,-1,0,4,2,3,13,1,-1,4,1,4,3,2,2,-2,-1,3,1,1,-5,4,-5,-1,-2,-3,-2,1,-6,0,-6,-3,-1,-3,-2,0]]
1801934	r	2692	[[2269,669,5,-1,7,3,3,-2,2,1,-1,4,-3,-1,0,5,-3,2,-5,-3,1,-3,-4,0,1,-2]]
1790587	r	10223	[[2215,637,4,-4,0,-2,2,0,1,-2,3,0,5,-3,5,1,0,-1,3,-1,1,4,4,3,-2,3,-2,-3,-5,0,-2,2,0,4,5,2,4,-4,4,2,5,-1,1,3,-2,2,2,6,-5,-2,-5,4,-4,-4,1,0,-1,-3,-5,-2,-4,4,0,2,4,0,1,1,-3,2,-5,-4,0,-3,-4,-2,2,0,-2,-1,1,-1,-2,1,0,-3]]
1806408	r	3577	[[2227,436,3,-6,6,2,-2,4,3,-1,0,-1,3,1,-2,4,1,-3,2,2,0,-2,3,1,1,-3,2,3,-3,4,-3,1,0,3,-2,0,-3,-6],[2236,431,4,2,-3,0]]
1786760	r	2030	[[2390,626,2,-4,11,4,-3,1,1,3,-8,2]]
1788046	r	2580	[[2271,685,2,-1,-1,-3,2,-4,6,3,3,-4,3,0,-1,9,-2,-1,-7,3]]
1783745	r	4351	[[2081,589,2,-1,-2,-1,2,-3,2,1,4,0,2,-2,3,1,0,-4,5,1,2,-2,4,0,-1,2,1,3,-4,3,0,3,-2,-2,-4,1,-1,-2,-2,2,-1,-1,-1,4,-3,-1,-2,2,-2,-1,0,-2]]
10630003	r	2927	[[2338,690,3,-5,-1,-2,3,-1,8,-1,3,2,-2,2,2,2,-1,2,-4,1,-6,-1,0,2]]
1799491	r	5483	[[2085,593,2,-2,3,1,1,-4,1,1,2,-2,1,2,4,-1,2,2,0,-3,4,-3,4,4,-2,1,1,3,-2,-1,2,3,0,2,-6,1,-3,3,-3,-3,-1,2,-4,0,-2,2,1,-5]]
1808316	n	4341	[[2237,571,2,-5,4,-1,10,5,-3,3,4,6,-2,3,-7,0,1,-7,-4,-2,-4,1]]
1805518	r	5596	[[2317,718,0,-2,5,-2,0,-4,3,-3,-1,-1,2,-1,-4,-4,1,-2,5,-2,0,2,7,-1,1,2,5,-5,0,4,-6,4,1,3,-3,5,-5,-1,-2,2,1,3,-6,5],[2341,693,2,-4,5,3,-2,2]]
1803834	r	5609	[[2305,730,2,-4,4,3,4,0,3,-3,3,-1,1,-3,9,6,-3,3,-1,5,2,3,-4,2,-4,-4,-2,-3,-9,-1,-1,1],[2306,716,7,2,0,5,-4,-1]]
10942283	r	15594	[[2228,736,3,0,2,-3,1,1,6,0,0,1,0,2,-3,3,-4,-1,-3,1,2,-2],[2239,745,0,-2,3,0,1,-2,3,-2,5,0,-2,3,4,0,4,-2,1,-3,8,3,6,-5,2,3,2,0,-1,5,8,10,-2,2,-11,-1,-5,8,-3,0,-6,-2,-5,-7,1,-3,-5,0,-4,-5,-1,1]]
1808956	r	13869	[[2240,736,1,-4,3,-4,7,-3,-1,-4,2,0,6,-3,12,-1,2,-2,1,2,0,6,1,0,-1,0,2,4,-4,3,1,1,-3,3,2,1,-5,5,-8,-3,-3,5,-5,0,0,-3,-6,1,-3,-1,1,-1]]
1792892	r	8121	[[2105,690,6,-4,1,-4,3,2,9,-2,2,3,1,-3,3,4,4,0,0,2,-4,3,-10,0,-2,4,1,3,3,1,-3,2,-5,0,-4,7,-4,-1,2,-5,-3,-2,4,0,2,-6,-2,-3],[2122,698,6,-2,-1,-4,2,1,0,4]]
1791636	r	11436	[[2179,698,2,-4,2,0,0,-2,-3,0,0,-2,5,-1,3,4,0,-4,2,-4,10,0,1,1,-3,2,1,1,-1,3,1,1,4,0,1,-2,-1,-2,5,-1,-1,4,-2,1,-1,5,4,8,-6,3,-11,0,-5,-4,3,-2,-1,-2,-2,1]]
1805953	r	4834	[[2407,613,7,-2,-1,-3,-4,0,-1,-2,1,2,4,0,2,-3,3,0,6,4,6,-3,0,8,-5,0,-3,3,-2,0,-1,4,-5,-2,0,-2]]
1784285	r	25396	[[2078,752,6,-4,10,0,0,-1,-2,-1,0,-2,4,1,3,-4,4,-1,1,-2,3,-3,-3,-1,1,-3,2,-1,3,-6,2,1,4,-3,2,2,2,0,0,2,4,1,2,3,2,0,-1,2,2,0,0,1,-6,-1,-4,7,-3,-3,-1,0,0,2,2,2,-6,4,2,1,2,-1,0,2,3,0,-1,2,4,3,-1,2,-2,-1,-1,3,-5,-1,2,2,-6,8,-26,6]]
10794003	r	3710	[[2431,816,4,1,1,2,3,-5,0,1,2,-2,-1,0,5,1,-3,2,5,2,-1,1,2,1,-1,4,3,1,-5,-1,0,3,-1,2,-9,-2,-3,-2,0,-3,3,0,-2,-1,1,-1]]
1805179	r	17374	[[2279,581,4,-6,1,2,3,-3,4,1,4,-1,3,2,2,4,4,2,11,-4,4,4,6,1,3,-2,5,4,-2,2,-1,6,-2,-1,-1,1,1,4,-9,-3,-6,3,-3,0,-4,-5,-4,2,1,-4,-3,1,-1,-1,-1,1,0,-2,1,0,-1,-1,-13,-1,0,-2,-4,-1]]
1785294	r	5130	[[2273,720,0,-3,3,-2,0,-2,5,2,-1,4,3,2,1,-1,7,-1,1,-3,3,-1,0,-1,3,-1,2,6,-2,4,-6,-1,-5,3,-6,0,-1,2,-5,0,-2,-4,1,-3]]
13608002	n	1322	[[2427,621,1,-6,12,3,-2,3]]
1816373	r	24801	[[2072,541,3,-2,-1,-3,2,-5,5,0,1,2,-2,2,0,3,2,3,3,1,4,-3,-1,-5,2,-2,3,-2,3,8,3,-1,1,1,2,-5,2,0,0,-2,6,-2,1,-2,7,3,1,-1,3,1,1,7,4,1,2,2,-1,3,6,3,0,2,-2,3,-5,-1,0,2,-4,-1,-3,2,0,2,-7,-2,-4,3,-3,-2,-2,-7,-3,1,-4,-2,-1,1,-4,-1,-5,3,-4,-4,-4,4,-2,-3]]
1783763	r	9054	[[2259,550,3,-6,4,0,-3,-1,3,-4,-2,-1,2,-3,2,0,0,-4,3,1,1,-6,2,-2,0,-2,1,-1,5,4,2,5,0,2,-5,1,0,3,1,3,-3,3,2,6,-4,-1,-2,2,-5,-1,-2,2,-1,2,4,4,-2,4,-4,-1]]
1783633	r	3067	[[2332,711,3,-3,1,-5,14,3,-1,3,-4,1,-3,3,0,3,-5,-2,-5,0]]
1787858	r	22541	[[2324,577,5,-3,2,-6,4,0,1,-1,1,1,0,2,3,0,1,2,4,0,2,-3,-2,-6,4,-1,0,-3,1,1,5,-4,2,3,10,3,-1,3,4,2,-3,9,-6,6,0,4,3,1,-4,5,-6,-1,-4,-2,-3,-5,3,-1,-1,-4,2,-1,0,-2,-3,1,-3,-3,-6,4,2,4,-1,4,1,0,-1,6,2,2,-6,-3,-6,1,1,-5,2,-2,-4,-2,-2,-5]]
1807700	r	2729	[[2328,676,3,-4,0,-3,3,0,2,0,0,-3,3,0,0,6,-2,0,3,6,-1,4,-3,0,0,-2,-4,0,1,-2,-2,0]]
1800818	r	7145	[[2057,590,2,-2,5,1,4,4,-2,1,1,2,2,-1,4,4,2,-3,-1,-2,4,1,3,3,4,-5,5,3,0,6,-6,5,-2,-2,-3,2,-4,0,-6,-5,-4,-1,-3,-3,1,-5,-4,1]]
1810820	r	9402	[[2312,551,4,2,4,-1,6,3,3,-1,0,-5,1,5,4,0,2,1,2,-1,-1,-2,2,-2,-1,-3,-2,2,-2,-1,1,-6,-4,-2,-4,1,3,-1,2,-3,2,3,7,2,2,4,-1,1,0,4,-2,2,4,1,2,3,-4,1,-1,-1,0,3,-6,4,-1,-3,-3,0,-5,4,-1,-2,-3,2,0,-5,-5,-3,0,-2,-2,0],[2312,545,7,-6,2,4,3,-2,3,0,-1,3,1,3,-5,0,-4,-3],[2325,532,1,-2,3,2,2,-1,0,2],[2334,565,2,1,-1,2]]
1809532	r	5173	[[2184,466,1,-4,2,-1,-1,-1,4,-2,2,-5,4,2,-1,2,2,1,-1,2,2,1,-2,5,-3,3,-2,-3,-4,2],[2201,476,3,-3,3,2,4,-1,1,2,-5,2,1,3,-2,-1,0,-3,-2,1],[2205,463,3,-2,5,5,-2,2,-4,-2]]
1808370	r	10993	[[2231,537,5,-1,4,3,-2,0,-4,3],[2241,540,4,-1,2,-3,-1,-3,-3,-2,2,0,-2,-2,1,-5,1,-2,3,2,2,-1,2,1,1,-2,0,9,4,3,2,-2,0,2,4,0,-1,2,3,0,1,3,-3,4,3,1,-1,1,-3,-1,-2,5,-4,-2,-4,2,-3,-2,-3,0,-2,-2,-1,2]]
1785781	r	10926	[[2191,442,1,-4,2,0,0,-5,2,0,2,0,2,5,8,0,-1,6,6,0,0,1,3,1,-2,4,1,-1,0,3,3,0,-4,6,1,3,-4,2,-5,-2,-1,-4,-6,4,-3,-1,1,-2,-2,-1,1,-2,-3,-3,4,-1,0,-3,5,-1,1,-4,-3,-3,-4,0,-2,3,1,5,-3,-2]]
1805540	r	10437	[[2225,601,3,-3,7,0,4,-1,3,-4,2,4,3,2,5,-2,1,-5,4,4,2,-2,1,2,-2,-4,1,-2,2,1,1,-2,4,4,-5,11,-4,0,-1,-2,-5,0,-1,6,-6,1,-3,4,-3,-4,3,-3,-7,1,-3,-2,1,-3],[2272,600,4,-1,6,3,-5,2]]
1788572	r	3645	[[2270,704,3,-4,6,-2,7,6,-3,4,-8,5,-4,-1]]
1786746	r	18683	[[2278,557,1,-2,4,0,2,-4,3,0,4,3,-1,3,-1,1,2,2,0,2,4,0,-1,-1,3,0,5,1,0,-4,5,0,0,1,2,0,0,-1,7,-3,0,2,4,2,2,4,-2,0,1,3,-5,0,-1,2,-3,-1,-1,1,-1,0,1,4,-2,0,1,3,-2,0,1,2,-1,3,-5,2,-4,-2,-2,-4,-3,-2,-4,1,-4,-1,-3,3,-1,-1,-1,-5,2,-1,-1,-1,2,-2,-5,-4,1,-2,-3,-1,2,-1]]
1790353	r	10251	[[2153,705,4,-5,0,-3,2,0,1,-3,-1,-2,2,-5,-2,-1,1,-2,14,1,5,3,0,3,4,1,0,2,-2,0,-1,3,-6,1,-2,3,3,5,3,0,-5,5,-2,-5,-12,-1,-4,1]]
1796556	r	3322	[[2176,370,4,-2,-1,-2,3,0,9,-3,4,1,1,4,4,1,-1,1,-8,0,-3,3,-2,-3]]
1795874	r	14578	[[2257,507,0,-2,4,-1,-2,-1,1,-6,-2,-5,3,-3,11,1,4,-2,3,-4,-5,-4,2,-2,9,1,0,-1,2,0,1,3,4,2,-1,2,-2,-3,-3,2,-1,9,-4,-1,-1,-2,-2,1,1,5,-1,5,5,5,-3,-1,0,4,-8,-3,-7,4,-7,-4],[2288,507,3,-3,0,-3,4,2,-2,1,2,2,-4,2]]
1802276	r	17270	[[2317,503,1,-4,6,-2,1,-1,3,2,2,-6,6,2,-1,-3,3,-4,3,10,2,-1,3,4,4,-1,0,4,2,2,3,7,-5,3,-2,-2,-1,3,-4,-5,-3,6,-1,-5,-5,-2,-4,4,3,6,-3,-1,-2,2,-5,-4,1,-1,-3,-2,-1,-8]]
1786217	r	22336	[[2219,501,1,-3,2,1,0,2,3,2,3,0,1,-3,0,-6,1,-1,4,3,6,-1,3,2,-1,3,2,4,3,0,0,2,2,2,-2,3,-2,1,0,2,3,1,0,2,-3,1,2,4,-3,2,-1,5,2,2,-2,-1,0,3,-3,0,0,-1,-3,4,-2,1,-3,-1,-2,1,-3,0,-1,-7,-2,-1,-1,3,-2,0,-1,-5,6,-2,-2,-6,1,-2,5,0,-4,-3,0,-5]]
1806535	r	4877	[[2385,611,2,0,0,-3,4,1,2,-1,1,1,0,2,2,0,1,3,1,-2,6,2,1,-1,4,1,1,1,-1,4,-6,0,-5,4,-5,0,-2,-6,-2,-4,-2,1]]
1812057	r	3077	[[2214,450,1,-6,3,0,9,2,1,-1,6,4,-2,2,-4,-2,0,1,-3,0,1,1,-4,3,-7,-2,0,-3]]
1803936	r	37843	[[2036,753,16,-10,1,-1,-3,0,-1,-3,5,-4,-2,-1,4,-4,-1,3,-1,0,2,2,0,-3,2,1,-2,4,3,0,-1,2,5,-1,2,3,0,-3,2,0,1,-1,2,0,0,2,-4,0,4,0,0,2,3,1,2,5,0,4,3,1,4,18,-3,6,5,4,-1,3,-2,3,1,2,-5,1,-10,-2,-7,-5,-11,3,-12,-3,4,-4,-2,2,9,-2,0,-5,4,-4,-1,-1,3,0,1,-3,-1,-2,-3,1,-9,-3,2,-4,-3,-4,-1,2]]
1786455	r	4959	[[2364,710,4,-4,4,1,1,2,1,-1,5,0,2,6,-3,2,-4,-1,0,1,2,3,5,3,-4,0,0,2,-7,-2,0,-3,-2,1,-4,-3,1,-2,2,0,-3,-2]]
1808857	r	20026	[[2110,658,2,-4,8,3,2,4,5,0,3,-4,-2,-5,7,3,5,0,2,-2,0,-2,3,-3,4,3,0,-3,4,0,7,-5,4,2,-2,4,4,1,-2,2,1,0,0,2,-4,4,2,2,-1,4,-2,1,3,4,-2,1,0,4,-3,1,-10,-2,-2,1,1,2,-3,-1,-3,3,-1,-2,-3,2,-1,-4,-3,0,-2,-4,-3,2,-4,-1,4,-3,-1,-5,-4,-1,-5,1,-1,-4],[2114,668,1,-2,3,-1,0,4,5,3,-4,0,-3,-4]]
7576887	r	11718	[[2211,487,3,-4,0,-4,3,-1,1,-5,5,6,4,-2,1,5,2,1,3,-6,3,-1,0,2,3,2,-2,5,4,2,-3,6,2,2,-6,1,-3,-3,-2,0,0,8,-4,2,-3,-2,1,-5,-3,-3,1,-3,-2,-3,1,0,-2,-2,-1,3,-1,-2]]
7602670	r	2314	[[2377,722,4,0,-1,-2,3,-1,0,-1,4,0,0,-2,2,0,1,-2,2,0,0,3,2,0,-1,6,-4,1,0,2,-11,-3]]
1812101	r	6273	[[2364,753,0,-6,2,0,1,-3,18,4,-1,2,-5,1,2,3,4,0,-8,9,-5,0,-1,-2,1,-2,-2,-1,-5,5,0,-6,2,-1,-1,-3]]
1801640	r	6373	[[2103,579,2,-3,-2,-4,3,3,6,-1,0,-1,-2,-5,-6,1,2,0,1,-4,3,3,4,-3,3,0,-1,2,-1,-1,-2,0,-1,3,2,3,-2,2,0,2,3,2,7,-1,-1,-3,7,-4,-4,8,-4,2,-2,-2,-2,1,-2,5,-4,-2,-2,4,-4,-5,1,-2],[2103,560,2,0,0,-2,1,-4,4,2,3,-3,14,4,-2,5,-3,1,-1,0,-1,-5,-3,-2,-4,1,-2,2,-4,0,-3,3]]
1800779	r	11147	[[2306,475,3,-1,1,4,-2,1],[2308,470,2,-2,3,2,-3,1,-1,2],[2313,479,2,-1,0,3],[2315,491,1,-2,0,-1,4,-5,-2,-2,3,-1,-1,-3,-4,2,3,-4,-1,-2,2,1,3,-2,2,3,5,0,0,2,9,8,-4,6,1,3,-6,-2,-2,6,-3,-2,-1,1,-8,1,-1,-5,2,-2]]
1927639	r	13174	[[2246,591,4,-5,4,0,1,-4,4,-1,-6,-5,4,2,4,-1,2,-3,-2,-4,2,-1,2,4,3,0,6,-4,9,3,0,5,-2,0,-2,4,-5,1,0,3,-2,0,3,4,-2,1,2,2,-2,2,-2,0,0,3,-9,-8,-1,2,-2,-1,-1,2,2,4,-1,-2,-2,2,-3,-4,-5,1],[2250,573,2,-2,1,0,0,5]]
1804591	n	1293	[[2348,724,2,-1,-1,-1,9,0,0,3,-7,3]]
1798827	r	8793	[[2245,675,5,-3,9,0,2,-1,0,-2,7,-2,0,-4,5,1,-1,1,2,3,-5,1,3,3,-1,2,4,0,0,2,-3,4,-4,0,-3,2,-2,0,-2,4,-8,1,-2,-2,1,-2,-2,-4,1,-1,-5,-2]]
1816440	r	5937	[[2335,659,6,-5,8,3,1,3,3,-2,2,3,5,-1,1,2,-2,3,1,2,-5,-1,-10,4,-4,-2,1,-2,-6,0,-1,-5,1,-1]]
1789176	r	1982	[[2324,723,1,-2,8,0,-1,-2,3,-1,4,1,1,2,-3,0,0,5,-3,0,-4,2]]
1796823	r	630	[[2335,799,1,-1,3,2,2,-4,4,1,-2,1,1,4,-7,-1]]
1809412	r	1044	[[2398,580,1,-3,-1,-1,2,-1,4,1,3,4,-5,2]]
1790492	r	2794	[[2248,551,3,-3,2,1,3,-2,2,0,2,2,0,5,1,1,-1,1,2,4,-4,0,-3,2,0,-4,-2,1,-1,-2,1,-1,-1,-2,0,-2]]
1803567	r	18147	[[2207,738,2,-3,-1,-1,2,-2,-1,-9,2,-8,2,1,5,-2,1,2,2,-1,1,1,2,-2,3,0,-2,-1,1,-2,5,0,2,2,5,-2,-2,-2,2,-1,3,9,3,-1,-1,2,4,0,4,2,-1,1,1,1,0,3,-7,3,-4,6,-3,0,2,-3,0,-4,-5,-2,-5,4,0,3,3,2,-1,2,-7,-1,-1,2,-2,0,0,2,-4,-2,-3,2,-1,-2]]
1784642	r	3832	[[2379,637,1,-2,1,1,4,-3,2,4,4,0,4,-2,1,6,3,-1,-2,5,-2,2,-3,-2,-1,1,-10,-3,-1,-1,2,0,0,-2,-2,-1,2,-1]]
2036662	r	9301	[[2384,811,7,0,1,-6,3,-1,0,-3,3,-1,12,5,2,4,5,4,4,1,-2,1,2,3,-11,2,-7,-2,1,2,-3,2,-2,-3,-3,0,-2,-3,-3,1]]
1281673	r	10591	[[1974,504,1,-8,2,1,4,-4,-1,-5,2,-2,4,3,2,-4,6,4,-1,3,3,2,1,5,4,2,-2,3,-5,-3,-2,1,-6,5,1,3,-5,0,-2,3,-5,-2]]
2038087	r	40492	[[2318,833,3,-5,3,-2,1,-5,3,-3,5,3,1,-3,5,-4,11,-1,-6,-3,3,-5,5,-1,8,2,5,3,6,-1,0,-2,3,4,5,1,5,2,-3,0,-4,3,1,3,2,1,-1,1,2,1,4,4,-7,0,-1,1,-10,0,-2,2,1,2,-4,4,5,2,-2,1,1,2,-1,0,1,1,-4,0,1,1,-1,1,-3,2,2,1,-1,2,-4,4,-7,0,-1,-3,-6,1,-4,-2,0,-3,-3,2,-9,-4,1,-3]]
1804609	r	13348	[[2168,476,2,-3,5,3,1,-6,3,-3,5,-2,3,3,4,-2,4,3,2,0,3,7,4,2,2,-1,0,3,3,4,-4,3,-1,0,0,2,-3,0,-1,-4,-4,0,-9,-7,-1,3,-3,0,-4,1,0,3,-4,3,-2,-2,1,-3,-5,-4]]
1790254	r	5881	[[2266,618,4,-4,5,3,1,-2,1,1,6,-1,0,6,2,3,-1,1,2,2,3,-1,3,9,-6,0,-3,2,-2,-8,-4,-1,-1,-4,-2,0,-1,-3,-3,2]]
1800829	r	3127	[[2206,443,1,-3,2,-1,-2,-2,0,-3,4,-7,-1,-1,2,-1,3,4,-2,-2,0,-2,2,3,4,1,-1,0,-3,5,-2,1,1,9]]
1783683	r	5728	[[2089,602,2,-3,4,0,1,-2,3,3,3,-3,5,0,2,-3,2,0,1,3,3,0,0,4,-7,5,-6,1,-1,4,-1,0,-2,2,-1,-1,0,-6,-4,0]]
1797264	r	8798	[[2360,583,2,-3,6,-4,0,-6,2,-1,-1,-4,4,0,2,6,2,-1,4,5,6,2,0,5,-3,4,0,-2,-4,0,-2,3,-6,-3,0,3,-6,3,0,-1,-2,-1]]
1798654	r	3813	[[2271,551,1,-4,5,1,-2,-6,3,-3,5,6,-3,4,3,0,3,3,-3,3,-5,2,2,2,-3,1,-2,-1,0,-3]]
1886762	r	906	[[2437,600,1,0,0,2],[2439,603,1,-3,6,-1,0,2],[2441,595,3,-2,-2,3],[2441,606,3,-1,1,1],[2445,609,3,-1,-1,2],[2446,599,2,-2,0,2]]
2035265	r	17583	[[2466,940,2,-1,-1,-2,5,-1,0,2,-2,-1,0,2],[2467,949,5,3,-1,-5,-3,0,3,-3,-1,-2,5,0,4,-2,9,4,0,3,5,-1,8,4,0,-2,5,0,1,-2,4,0,2,5,-3,5,14,2,0,-4,7,1,2,4,-2,2,2,2,-2,1,-5,-1,0,2,-9,2,-1,4,-4,0,-1,0,0,-3,-8,-2,1,-5,-18,-2,0,-2,-3,-1,-4,0,-3,-2,-4,0,-3,-2,-2,1]]
1804586	r	2619	[[2404,741,2,-1,-1,-5,2,3,6,-5,0,-2,5,1,-1,2,3,7,-2,1,-7,1,-4,-1,-2,1]]
1813206	r	1553	[[2291,599,7,-2,3,3,0,2,3,1,-1,1,-5,-1,-1,3,-3,1,-1,-2,2,-4,-4,0]]
1789065	r	16814	[[2160,665,7,0,7,-4,1,-3,-1,-3,-3,-2,-9,4,3,-3,0,-2,-1,0,2,-2,-4,-1,1,-4,6,0,14,-7,3,-4,6,1,0,7,-2,4,1,4,-6,3,-1,4,-4,3,-1,3,-8,3,2,5,2,0,4,4,-6,2,-1,-2,-11,-1,0,-4,2,-1],[2193,655,2,-3,5,-1,4,2,-1,3,-6,2,-4,-1]]
1804540	r	5733	[[2322,788,2,-1,-1,-3,4,-3,-3,-4,4,-1,-1,-3,2,-3,3,-1,3,4,-1,5,1,3,3,1,-1,2,1,3,-2,0,1,2,-1,0,0,3,-5,0,-3,-1,1,-2,-5,1],[2336,798,3,-2,-1,-2,5,-1,1,2,-3,1,-2,4]]
1280737	r	31459	[[1795,592,1,-2,0,-2,2,-1,9,-1,-5,-4,1,-7,2,8,2,3,3,-1,10,3,4,3,4,-1,3,2,3,-2,3,2,8,-1,3,2,0,4,-2,-1,-2,3,5,1,3,4,-6,1,-7,8,-11,4,-1,4,-5,0,1,-2,-1,-1,-3,2,-3,1,-4,-10,1,-2,-4,-1,-1,-2,-3,0,-4,-7,-4,0,1,-4]]
1805987	r	3343	[[2251,699,2,-2,4,-1,6,1,4,3,5,-1,1,2,-3,3,1,9,-1,-3,-6,-1,-2,-2,-2,0,2,-6,-1,-1,-5,-1,-1,3]]
2038300	r	4864	[[2472,817,11,0,-1,4,11,1,2,3,-7,1,-2,5,-14,-1,1,-5,-1,-1,2,-3]]
1799194	r	6315	[[2119,609,6,-5,4,2,3,0,3,-6,6,1,5,6,-2,0,0,4,-2,-1,1,-1,-3,1,1,3,-8,4,-5,-3,-4,1,-2,-5]]
1791673	r	4335	[[2423,740,4,-2,1,-2,4,1,-1,-2,2,0,0,2,6,2,0,1,2,0,0,-2,2,2,2,-2,-1,-1,3,0,2,0,-1,1,3,1,-7,2,2,6,8,1,-10,0,-3,3,-5,-5,-1,-4,-9,1]]
1817720	r	1242	[[2414,597,1,-1,2,1,1,-2,4,1,-2,2,2,2,-2,1,-2,4,-3,-1]]
1788508	r	3150	[[2290,558,2,-2,-1,-5,2,0,15,7,-5,0,0,4,-7,-1,0,1,-4,0,0,-2]]
1786770	r	5918	[[2072,572,2,-1,3,-5,-1,5,1,2,2,-1,6,1,-4,-5,4,0,0,1,10,3,2,3,-1,5,-2,0,0,4,-2,0,0,-4,-5,-2,-4,3,-3,-5,-5,1],[2088,559,3,-2,6,1,2,3,8,2,0,2,-4,-3,-4,5,-4,-2,-2,-5],[2103,571,1,-1,0,2]]
1793703	r	806	[[2419,630,3,-3,6,4,-6,4]]
13608000	n	983	[[2420,617,2,0,3,-3,3,1,-2,6,-6,-2]]
1815059	r	19224	[[2244,522,3,0,-2,-4,2,0,1,-3,-3,-1,0,-3,2,0,2,-3,-2,-2,0,-2,6,-1,3,-5,4,1,-1,4,2,1,-4,1,0,2,3,0,3,3,3,0,0,-1,6,-3,4,1,4,4,-2,3,2,4,0,2,5,3,-1,1,-5,0,-4,-3,-4,11,-3,0,0,4,-2,-1,-3,2,-1,-2,3,-5,-4,-7,-5,1,-3,-2,-1,2,-2,-1,-2,1]]
2037886	r	3118	[[2467,799,4,-4,2,2,9,0,1,-2,0,2,4,2,0,3,4,3,-1,-1,-6,4,-4,-7,-6,0,-1,3]]
1817993	r	13455	[[2315,614,3,-4,0,-4,3,-2,2,-7,2,-1,6,2,1,3,4,1,2,3,0,4,6,0,1,2,0,3,-3,1,-1,4,2,2,-3,4,-6,-4,-3,-1,0,4,-2,-1,-2,1,-3,-3,-2,1,-1,-3,-4,-2]]
1788927	r	11559	[[2275,742,7,-5,9,0,6,2,5,0,1,-2,3,0,0,-1,3,-1,5,1,3,5,-2,3,-4,-2,-1,2,-1,-1,-1,3,-4,0,-1,3,3,-1,3,2,-5,1,1,3,-3,2,-8,-5,-11,0,-5,-4]]
1784841	r	26041	[[2053,541,7,-12,1,3,3,1,1,2,3,-1,0,6,4,0,1,2,4,4,2,3,4,-4,4,4,5,-3,4,1,1,-1,4,2,3,0,2,4,0,4,-1,2,1,1,-5,3,-3,-4,-7,-1,-5,4,3,1,0,3,-3,1,-1,2,-4,0,4,5,-6,-1,-2,1,-1,-2,1,-5,-3,-2,-1,1,-3,-2,-3,2]]
6929460	r	18576	[[2023,541,4,-3,1,-3,2,0,-2,-3,2,-2,-2,-12,4,-2,11,0,4,2,0,3,-2,3,6,3,2,-3,2,2,1,8,-3,7,-18,5,-2,-1,-1,2,-4,-4,-5,0]]
1814757	r	11092	[[2343,654,1,-5,4,1,-1,-2,2,-1,0,-2,8,-1,1,-3,-2,-1,5,-3,12,8,1,5,-2,0,-1,2,7,0,4,-3,2,3,0,5,-2,-1,-2,3,-3,0,-2,-2,0,-2,-6,0,-4,-6,-3,1,0,2,-3,1,-2,7,1,1,-3,0,-2,-3,-3,2,0,-3,-5,-1]]
1788081	r	10622	[[2359,610,3,0,0,-1,2,0,2,-3,-1,-1,2,-3,3,0,1,-3,6,3,2,2,-1,2,1,1,5,-1,4,1,-1,4,-2,0,3,3,-4,2,-1,4,4,3,6,-2,0,1,-5,1,-1,3,-11,-1,-3,1,2,-3,-5,-4,-1,-4,-2,2,-1,-3,-3,0]]
1817968	r	11397	[[2105,520,6,-6,3,-1,2,-4,3,0,0,3,8,-5,2,0,-1,3,2,0,3,7,-5,9,2,-1,1,3,-2,1,-1,-1,-5,5,-1,-4,-3,0,-1,1,-6,-2,-3,-2,5,-3,-2,0,0,-2]]
1790840	r	9569	[[2206,486,3,-2,-2,-3,1,0,-1,-3,5,-2,0,-9,5,2,4,-3,0,-3,-2,-2,2,-5,-3,-3,3,0,0,2,3,0,3,3,2,3,-2,2,1,6,2,4,3,1,0,5,-2,2,0,2,-3,-1,-1,-5,-4,2,-4,-6,-2,5,-3,1,0,4,-3,5]]
1797595	r	8313	[[2371,806,7,-3,-2,-8,1,0,7,1,3,-2,-3,-3,2,1,0,-3,5,-2,1,6,7,3,-2,5,-2,1,0,2,-3,1,-1,6,-10,1,-7,-2]]
1816920	r	19272	[[2196,532,1,-3,3,-1,-1,-4,3,-1,-1,-2,3,0,2,-2,6,8,7,-2,3,7,2,-3,2,1,1,7,4,0,3,5,4,-3,3,0,1,5,-4,5,-5,1,-2,3,-6,-2,-8,2,-1,-2,-2,1,-1,-1,1,-2,-2,-3,-8,-3,-3,-6,0,-3]]
2036986	r	14571	[[2593,959,2,-3,3,-2,1,-3,-2,-3,1,-1,-1,-1,6,-2,1,-2,3,-1,1,1,2,-1,3,1,-1,1,2,1,-3,2,1,1,8,-1,-1,-1,3,-1,18,1,1,2,5,2,4,5,-3,1,-8,-2,-5,1,-2,-1,-3,2,-9,-1,-2,4,-4,3,3,5,-1,1,-11,-1,0,-2,-3,-1,-5,3,-3,-4,1,-2]]
1784055	r	3952	[[2450,796,2,-4,-2,-2,1,-1,6,3,2,0,1,2,4,-1,1,2,3,1,1,-1,1,1,-2,4,-7,1,-3,3,-2,-2,-5,-1]]
1801620	r	4026	[[2358,634,1,-1,-1,-2,1,-2,4,-1,0,2,2,1,1,-2,1,2,4,-5,7,3,-1,4,-2,1,-2,-1,0,2,-3,1,-1,2,-2,1,1,2,-6,-4,-3,1]]
12324556	r	5567	[[2116,785,4,-4,0,-4,8,-1,5,-4,6,7,0,2,-6,-1,-2,3,0,4,-6,6,-6,-3]]
1812961	r	4685	[[2076,629,7,-9,0,-2,7,1,6,-5,0,-2,2,1,2,-2,3,2,0,2,-3,1,-1,3,-2,0,-3,4,1,3,-4,3,-9,-6,-3,4,1,3,3,1,-1,3,-2,0,-2,-4]]
1787351	r	4532	[[2258,763,3,-2,4,1,5,-8,10,0,1,1,-4,5,0,3,-6,2,1,4,-1,1,-8,-2,0,-1]]
1783873	r	13535	[[2262,659,2,-1,0,-4,1,-1,-1,0,0,-2,6,0,3,3,5,-2,1,-2,2,1,1,-2,2,1,4,-4,5,2,-2,2,5,0,0,2,2,1,5,-1,1,1,0,4,-6,2,0,3,-3,-1,-2,3,1,2,-3,2,-5,2,-2,-1,-3,2,-7,-3,-2,-5,-4,0]]
1815463	n	1833	[[2229,704,2,-3,3,-1,5,2,1,2,-1,3,-4,2,-4,-2]]
2033196	r	44411	[[2276,822,5,-3,0,-2,5,-5,0,-5,5,0,-2,-2,-8,-1,1,-3,-3,1,-1,-2,3,-2,3,0,0,-1,4,0,0,-4,2,-2,7,1,4,2,2,-1,4,3,2,5,8,2,2,2,-4,6,7,2,3,3,4,-1,-4,6,-1,5,-3,2,-3,5,8,7,-10,5,-13,3,-18,-1,-1,-4,2,1,3,-2,-1,2,3,2,5,-3,-6,-1,0,-3,-4,0,-2,-3,0,-6,-3,1,-3,-2,1,-1,-1,-2,2,-2]]
2037346	r	10263	[[2420,845,2,-3,-1,-2,3,-1,2,-1,-1,-2,4,-2,2,2,6,0,6,5,14,6,-1,3,3,1,-4,3,2,0,-2,2,-8,1,2,-2,-1,-1,-9,0,-2,-3,-3,-2,-2,1,-4,0]]
1796989	r	3071	[[2246,434,2,1,-1,4],[2247,442,1,-3,2,0,-1,-2,3,-2,4,4,2,-2,3,2,-2,6,-3,4,-3,-3,1,2,-2,0,1,-1,-2,-2,2,-2,-1,-4,-2,1,-1,2],[2250,432,3,1,0,1],[2254,434,1,0,0,-2,1,0,1,3]]
1807234	r	3003	[[2294,597,0,-2,3,0,1,-3,5,-2,-1,4,5,-1,3,4,-6,7,-3,1,-4,-1,1,-1,5,1,0,-2,-2,0,0,-2,-2,-3,-5,1]]
2036113	r	4687	[[2452,824,4,-2,2,2,4,0,3,-3,-4,-3,2,-4,8,3,3,4,-2,3,1,1,0,4,-10,2,-1,1]]
1816269	r	41011	[[2089,493,5,-7,1,3,6,0,3,-2,-1,-1,2,-2,-1,-1,4,-2,-2,-1,6,-14,-1,-1,0,-3,3,-1,4,-3,4,2,2,-1,2,-2,4,2,3,-2,3,3,-1,4,4,2,2,0,5,1,1,-2,4,-1,1,2,5,1,1,2,-3,0,-1,4,3,1,-2,2,-3,0,-2,2,-2,-1,-2,3,-6,1,-2,1,0,6,-3,4,-1,0,2,2,-3,2,4,1,-3,3,1,2,-12,-3,1,-3,-4,-3,-1,2,-9,1,-1,2,-5,2,-3,-2,0,-2,-6,-4,-4,3]]
1816336	r	10957	[[2345,751,4,-6,0,-3,-3,-1,2,-2,3,1,3,-6,5,4,-2,3,-6,1,2,3,7,0,3,-5,3,0,2,4,-2,3,-2,0,0,6,2,0,1,3,-3,3,1,10,-2,0,-7,-3,-2,-4,-3,-1,0,-7,-2,-1,-2,1],[2367,763,1,-4,4,0,-1,8,-4,1]]
1785738	r	11211	[[2205,693,3,-1,9,0,6,4,8,1,3,3,-4,2,0,4,3,2,4,0,1,3,-5,2,-2,-2,-5,0,-1,2,2,1,-3,0,-2,2,-1,-1,-2,1,-1,-2,-5,2,-6,-15,4,-1,4,1,0,-5,-5,0],[2238,708,2,-3,-1,-3,2,-1,0,5,-2,2]]
1812955	r	10342	[[2315,739,7,-1,3,3,4,-1,-1,-9,4,-2,0,2,7,6,-2,3,2,1,-1,1,3,1,-1,4,0,2,5,2,2,3,2,-1,2,1,0,6,-3,-3,-12,0,-7,-7,-3,1,-1,-2,-1,1,2,-2,-7,-1]]
1796669	r	9760	[[2207,690,3,-3,-1,-2,4,-2,-1,-2,1,-2,-1,-2,10,-6,3,5,-1,2,3,2,0,2,-4,3,0,3,8,3,3,0,3,2,2,-1,0,2,-3,1,1,1,3,-1,0,2,-3,1,3,1,-1,2,-6,-1,-2,-3,-8,-1,-6,-4,-10,0]]
6642286	r	9932	[[2288,625,3,-3,-1,-2,4,-1,0,2,1,1,2,7,-4,3,-3,-1],[2290,603,1,-2,3,0,-1,4,1,2,5,-3,2,1,4,-1,0,2,-3,2,-1,4,4,2,4,-2,1,-3,3,-2,1,-3,2,0,2,2,0,2,1,1,-4,5,2,2,0,1,4,2,0,1,-8,4,-1,-1,-3,2,-2,-6,-9,-3,-2,-1,1,-2,-5,-2]]
2035715	r	19706	[[2561,887,1,-6,7,3,4,-6,2,-1,-1,-2,3,-4,7,1,1,4,10,2,6,5,-3,1,2,0,1,2,-3,3,4,1,1,3,-4,4,-4,2,0,2,3,1,1,8,-3,-1,-4,1,-1,-1,-5,3,-4,0,2,-4,-3,-1,3,-3,-2,-1,1,-1,-3,-1,1,-3,-4,-1,-3,-4,-6,1,-5,-7],[2623,890,1,-1,0,-2]]
1804153	r	12323	[[2054,578,6,-5,3,0,3,3,1,-1,-2,-4,3,-3,3,4,3,1,1,4,4,-2,3,4,1,5,-4,0,-3,3,4,5,5,1,-4,5,-3,-3,-4,-1,1,3,-3,1,-3,-3,-3,0,0,-1,2,-1,-3,-1,0,-2,-5,-2,0,-2]]
9072919	r	3234	[[2372,708,3,0,-2,1],[2374,716,1,-1,3,1,3,-2,5,0,-1,-7,-2,-1,0,-2,3,-2,7,10,-2,0,-1,4,-3,0,0,2,-4,0,0,1,-3,1,0,1,-4,-2]]
1812621	r	1887	[[2417,734,3,-2,9,4,-5,4,-1,3,-1,0,-4,-1,2,-1]]
1793900	r	5315	[[2101,611,1,-4,6,-1,4,-2,1,0,-1,2,3,-1,1,4,4,-1,-1,2,-2,0,-2,8,-8,5,-3,-1,1,-7,-2,-1]]
9181182	r	4221	[[2297,712,2,-1,0,-4,5,1,6,7,11,4,1,3,-15,-7,0,4,2,1,1,3,-4,-1,-1,2,-3,0,-4,-3,2,-3]]
2036075	r	3278	[[2377,816,4,-3,3,1,-1,-1,1,-2,4,3,2,2,-1,2,3,1,-1,1,2,1,-3,1,2,1,-2,1,0,3,-4,1,0,-1,-1,-1,-2,-2,-4,-3,1,-1,-2,-1]]
1800519	r	2339	[[2357,660,2,-7,3,-1,0,-2,3,-1,2,3,1,1,0,1,-3,3,1,2,-2,5,-3,-1,-1,-3]]
13608003	n	740	[[2431,631,6,-2,2,2,-7,3],[2431,635,3,1,0,1,-2,1]]
1808770	r	6461	[[2272,715,11,-7,3,-4,11,-2,3,6,-1,4,-4,2,0,1,-3,1,-1,3,-7,1,-1,1,-3,-2,2,-1,-2,-2,1,0,-2,-2,-3,-1,0,2,-2,2]]
1805611	r	7615	[[2237,625,3,-5,3,-10,7,-2,2,4,2,1,-2,0,1,4,-2,2,-3,-2,-1,2,-1,4,1,1,-4,2,0,3,-4,0,0,-3],[2254,619,4,-5,8,4,3,3,1,3,-7,5,-3,0,-2,-3,1,-2,-2,-3]]
2034714	r	7086	[[2475,870,6,-4,5,-1,2,-4,-1,-1,2,-1,-2,-1,2,-2,5,5,7,3,3,1,3,-3,1,3,2,-3,6,0,-5,5,1,1,-2,0,-1,4,-2,-3,-2,0,1,4,-8,-3,-1,-2,2,-2,-2,-3,-4,10,-3,2,-6,0]]
1806096	r	1995	[[2391,733,2,-3,0,-3,3,-2,-3,-2,3,1,2,-3,2,2,3,0,-1,2,2,2,-1,3,-5,0,-6,4]]
1793879	r	9538	[[2254,633,4,-4,5,0,3,-2,1,2,5,-1,2,1,6,-1,1,1,1,4,0,3,-2,-1,-1,2,-2,0,-2,3,0,8,-7,-3,-4,4,-3,-2,-2,-10,-4,-2]]
1814934	r	8383	[[2333,594,1,-3,3,0,5,3,-1,3,3,3,13,4,3,7,2,3,-2,3,-4,-2,-2,1,-9,-3,-1,-3,-6,-1,0,-4,-3,-4,3,-3]]
1787816	r	15937	[[2039,590,0,-4,3,-1,-1,-1,2,0,0,-3,4,-4,2,0,0,3,5,-2,6,8,-3,4,2,4,4,-1,-1,5,6,4,-2,3,-5,-1,3,6,-2,4,-4,1,-1,4,-8,-4,-1,-10,-3,-3,0,-4,2,-3,-1,-3,0,-1,-2,-2,-1,2]]
1796663	r	22916	[[2328,524,2,-1,-2,-2,2,-2,3,1,3,-4,4,1,3,-6,4,5,1,-3,3,2,4,-3,-1,-2,2,0,5,1,0,2,-2,0,1,1,0,3,7,2,3,-1,0,3,2,0,-1,3,2,1,-6,4,-4,-2,-3,5,-3,-1,0,3,-4,-1,-1,1,1,2,-3,3,1,1,-6,3,0,-2,-4,1,-8,-3,-3,-5,3,-5]]
2034786	r	12039	[[2613,936,2,-4,4,0,2,-4,8,-1,2,0,1,2,1,-1,0,2,-1,0,2,2,8,2,3,5,-7,1,-1,-1,0,-1,-7,0,1,3,-3,0,-4,-2,-7,0,-1,-2],[2662,938,7,-4,1,-4,7,0,3,3,1,6,3,3,-1,4,3,3,-3,3,-1,-2,-8,1,-3,-2,-2,0]]
13512502	r	12436	[[2049,467,2,-7,7,-5,13,0,4,2,1,2,0,10,-2,1,2,2,-4,0,0,-2,-21,5]]
2033370	r	5357	[[2439,802,11,-4,1,3,6,1,3,8,-7,2,0,3,-3,0,0,4,-6,-2,-2,-1,3,-2,-2,0,0,-2,3,-3,-5,-3,1,-1,-3,0,2,-1,-2,0,1,-1]]
1785018	r	12360	[[2338,487,2,-3,-2,-2,1,-5,2,-3,3,-2,1,2,0,-2,1,4,4,1,-2,2,3,-1,1,-3,2,4,-1,2,3,-1,-1,-2,3,3,0,3,5,1,-1,2,-2,0,1,1,-5,1,3,0,-1,3,1,1,0,4,-7,0,0,2,3,2,-4,3,-1,-1,0,-4,-4,1,-3,-4,-2,0,-1,-5,-2,0],[2346,471,3,1,2,3,-4,0]]
1812256	r	2092	[[2183,799,4,-5,7,1,5,-2,4,3,4,-1,1,1,-9,4,-2,-2]]
1529195	r	9938	[[1715,873,8,-1,8,2,6,19,-1,1,-8,5,-10,1]]
2033675	r	3271	[[2448,843,2,-4,-1,-2,6,-3,1,1,4,-1,3,1,-1,4,5,4,-4,2,-8,1]]
1791544	r	3004	[[2208,392,4,-5,4,1,5,4,-2,8,-2,0,-3,3,-4,0,4,-6,-2,-3,1,-1,-1,-2]]
1814760	r	11423	[[2018,501,1,-5,-1,-1,3,-5,3,1,1,-1,5,3,2,-1,11,12,0,12,-11,0,-10,-15]]
1807689	r	25298	[[2176,542,1,-2,8,3,4,0,2,-4,-2,-2,1,1,0,-3,-4,-1,2,-3,-3,-4,2,-2,2,1,1,-3,-1,-2,5,-1,0,-2,2,0,0,2,2,1,2,6,-1,3,-2,-1,-1,3,5,2,0,3,2,3,-6,3,-5,-2,-1,2,5,3,4,-1,2,5,1,-2,5,1,0,-2,4,-1,2,3,-1,3,4,0,-2,4,3,1,2,4,-3,-1,0,4,-3,2,8,5,-1,1,-2,0,3,3,-3,3,1,2,-2,1,-5,-3,-2,2,0,-2,-3,0,-6,-9,3,-5,-3,-2,0,-2,-2,-2,-5,3,-3,-5,-3,0,0,-5,-3,-2,-3,0,-5,-7]]
1794140	r	1113	[[2342,713,5,-4,5,2,-2,3,-3,2,-5,-1]]
8335361	r	78228	[[2207,855,7,-5,2,-7,6,-8,5,-3,1,-6,8,-1,1,-2,6,-4,1,-3,-2,-1,0,-2,-1,0,0,-2,3,-2,2,-3,3,0,6,-3,3,3,0,5,3,2,7,-1,1,-3,-1,-3,8,4,1,-1,4,2,0,3,2,1,-2,4,-5,3,4,3,-3,4,4,2,3,-1,0,6,3,3,3,0,0,3,6,1,-5,3,-3,-2,1,-2,-3,2,-2,-1,2,10,-38,27,-10,-2,1,-2,-1,-2,4,-23,-3,3,-3,5,-13,9]]
2036581	r	19702	[[2590,932,5,-1,3,2,2,-2,1,1,0,-1,2,-1,-1,1,2,1,0,-2,0,3,10,-2,1,3,-2,3,3,0,1,2,7,0,7,3,-1,2,-8,0,-3,1,1,1,-8,1,-1,-1,3,-2,-2,-1,1,-2,-3,0,-2,1,-2,-1,-8,5,-2,-1,-2,-4,-3,-1,3,-5],[2646,949,2,-1,7,4,16,-3,3,2,8,-1,1,2,2,-3,5,0,5,5,-4,6,4,7,-5,2,-6,-1,-14,-6,-9,0,-5,-3,-3,0,-1,-4,-3,-1]]
1529376	r	44100	[[1694,835,3,-8,6,-7,9,-5,11,-1,11,1,9,5,6,7,3,8,-3,8,-6,7,-9,5,-11,2,-11,-2,-9,-5,-6,-7]]
1791779	r	3356	[[2199,382,0,-12,2,-2,0,2,2,2,7,1,2,9,-3,0,-4,-2]]
1788450	r	22559	[[2219,774,5,1,1,-3,4,-1,1,-1,5,2,2,-6,-2,-1,4,-2,6,0,0,3,7,-2,19,6,1,3,4,2,-1,5,4,2,0,4,-1,1,-7,2,-3,-3,-6,1,-3,-1,-4,-2,-1,-2,5,-3,1,-3,-1,0,3,-3,-10,-1,-3,3,-3,-1,0,3,1,3,5,2,-2,1,-4,-1,-2,3,-2,0,-4,5,2,1,-1,1,-9,1,-3,-5,-5,0,3,-2,-2,-5,-4,-1]]
1798821	r	2552	[[2391,735,2,-3,5,-1,2,2,3,-1,3,1,0,5,-5,0,0,2,-9,0]]
1806445	r	25251	[[2277,536,1,-4,4,0,-3,-9,6,1,-4,-2,-1,-2,8,2,4,3,2,-2,4,1,4,-1,-2,4,2,3,3,0,2,4,6,-1,1,4,2,-1,3,3,-6,5,1,5,-2,2,2,4,-5,4,-3,-3,-5,-1,-4,-3,-12,-1,-2,-2,-3,0,3,-4]]
1529660	r	45128	[[1569,826,25,-16,1,3,4,3,2,-1,0,-4,-3,-1,3,-2,3,1,1,-3,-4,0,2,-2,9,9,11,1,14,5,-1,2,-8,0,-4,1,-3,-1,1,2,8,2,0,3,-3,1,4,5,-3,12,-9,5,-10,1,-6,1,2,-8,-2,-2,0,-2,-5,0,-3,-3,-22,-7,-4,-3],[1620,808,2,-8,0,-10,18,0,0,19]]
1793424	n	1842	[[2347,779,5,-3,2,4,2,0,-2,2,7,3,-5,2,2,2,-5,0,0,-1,3,0,-5,-1,-1,-2,3,-1,-4,0]]
1796068	r	19566	[[2171,667,8,-4,2,1,8,-1,3,2,13,-2,4,0,2,2,3,-3,6,3,0,5,-5,6,-3,2,1,1,-1,2,1,2,-4,2,0,3,-7,1,-2,-2,0,-2,-5,0,1,-2,-5,-2,1,-2,-1,-2,-10,1,-4,-2,2,-2,-3,-1,-1,-2,-2,0]]
1806488	r	3354	[[2198,382,7,-2,4,2,3,0,3,6,-3,-1,-4,5,-8,-5]]
1816080	r	12848	[[2314,767,3,0,1,-4,3,0,0,-2,5,2,0,1,9,0,-3,-2,1,-1,-2,0,-2,-5,-3,-4,3,-2,7,7,13,0,2,4,3,1,2,4,5,2,-4,5,-12,-2,-1,2,-2,-1,-1,2,-4,0,-1,1,-4,-6,-3,1,-3,4,-3,-3,-7,0]]
1786060	r	2526	[[2255,783,1,-3,3,-1,1,-3,-1,0,3,-3,-10,-1,-3,3,-3,0,1,5]]
1816705	r	2565	[[2177,434,0,-4,6,1,-2,-2,2,-1,2,2,0,-1,4,0,2,3,-2,1,-3,0,-4,5],[2190,434,2,-2,-1,-5,5,1,-1,4,0,-3,-2,1,1,2,-2,0,0,3]]
1808392	r	8812	[[2303,752,6,-2,-2,-1,7,-4,3,-4,2,6,7,1,-2,2,3,2,4,8,-9,-2,-1,5,-3,0,-1,4,-9,0,-2,-3,2,-2,2,0,-1,-3,-2,-1,1,-4]]
12446699	n	35501	[[2452,1046,4,-1,-2,-2,2,-3,32,-13,22,-4,12,4,-23,16,7,1,2,3,8,1,-5,3,1,2,-1,1,4,3,-2,1,2,2,-3,2,-2,-1,-8,3,-4,-1,-1,-1,-3,2,-5,0,-3,3,-3,-3,-4,-1,-3,-4,-10,7,-10,-8,-2,-5]]
1806466	r	14254	[[2092,652,3,-1,1,-3,4,-1,0,-2,5,1,1,-4,-2,-4,2,-3,-1,-1,1,0,3,-3,5,1,0,3,3,-3,5,2,1,3,1,-2,3,2,1,-1,3,7,-3,-3,-5,1,-2,4,2,3,6,1,2,-4,4,1,-1,1,-1,7,-5,-2,-6,2,-1,3,-9,-3,-2,4,-1,1,-1,-1,1,-3,-3,-2,-8,-1,-4,2]]
1790396	r	9647	[[2271,594,4,-2,-2,-1,2,-2,-3,-4,2,0,0,-3,2,0,2,-1,3,3,4,1,0,2,10,0,3,1,1,2,-2,0,2,0,-2,5,-3,0,0,3,-7,3,-3,-1,-5,6,-2,-2,5,-2,-9,-4]]
2034414	r	4433	[[2506,837,0,-4,3,0,3,-6,6,5,4,-2,1,-3,3,0,2,2,0,4,-2,0,0,3,-4,3,4,2,-1,1,-10,-4,-3,0,-2,2,-4,-2]]
12492662	n	1183	[[2079,627,3,-4,5,2,0,3,-4,3,-3,-1]]
1785036	r	97942	[[1948,785,2,-3,12,-6,3,2,1,3,6,-2,3,3,7,-3,-1,-1,3,-1,-22,-36,7,-5,52,23,6,-3,2,1,3,0,4,-4,4,2,1,-2,3,4,-1,2,-3,3,-8,-1,-4,1,2,3,-3,2,3,2,2,4,-5,3,17,48,-13,5,-15,2,-13,-22,0,-4,-3,-1,-4,-7,-8,1,-5,-2,-2,1,-2,-4,-3,0,0,-1,5,0,1,-2,3,-1,1,-2,-2,-1,-1,-3,0,2,-13,4,1,1,-2,2,-1,-2,-1,3,-3,2,-5,-2,-5,1,-4,-3]]
1280849	r	11907	[[1502,789,1,-5,3,-4,10,-4,12,1,8,7,-9,5,5,3,-15,0,-7,1,1,2,2,0,0,1,-6,4,-4,-5]]
1784130	r	9073	[[2282,674,0,-1,3,1,1,-4,5,-1,3,-3,-1,-2,2,-3,2,0,2,2,4,-1,3,1,1,4,-1,2,-5,-5,-4,1,-2,4,3,4,3,-2,-1,2,2,3,10,-2,1,3,-2,1,2,3,-2,1,-2,-2,-4,0,-4,-1,2,2,-1,3,-5,2,-3,-2,-6,3,0,-2,-3,0,1,-9,-3,0]]
1798760	r	11039	[[2107,710,2,-3,2,0,0,-2,4,-5,10,3,5,-3,4,2,6,-1,4,-3,13,2,-4,5,2,2,-3,3,-11,-1,-9,6,-3,-1,1,-7,-3,-2,-2,3,-3,-1,0,3,-4,1,-1,-1,-3,4,1,1,-6,-1,2,-2]]
1802238	r	5624	[[2215,556,2,-3,8,-2,2,0,3,5,2,0,1,1,-1,1,1,2,-2,0,0,1,-1,0,0,3,-4,1,-4,-5,-3,1,0,-3],[2235,566,1,-6,2,1,1,3],[2237,553,4,-1,3,-7,2,2,3,0,1,2,-2,2,-2,-1,0,4,-5,0,2,1,-4,5,0,-4]]
1808747	n	2152	[[2277,731,2,-5,1,1,3,-2,6,3,-5,7,-5,-1]]
1795928	r	2378	[[2302,457,4,1,-1,-2,3,0,-1,-2,5,-1,-4,7,5,4,4,-4,1,2,-4,2,3,1,-1,2,-3,0,-1,2,-1,0,-3,-4,-5,-5]]
9931406	n	1594	[[2019,486,2,-4,5,-1,2,2,-2,3,3,2,-6,2]]
1789647	r	19046	[[2029,558,2,-5,3,-5,4,-3,7,-1,6,1,5,3,4,5,1,5,-1,5,-4,5,-5,3,-6,1,-6,-1,-5,-3,-3,-5]]
1785462	r	3248	[[2249,642,2,-2,-1,-3,4,-4,1,2,4,2,1,8,2,3,-2,1,-5,-2,-4,1]]
1805741	r	9365	[[2239,712,2,-6,10,-2,1,1,2,-1,6,2,0,1,2,0,2,2,6,1,1,3,1,0,-1,4,-13,1,-6,3,-5,-3,-4,0,1,-2,-3,1,0,-2]]
1808106	r	3342	[[2183,540,1,-1,6,-4,0,3,-1,-1,2,2,-2,4,-2,0],[2191,543,1,-2,5,2,6,-3,1,3,5,1,1,3,-2,0,0,2,-5,-1,-1,2,-2,-5,-4,1]]
1787765	r	36269	[[2153,741,2,-1,-1,0,0,-4,4,-1,3,-3,2,-1,1,2,4,-4,4,0,2,-6,-1,-4,-3,-1,0,-5,7,-6,4,4,3,1,5,-2,1,-3,1,2,11,-1,3,3,-2,3,8,3,-2,6,1,7,-2,4,1,1,-1,0,0,4,-6,1,-3,4,2,1,-3,1,-3,-1,1,1,-1,2,-5,2,-3,-3,-10,-2,1,-2,-3,-1,1,-1,-1,-1,-2,1,-3,-1,1,3,-3,5,-4,-2,2,-1,-2,-2,-1,1,-1,-1,-4,-1,-2,3]]
1805680	r	5264	[[2339,578,6,-4,3,3,3,-1,0,2,-2,1,1,4,-3,1,3,5,4,2,-3,1,-3,5,-3,0,-1,2,-3,-2,2,-1,-3,-4,1,-6,-1,0,1,-3]]
1799846	r	14414	[[2340,553,2,-2,1,-5,2,1,1,2,2,0,0,2,2,1,4,-5,0,-2,3,-1,-3,-5,-3,1,-1,-1,3,-3,-1,-2,1,-1,4,1,0,-3,3,1,3,-5,4,2,6,-4,0,2,-2,1,1,3,0,3,-3,-1,-2,1,-1,3,-2,-2,-2,1,2,1,1,2,-3,0,-2,3,3,2,1,2,3,-1,3,2,7,-1,5,-5,2,2,-1,1,2,0,-1,1,1,3,-8,2,1,2,-2,7,-1,-3,-3,-2,-4,0,-2,3,0,3,2,2,8,0,0,3,-2,1,-8,-1,1,-2,0,-1,-2,0,0,-3,-1,-3,2,-1,0,-4,-2,0,-1,2,-2,-3,-5,0,-3,5,1,2,-4,3,-5,-3,1,-1,-2,-2]]
2036109	r	2594	[[2497,860,0,-4,2,0,2,-4,1,2,2,-1,5,2,3,4,-8,6,-5,-1]]
1786112	r	15571	[[2285,489,2,-6,2,-1,1,2,2,0,-4,-3,-2,-4,1,-2,7,-4,-1,-3,2,-2,1,-2,1,-1,2,4,1,-1,5,2,3,-3,2,1,-2,4,1,4,-3,1,3,4,0,4,1,-1,0,2,2,1,0,4,-2,2,1,3,-2,1,-11,-2,-1,-2,-2,1,-1,-1,-1,1,-5,-2,-1,2]]
1792359	r	7684	[[2344,599,1,-2,3,0,3,-5,9,0,4,-4,9,5,5,8,-1,1,-7,-3,0,3,-3,0,-2,3,1,1,-2,3,-2,0,0,1,-3,0,-2,-6]]
2034439	r	3141	[[2469,844,7,-3,-1,-1,7,1,5,-1,4,2,-9,3,-2,3,-4,0,-1,3,-2,0,-4,-2,1,-3],[2481,851,8,-3,0,3,-5,2]]
1792260	r	6407	[[2424,791,1,-2,4,1,-4,-1,0,-1,2,1,-1,-1,2,-1,1,2,1,-3,2,4,3,1,3,-1,-1,-3,6,-1,8,2,0,2,-1,0,2,2,-2,3,0,4,-4,0,-7,3,-4,-2,1,0,0,-1,-7,-3,2,-4,-2,1]]
1784818	r	1221	[[2204,698,1,-4,5,2,5,0,0,5,-4,-1,-4,1]]
1803245	r	17201	[[2374,566,2,-1,-2,-4,4,-7,-1,-4,8,-2,11,8,2,4,6,-1,3,1,2,5,-3,3,2,2,-2,1,2,1,-2,2,2,3,-3,2,-1,-3,-6,0,-3,-4,-2,-2,-3,1,-1,4,-4,1,-6,-3,-2,-3,-2,1]]
8505006	r	9751	[[2074,470,2,-1,0,-10,5,4,5,0,15,6,-4,8,-8,4,-9,-2]]
1816858	r	3924	[[2172,377,2,-3,0,-4,2,0,4,6,2,1,1,4,-7,8,-4,-3]]
1813171	r	13209	[[2192,585,2,-5,11,-7,3,5,3,0,0,2,4,-2,3,2,-1,2,7,2,3,6,-2,2,-11,2,-1,2,-8,-2,-3,2,-6,0,-2,-4,1,0,2,-5,1,2,1,-2,-6,1]]
1786546	r	4364	[[2242,628,5,-4,-1,-1,1,-4,1,-2,3,2,2,-2,-1,-3,4,3,-1,2,4,5,-1,2,2,1,-5,5,-1,-2,-3,1,-3,-1,-3,1,-2,-2]]
2038365	r	6964	[[2526,965,0,-1,5,0,2,-1,-2,-2,2,-2,-3,-5,1,-2,5,3,12,1,4,1,2,-2,4,4,-7,10,-10,2,-9,-4,-5,0]]
1801582	r	3591	[[2294,621,0,-1,3,-1,2,2,3,-4,5,3,2,6,-2,2,-2,0,0,3,-2,1,-1,-2,-5,-1,-2,-7]]
1794328	r	10577	[[2238,790,8,-8,4,1,2,-1,9,5,7,-1,3,3,-5,7,3,1,-3,2,-7,-1,-1,-2,-6,-1,0,10,-3,1,-4,-3,-7,-10,2,-2]]
1806097	r	8461	[[2371,528,2,-2,3,1,-1,3,2,-1,4,3,4,-1,3,2,4,-3,4,1,-5,1,1,5,-4,4,1,1,-1,1,4,1,0,3,3,1,-2,5,-2,1,-2,-3,-3,-2,-2,-4,1,-1,-2,0,1,-1,-1,-2,-4,3,-2,-4,-4,-1],[2394,543,3,-3,4,4,-4,3,-2,-1]]
1279945	r	185791	[[1847,785,1,-4,14,3,2,-6,11,0,3,-1,-3,-1,2,-2,10,1,4,-8,8,2,10,-3,5,2,7,-5,4,0,3,3,5,-2,0,6,3,0,0,2,5,0,-2,6,1,5,-1,1,10,-1,-1,3,5,7,-3,0,3,11,6,-1,3,-2,-1,-1,8,-1,1,-2,-3,-1,1,-2,-1,-3,1,-1,1,2,2,-2,-1,-1,13,-4,0,-2,1,3,2,1,-1,2,-3,1,-1,2,-5,0,0,1,3,0,2,4,2,-1,5,2,8,-1,4,7,3,1,0,4,25,42,-28,3,-7,-2,-17,-39,-3,2,-2,0,2,-1,-6,-3,0,7,-8,4,-7,7,5,4,-14,23,-15,-2,-6,-2,-2,-3,4,-5,-2,-1,1,-3,-2,-1,-10,-3,-5,-5,-3,4,-8,-4,0,-8,3,-8,0,-6,8,-1,-1,-3,4,2,-1,-4,2,-3,-1,-1,-18,-5,1,-1,-12,0,-9,3,-2,1,-3,0,-1,-2,-3,-1,-8,0,-1,-4],[1952,734,7,2,25,40,-3,2,1,1,-7,3,-3,-3,-6,2,-1,-3,-3,-2,-2,1]]
1812749	n	1961	[[2087,711,1,-3,4,-1,4,1,2,3,-2,4,-4,1,-4,-1]]
7064006	r	2406	[[2172,701,2,-3,5,-1,3,2,-6,3,1,2,8,-3,-8,3,0,1,4,2,6,-1,3,1,-1,3,-5,2,-3,-1],[2187,703,1,-2,1,2]]
1809152	r	10485	[[2106,718,5,-4,4,1,-1,-1,3,-4,1,1,4,-1,0,-3,3,1,2,-3,3,2,-1,7,3,1,3,-1,3,1,-1,3,2,1,-1,0,1,3,-2,3,-7,0,0,5,-3,0,-3,-3,-4,-1,0,-2,-2,0,-2,-2,-4,3,-2,-1,0,-2,-3,-1]]
2038120	r	11790	[[2385,844,3,-2,-2,-6,0,-3,2,-1,-1,-1,0,-2,3,-2,0,-3,2,-1,-2,-1,3,-1,-2,-1,1,-1,-3,-2,1,0,4,-1,2,3,3,0,2,3,3,-2,-1,-2,4,2,1,-1,1,2,6,3,-1,0,2,4,-4,1,0,6,-3,-1,-3,4,-3,-3,-2,-1,-4,10,-6,2,0,1,-1,1]]
1281019	r	50577	[[1580,736,3,-3,6,2,-1,4,1,1,3,-2,4,0,-7,-16,6,-1,15,2,12,9,3,6,0,8,-4,8,-7,5,15,13,-12,4,1,6,0,8,-15,-1,-8,3,-8,-40,1,0,0,-3,6,2,1,-1,-4,-8,-6,1,-3,-3]]
1801455	r	1369	[[2229,609,1,-1,1,-3,4,2,1,-1,3,1,2,-1,-3,6,-4,0,0,1,-4,-2]]
2036389	r	14767	[[2608,902,1,-1,2,1,3,-3,3,1,2,-3,11,2,4,4,-4,5,-5,1,1,3,-6,2,-5,-2,0,-2,-5,-3],[2643,916,2,-3,4,1,6,-5,8,-1,1,2,5,2,0,5,4,2,2,2,-1,2,4,2,-1,2,2,1,-2,1,0,2,-7,-1,-4,2,-2,-3,-2,0,-3,-6,-5,1,-4,-4,-4,1]]
1792621	r	2978	[[2341,619,1,-4,3,-1,-1,-1,10,3,2,-1,7,4,-6,4,-4,-4,-3,1,-3,-1,-4,3]]
1808981	r	1548	[[2202,709,3,-2,4,0,3,5,-1,5,-8,-3,2,-3]]
2036106	r	1634	[[2449,831,4,-1,0,-3,-2,-2,1,-1,10,8,-2,3,-4,0,-1,-1,-3,2]]
12159964	r	15015	[[2131,449,0,-2,2,0,3,-4,3,1,0,-5,2,0,-1,-2,4,-3,2,1,2,-3,3,3,0,4,2,3,0,2,5,0,4,4,-2,2,0,2,2,1,-2,1,-1,3,-4,2,-2,0,1,-2,-2,1,-2,-1,-1,4,-2,0,1,4,-2,2,-5,-1,-2,0,-4,-2,1,-4,-3,-3,3,-1,-1,-4,-3,0]]
1808212	r	2126	[[2119,606,1,-5,5,-4,6,2,2,5,-2,2,0,-2,-2,0,-1,1,-3,-1,-4,4]]
7304020	n	1240	[[2187,559,2,-4,4,2,2,4,2,-2,-2,3,-4,1,-3,-1]]
11694038	r	5234	[[1610,877,4,-8,-1,-2,2,-2,8,16,5,5,-1,3,-14,4,-1,-1,0,-3,3,-3],[1619,895,5,0,-4,2]]
8067345	r	47837	[[1801,572,2,-2,-1,-2,3,-2,-1,-3,3,-2,9,0,-1,-2,3,-2,1,1,3,0,0,1,3,0,1,2,6,-3,-1,-2,7,-2,7,3,1,-1,3,0,5,2,0,5,10,4,1,4,3,0,2,2,-3,2,-9,0,-1,-1,-6,2,-1,-2,-1,1,-1,1,2,1,3,-1,3,5,6,6,0,4,-3,3,-6,0,-3,-3,0,5,-3,1,1,-4,-3,-2,-8,1,-3,-2,-3,2,-3,-2,-4,1,-4,-3,-10,-3,-3,1,-3,-7,0,-3]]
1798900	r	1536	[[2327,593,1,-1,6,0,-1,2,5,5,-6,2,-1,-3,-3,-1]]
8054802	r	49248	[[2287,879,3,-10,7,-8,11,-5,13,-2,12,2,0,3,-5,3,-1,3,5,5,4,0,0,2,5,3,-2,5,3,4,8,1,4,-3,-1,-1,3,-1,-3,8,-7,8,-12,6,-13,2,-13,-2,-11,-6,-7,-8]]
12548253	r	173540	[[2310,963,1,-5,8,-4,6,4,11,0,12,-5,8,7,14,0,5,-5,7,-2,1,-2,3,-1,0,-2,7,-4,2,-3,14,7,-1,3,5,2,0,3,4,0,2,3,-3,1,0,2,5,2,-1,2,3,2,-1,1,-5,1,0,5,-2,2,1,2,-7,9,10,5,-1,4,3,4,-3,7,-4,1,1,1,-1,2,-3,-1,-2,2,0,1,3,3,-8,0,5,6,10,-2,3,5,7,4,-1,3,3,1,1,3,-5,1,-1,1,9,3,-1,5,-1,2,-9,3,8,4,4,5,0,1,-6,5,-12,-1,-12,-9,-5,-1,0,-4,8,1,5,-2,-2,-4,4,-4,-3,-4,-11,-5,-3,-7,-4,-3,0,-2,-5,-4,0,-3,-8,-7,5,-1,-1,-5,-4,-2,-10,-1,-11,-7,-3,0,0,-3,-4,-3,-5,5,-5,-1,1,3,-11,4,-13,-20,0,-1,-5,-6,0,-5],[2365,928,3,-1,13,6,-4,2,-3,-1,-8,0],[2435,989,5,-6,-1,-2,1,0,0,-4,4,-4,11,-2,0,-2,3,-4,3,-5,5,-1,5,1,14,11,4,-7,0,-2,2,3,-1,2,1,4,6,12,5,-1,2,2,1,5,-3,4,2,0,-1,4,2,0,-1,2,3,2,-2,1,1,1,-5,1,-2,2,-8,1,-2,2,-2,-2,0,-3,-2,1,0,-2,-2,2,-5,-1,-3,3,-5,1,-3,3,1,3,9,3,-1,0,-2,4,-2,1,-2,4,-4,-1,-6,1,-4,4,-3,-3,1,-4,-3,-3,1,-2,-2,-2,-4,0,-3,-3,2,-5,-3,-2,-4,1,-2,-2,4,-3,-3,-3,6,-1,3,1,3,0,-1,-4,-6,-5],[2477,1008,2,0,1,2,2,1,-2,2]]
2038067	r	73771	[[2327,863,6,-4,-1,-7,6,-1,0,-3,4,2,6,-1,1,3,7,0,4,-4,1,-2,-2,-1,3,-2,1,-1,-1,-1,4,0,-1,-1,1,0,-1,-2,2,-1,-5,-2,4,-4,-1,-2,2,-3,10,1,0,-1,7,0,2,1,0,1,2,1,-1,2,1,1,-2,1,0,3,-6,3,5,6,5,3,1,-1,0,-1,6,-2,0,-2,5,-8,5,6,2,0,0,2,9,3,-7,6,-3,7,0,2,-1,1,-2,-2,-7,1,-4,-5,1,-2,-1,-1,-6,2,-2,-3,-5,-2,-9,3,-15,1,10,5,0,7,15,-1,26,3,12,6,-4,3,-2,5,1,1,-2,3,-4,0,-6,8,-8,5,-2,4,-6,3,0,-3,-3,1,-1,-1,1,-4,-3,0,2,-3,-5,-1,1,-3,-4,-2,-3,0,-4,-3,-3,0,0,-1,-4,-3,-3,0,-4,-2,-4,5,-8,-1,-3,-4,2,-5,-5,-3,0,-2,-4,0]]
2035261	r	3042	[[2614,919,3,-1,-2,-1,2,-2,9,-3,1,1,-1,1,3,1,-1,2,6,3,0,-2,2,0,2,4,-3,-1,-1,1,0,2,-6,1,-2,-6,-1,2,-2,-1,-2,1]]
1785716	r	2276	[[2352,690,2,-1,-2,-4,2,-2,9,0,-1,2,3,2,-4,2,1,4,-6,0,0,-3,-2,1]]
12358476	r	32194	[[2131,502,4,0,-1,-2,3,-3,-4,-1,3,-2,-2,-2,1,0,3,-4,0,-6,2,-1,6,-1,2,-3,2,1,2,-2,3,0,2,-2,-3,-1,0,-2,6,2,3,4,3,-1,1,4,4,0,1,3,2,0,0,2,-5,4,1,4,4,1,4,-2,1,2,0,1,4,2,-1,2,-2,0,2,2,0,2,-8,-1,0,2,-2,5,-4,0,-1,2,-4,-3,-9,-4,-1,2,-3,-2,-6,8,-5,-3,1,-4,-7,-2],[2177,487,1,-2,1,3,2,1,-3,1]]
2033467	r	3907	[[2579,859,2,-4,6,1,1,-3,-3,-1,0,-1,2,-3,2,1,2,-2,1,2,3,0,1,7,-3,0,1,2,-3,1,1,4,-4,1,-3,4,-5,-1,2,-1,-1,-3,3,-2,-1,-1]]
1803590	r	27597	[[1973,476,3,-1,2,-3,-2,-1,2,-3,0,-4,7,-2,2,1,3,-1,3,3,12,-1,12,10,-9,20,-2,1,-4,-2,2,6,-3,0,-1,2,-3,-2,-1,-5,-3,-2,1,-3,-2,-2,-5,-2,-2,4,-2,-3,-5,-2,-1,-3,-3,-2]]
1807566	r	3237	[[2091,495,4,-3,6,4,0,2,-1,2,4,3,-1,3,-5,0,1,1,-2,1,1,-1,-2,0,-3,1,0,-2,3,-1,0,-2,-1,1,-3,-3,2,-1],[2094,488,4,-1,4,1]]
2038569	r	13198	[[2441,898,2,-3,-1,0,1,0,-1,-3,4,-3,0,-4,8,1,16,8,-2,3,2,2,12,6,-2,5,3,4,-13,1,-5,-3,-2,4,-7,3,0,2,0,-3,-1,-4,-8,4,0,-2,5,-6,6,-3,5,2,4,-5,-15,-3,-9,5,2,-2,-3,-1]]
1789262	r	1278	[[2362,685,3,-2,4,-1,4,6,-7,1]]
1787323	n	1960	[[2205,496,1,-4,4,-1,3,1,2,4,-2,3,-3,1,-4,-1]]
1803364	r	846	[[2367,729,4,-3,5,2,-1,3,-2,1]]
1794209	r	6169	[[2006,457,1,-3,5,-5,4,3,2,-1,3,1,5,-1,3,1,1,-4,-4,-1,6,-1,1,3,3,0,1,6,-5,1,0,-1,-3,-1,-2,3,-3,-1,-7,3,-2,3,-3,-2,-6,1,2,-4]]
1817240	r	19938	[[2071,739,2,-3,3,0,-1,1,3,-1,0,-3,3,-2,2,-6,1,2,6,2,0,-5,1,-1,-1,-3,4,1,-1,-1,7,-6,-1,-4,3,-2,6,2,2,2,-4,6,1,3,3,2,-6,11,3,2,-3,2,-1,2,-4,1,-2,3,-5,0,0,2,2,1,0,1,-10,0,-7,5,-2,-2,0,-6]]
1812990	r	13	[[2241,653,1,0,0,1,-1,0]]
1281743	r	28405	[[1495,807,18,-11,0,-1,-2,0,-1,-2,7,-1,15,0,-5,-3,10,-6,16,9,-1,7,15,1,-6,2,2,5,-6,0,-4,5,-2,0,-1,8,-3,0,-10,0,-4,-5,-1,-3,-5,-5,-2,2,-11,-3,-1,3,-3,4,-6,-4,-7,1,-1,-2,1,-1]]
1529046	r	33169	[[1639,854,47,-6,11,10,-6,8,3,2,-6,1,-8,9,-10,2,-2,4,2,4,-3,3,-19,-11]]
1811720	r	7713	[[2182,609,4,-2,-4,-3,1,-1,0,-6,2,1,9,-7,1,4,4,1,7,5,-7,4,-1,6,-3,-1,-4,3,-4,-3,-1,3]]
1793419	r	32	[[2256,653,1,0,0,1,-1,0]]
12269572	r	5051	[[2150,433,1,-1,7,1,1,2,3,-2,2,1,0,-2,-4,-1,2,-1,1,-5,5,4,4,2,-3,7,-4,0,-1,3,-3,-2,-3,0,-3,2,0,3,-3,0,1,-2],[2164,446,0,-2,2,0]]
1804866	r	10861	[[2147,537,5,-7,1,0,12,-10,3,2,5,11,-4,8,-8,3,-8,-1]]
8594670	r	2456	[[2308,479,1,-1,6,3,3,-1,2,3,-4,5,0,2,-5,3,-1,-2,2,-2,0,-4,-2,-1,0,-2,-1,1]]
1803331	r	4531	[[2056,712,2,-5,6,-2,6,2,3,5,-3,5,-6,2,-6,-2]]
1529114	r	87926	[[1753,848,13,-24,21,-2,19,3,11,6,9,8,1,23,-4,7,4,3,1,5,-6,7,-10,6,-19,6,-12,-12,-7,-9,5,-2,0,-4,-8,-2,-2,-3,-4,0]]
12492660	r	3478	[[1966,493,9,-9,-1,-1,3,0,7,3,-2,0,-2,2,1,5,-4,4,-4,0,-1,-4,-3,0,0,2]]
1529435	n	1826	[[1621,877,2,-3,5,0,4,2,1,3,-3,3,-5,1,-2,-2]]
1810979	n	1141	[[2142,592,2,-2,3,4,0,-4,2,1,-1,3,4,0,-7,4],[2148,598,1,-1,3,1,-3,2]]
1786640	r	149	[[2266,617,3,-3,-2,3],[2271,619,0,-1,1,1]]
2034312	r	17123	[[2418,922,1,-6,4,-4,13,-6,5,3,-2,5,-6,1,3,2,-1,3,5,0,5,-4,4,2,1,-2,1,0,2,-2,2,0,1,4,-5,17,-6,3,-11,-1,-8,-3,-5,-5]]
1812521	n	1190	[[2308,460,3,-3,4,2,-1,-2,3,3,-1,3,-4,1,-3,-2],[2310,457,1,-1,1,1]]
1806988	r	677	[[2198,692,1,-3,-1,-1,6,1,-1,4]]
1812228	r	2274	[[2402,653,2,-1,0,2,4,0,5,-2,4,0,1,8,-5,-2,-10,1,0,-3,2,0]]
1529401	r	19680	[[1669,906,1,-3,11,-1,11,4,4,-10,4,-1,1,4,7,1,-2,3,6,2,4,3,2,5,-1,5,3,3,-2,3,-5,0,-11,1,3,0,-3,-2,-8,0,-6,1],[1695,936,8,1,3,4],[1699,891,1,-1,0,2]]
2034400	r	58197	[[2385,906,8,-4,2,-4,8,-5,6,-8,4,0,2,-3,-1,-1,2,-5,4,-3,-12,-5,7,1,-8,-8,4,-10,6,-6,4,0,7,5,4,0,2,-1,3,2,2,3,9,0,1,1,-2,2,10,-3,7,2,0,2,1,2,4,1,2,-1,1,1,2,6,-8,3,0,1,3,0,-1,1,3,1,-5,8,2,2,-6,4,0,3,-8,-4,-8,-1,0,3,-16,6,-13,11,-3,0,-3,4,-8,3,-5,-1,-3,1,2,1,-5,1,-6,-5]]
1799471	r	13197	[[2033,723,6,-2,3,-3,0,-3,5,-3,2,-3,1,3,6,-2,-2,6,2,1,3,0,0,4,-1,1,4,2,-5,3,-2,5,-3,2,2,1,-5,4,1,3,3,0,-3,2,-2,-2,-5,-1,-5,2,-3,-9,3,-3,-2,-5,-1,0]]
10942183	r	1574	[[2407,643,6,-3,4,6,-4,4,-3,0,-3,-3]]
1793899	n	1477	[[2351,680,1,1,3,-3,0,-4,6,1,0,3,1,1,-4,4]]
1800234	r	4498	[[2178,391,3,-2,0,2,4,1,-1,2,1,1,-2,1],[2184,397,3,-3,-2,-1,0,-1,1,-2,2,-1,2,-6,8,-1,2,5,-5,7,-3,0,-1,3,-5,1]]
2034655	r	12301	[[2506,942,7,-1,-2,2,1,3,-5,0],[2522,947,2,-5,2,0,3,5],[2528,931,4,-5,14,7,4,0,1,-3,5,2,8,-1,1,0,-3,1,-10,8,12,2,6,3,1,4,-2,-2,-5,4,2,7,-3,1,0,3,-5,-1,0,-2,-4,-4,1,-1,-6,-1,-5,-4,4,-3,0,-4,-4,-2,-5,1,-1,-6]]
1529484	r	141180	[[1823,869,4,-7,-1,-39,11,-7,20,6,19,-4,8,7,15,9,4,1,3,-4,5,5,10,3,2,1,-1,3,2,1,-4,5,2,3,6,2,-1,4,-10,7,-6,14,-5,1,2,6,-7,-1,-7,2,-10,6,-5,0,-5,5,-7,2,-21,0,-18,-8,-1,-20]]
1805012	r	1889	[[2241,701,10,-3,-1,1,5,2,0,3,-3,1,-1,-1,-10,2]]
1804386	r	5354	[[2216,648,1,-2,4,-1,9,5,3,-2,-1,-1,-4,0,0,-2,1,-3,4,-1,4,2,1,3,-1,0,3,3,-7,4,-2,-1,-6,7,-3,-4,-3,0,-1,-6]]
1788268	n	1583	[[2243,594,4,-3,2,2,4,-1,0,2,-1,4,-4,1,-4,-1]]
1790371	r	2858	[[2259,610,1,-1,0,-5,2,-1,5,1,4,-3,5,2,-1,5,-3,0,0,2,-3,-2,0,5,-5,-4,-4,2]]
8521718	r	23249	[[1613,893,5,-2,14,-2,16,-9,19,11,3,12,-1,3,-12,8,-8,3,-3,-6,7,-3,-2,-6,-5,3,-8,0,-3,3,-2,-1,-15,-4,6,-8,-6,0]]
1814093	r	3150	[[1996,515,1,-5,3,0,0,-4,8,2,1,5,-3,4,1,4,-4,0,-3,-4,1,-1]]
1790471	r	1950	[[2240,558,3,-3,-2,-1,0,-1,5,1,0,-4,6,2,1,4,-5,2,1,3,-1,-2]]
1280957	r	1221	[[1957,794,2,-1,5,2,3,-2,1,1,-1,2,3,2,-1,1,-8,1,-1,-2,1,-1]]
2036713	r	3552	[[2494,823,11,-1,2,-2,3,0,1,-2,2,1,3,4,-7,8,-5,-1,-6,0]]
1805733	r	13153	[[2027,767,3,-2,-2,-2,2,-2,8,1,3,-2,10,4,3,-1,0,5,-3,0,1,1,-4,4,0,5,-9,2,2,-2,-4,4,12,3,11,-3,1,1,-7,4,-7,2,-8,0,-7,-3,-5,-10,5,-3,-2,-4]]
1807508	r	62	[[2339,473,3,0,-2,1]]
1805618	n	1362	[[2258,612,5,-3,4,2,0,3,-2,3,-3,-1,-4,-2]]
2036973	r	34689	[[2514,971,2,0,1,-4,4,-1,5,-1,1,2,5,0,9,4,10,-2,6,-8,10,2,3,4,5,1,1,-3,2,0,2,6,4,2,-1,2,6,1,1,3,-5,3,-2,4,3,1,-5,0,-1,2,-5,1,0,2,-11,-1,-8,1,-3,2,-4,-2,-4,1,-6,-1,-5,-4,3,-4,-2,-1,-6,1,-4,-1,-2,-4,-4,-2,0,-3],[2517,1016,7,4,6,-2,12,1,-3,2,0,5,-3,0,2,2,-4,4,0,2,-2,1,-15,-14]]
1795196	n	1446	[[2176,702,6,-3,3,2,-8,3],[2177,704,8,-3,2,1,-1,3,-3,2,-4,-1]]
1788618	r	1921	[[2345,717,7,-4,0,1,5,1,0,2,3,2,-1,1,-4,0,-5,2,-3,-2]]
1805833	r	740	[[2235,740,5,-3,2,1,-1,1,2,1,0,2,-4,2]]
1790894	r	1236	[[2307,600,2,-3,5,0,2,5,-1,2,-4,0,-2,-4]]
1791249	r	2249	[[2124,796,11,-3,0,-3,4,0,-2,6,2,2,-4,-2,-1,2,0,3,3,2,-8,-1]]
1786577	r	3551	[[2334,565,7,-5,0,-3,1,1,5,-1,2,2,0,3,-4,1,2,6,-2,4,-8,-3,-1,-5]]
1783700	r	72	[[2116,603,1,0,0,1,-1,0]]
1813253	r	14424	[[1988,544,4,-10,2,-1,6,-1,3,1,6,-2,1,-3,-2,-2,2,-6,3,0,0,2,2,2,3,-1,3,3,9,3,-7,-1,-3,4,-2,-3,-3,0,-6,4,1,5,2,1,4,-1,5,-4,2,2,5,1,-5,4,0,3,-5,-3,-5,2,0,5,5,2,-4,9,-3,-3,-2,1,-3,-2,-2,-5,1,-4,-4,-3,-1,-5,-7,8,-2,5,-3,-1]]
1817848	r	39	[[2121,597,1,0,0,1,-1,0]]
1809380	r	86	[[2131,580,1,-1,2,1]]
1785710	r	17736	[[1999,436,0,-2,4,-1,-1,-2,2,-2,3,2,2,-2,4,1,4,3,5,2,4,-12,5,2,5,7,-5,10,-1,3,2,1,-6,1,4,1,-1,4,-3,-1,-5,1,-3,-1,-2,1,-4,-3,-2,0]]
8544703	n	1374	[[2137,583,7,-4,2,2,-5,6,-3,-1],[2144,584,4,0,0,3,-2,0]]
13512708	r	118491	[[1843,598,3,-2,4,0,0,-5,2,2,6,1,4,-3,0,-4,-6,-6,-3,-5,-3,1,-2,-1,2,-2,1,2,5,-2,2,1,9,0,6,-2,6,1,2,3,6,4,-1,2,7,3,3,-3,11,-2,3,0,0,3,5,0,0,2,6,1,5,-4,-3,-1,1,-3,5,1,3,-5,-5,-5,-1,-2,1,0,4,1,6,-2,1,2,0,-2,5,0,4,-3,3,3,0,3,3,1,3,-4,2,0,5,-4,2,2,-1,2,2,1,3,-6,4,1,2,4,-4,3,-2,6,-2,0,-2,2,-2,-1,-3,6,-3,-1,-3,3,-3,1,1,-2,-1,0,0,-2,-3,-1,-2,8,-3,0,-1,2,-2,-1,0,-6,-2,-1,-4,0,-3,4,3,1,-2,2,1,2,-3,4,3,4,0,5,-5,2,-3,-1,-2,-2,-4,1,-26,33,-30,17,-5,-44,-2,-1,-1,-3,-3,-1,-1,-4]]
1811764	r	5736	[[2138,521,5,0,2,-2,1,1,3,-3,2,3,11,1,-9,9,-1,0,-5,7]]
1804850	r	5875	[[2052,475,20,-5,0,2,5,1,3,6,-19,3]]
1804169	r	2866	[[2226,551,5,2,5,-4,5,2,-4,2,2,3,0,4,-3,0,-3,6,-1,0,-2,-6,3,0,-1,-2,1,-1,-1,-1,-2,0]]
13512503	r	5124	[[1971,522,3,-4,-1,-2,2,1,1,-6,4,2,2,-3,6,9,-8,5,0,6,-4,1,-3,-6,1,-2]]
1808950	n	2505	[[2160,620,4,-2,4,2,-4,7,-4,-2,2,-1],[2164,626,4,-6,2,-1,3,2,0,4,-2,2,-4,1]]
2037411	r	5465	[[2471,816,1,-2,3,-2,0,-4,-4,-4,3,-1,0,-2,6,0,4,7,4,-1,1,1,-2,5,4,2,-1,6,-5,1,-3,-1,1,-4]]
1798972	r	1057	[[2334,696,2,-5,3,1,4,-1,-4,5,0,1,-3,2]]
1786378	n	133	[[2116,586,1,-2,2,2,-2,1,1,2]]
2038670	r	14366	[[2516,1004,3,-2,-2,-1,2,-1,2,-3,0,-3,8,2,2,-6,3,-2,5,4,6,1,4,-1,4,2,3,-2,5,-1,-4,1,-6,4,-1,4,2,5,-5,2,0,2,-1,0,1,2,-1,4,-6,5,-10,-2,-3,2,-4,-10,-5,-3]]
1792585	r	1388	[[2398,546,3,-2,-2,-1,1,-1,4,0,1,-2,0,3,3,0,-1,2,-3,-1,0,2,2,0,0,-1,2,-1,-1,4,-2,1]]
2038342	r	4396	[[2405,838,4,-4,3,1,0,-6,4,-1,2,0,1,4,5,2,2,3,-5,3,0,4,-2,2,-9,-4,-1,-2]]
1529651	r	41533	[[1728,957,3,-9,7,-7,12,-5,13,-2,13,2,11,5,7,7,3,8,-6,5,-10,-1,-8,4,-3,4,-11,3,2,3,-6,3,2,3,-11,-3,-9,-5,-7,-8]]
1809467	n	1016	[[2144,604,5,-1,3,2,0,3,-4,2]]
1804578	r	1888	[[2391,741,4,-1,8,0,3,5,-3,2,0,3,-6,-3,1,-2,-3,-2,-4,0]]
1815477	r	433	[[2108,586,2,-4,4,2,0,2],[2110,589,2,-1,-1,2]]
7910932	r	38195	[[1966,556,1,-6,1,4,5,-2,1,-7,15,-2,-1,7,3,1,8,-14,2,2,0,4,4,3,-1,4,2,5,4,2,9,12,-6,6,-8,5,-9,2,-9,-1,-9,-4,-6,-5,-1,-2,4,-3,-2,-4,-4,-1,-2,3]]
1529531	r	41148	[[1846,803,1,-7,4,-8,3,6,8,0,3,1,1,2,4,0,1,-1,9,-3,12,0,-1,1,18,5,1,1,-2,3,1,4,-4,-2,1,3,-8,1,0,6,-3,8,0,8,-4,-1,-7,-5,-8,-7,-19,4,-5,-1,-4,-8],[1855,783,15,-11,21,-5,-4,8,-10,-1,-2,2,3,1,-3,1,-11,0,-2,6],[1891,767,12,1,-4,1]]
2038584	r	13309	[[2522,839,4,-3,-1,-2,3,-1,-1,-2,2,-1,5,3,-3,3,3,1,4,6,4,-3,3,1,4,0,0,-3,8,-4,-11,-2,-2,-1,1,-1,15,-2,0,1,-2,0,2,3,6,1,-4,3,-3,7,-3,3,5,4,-5,6,-2,0,-5,-5,-3,2,-2,-1,1,2,-1,3,-8,-1,-4,-5,0,-2,-2,-1,1,-4],[2565,830,1,0,0,1]]
2037222	r	4103	[[2480,880,1,-6,6,1,6,-2,4,-10,2,3,-2,2,1,2,8,3,-4,2,0,3,-3,0,0,2,-4,1,0,2,-9,-3]]
12492669	r	12852	[[2067,648,1,-7,7,-1,2,3,6,0,2,1,3,-3,1,1,7,-2,4,5,-1,2,-4,1,0,3,-2,0,-1,3,-6,3,0,2,2,1,-13,3,-6,-6]]
1786067	r	2076	[[2250,607,1,-5,5,0,1,2,3,-1,0,6,-1,1,1,1,-2,1,-4,-1,0,2,-1,0]]
1789137	n	918	[[2264,596,2,-3,8,5,-2,2,-8,-2]]
8416626	r	198	[[2139,597,0,-2,4,1]]
2036401	r	3351	[[2508,881,3,-3,3,1,6,-2,1,1,-1,2,2,2,7,2,1,4,-2,3,-4,-1,-4,-1,-2,-2,-2,1,-4,-1,0,-5]]
1794060	n	1154	[[2396,536,2,-2,1,2,3,0,-2,-3,2,0,1,3,-2,2,4,1,-2,2,-5,1]]
1799389	r	12373	[[2005,464,1,-3,6,-1,3,2,2,-3,7,-3,3,1,2,-3,3,1,0,1,6,-1,1,4,-1,7,-3,2,1,1,-2,3,-17,2]]
1811200	n	1217	[[2327,694,0,-1,1,0,3,-3,4,1,0,3,-1,0,0,5,-5,-1]]
1529167	r	7012	[[1649,917,8,-3,7,15,4,-1,0,3,3,3,-1,4,3,3,-6,3,-6,0,-2,-6,-3,-4]]
1784554	n	1062	[[2225,606,2,-4,5,1,0,3,-3,3,1,2,-4,-2]]
1797632	n	1819	[[2168,490,2,-3,3,-2,2,3,2,-1,1,3,-1,1,1,1,-1,1,-4,2,-3,-2]]
2033413	r	24424	[[2563,962,0,-3,4,-2,-2,-1,1,-2,-2,-3,5,-4,3,2,2,-3,-3,-3,1,-1,8,1,1,3,5,1,5,-2,1,-2,-1,-2,2,0,3,4,2,1,-1,2,1,1,0,4,-11,15,10,1,0,-3,5,-3,3,0,0,3,3,0,7,1,0,3,-2,0,-3,2,4,5,-10,0,-6,4,-4,5,-2,0,-2,2,-2,1,-5,-3,2,-5,4,0,1,-4,-7,-2,1,-2,-4,-2,-2,-6,-2,0,-1,3,-5,-1,-3,-4],[2571,932,2,-1,1,-1,6,0,1,1,3,0,1,2,5,-1,4,4,-3,2,0,3,-3,-3,-5,0,0,-1,-3,-2,-7,1],[2595,965,1,0,0,-1]]
1809879	r	67	[[2279,633,2,-2,-1,2]]
1808872	r	1843	[[2388,543,1,-1,-1,-1,4,-4,0,-2,3,-1,2,6,-3,3,1,5,-3,-1,0,-3]]
2033168	r	4281	[[2507,925,1,-7,6,0,1,-2,-1,-1,2,-1,-2,0,1,-4,2,0,3,4,7,1,-1,4,-2,0,-5,8,-2,1,-5,0,-2,-3]]
1529085	r	4032	[[1737,892,6,-5,-1,8],[1747,891,3,-6,0,-5,2,5,2,-1,0,3,-3,5],[1755,882,3,-1,11,1,-1,4,-3,5,-7,4]]
1816265	r	690	[[2354,731,5,-6,5,2,-5,3,-1,1]]
1814786	r	4044	[[2226,440,2,-3,6,1,5,7,4,3,-3,1,-1,4,-3,-1,1,2,-4,-6,-6,-3]]
1812728	r	1278	[[2296,770,3,-3,-1,-2,6,0,1,1,-2,1,2,4,-1,2,-7,0,1,-1]]
2037201	r	1673	[[2431,832,1,-3,3,-2,6,0,3,3,-3,1,0,2,-3,3,-4,0,0,-4]]
2037534	r	8591	[[2549,861,7,-4,2,-3,5,-1,6,18,5,-1,2,-4,8,2,-2,3,-5,0,-3,4,1,2,-2,1,-5,6,-4,-3,-4,1,-4,-2,1,-5,6,0,3,-3,-7,-5,-3,1,0,3]]
1786676	r	99	[[2236,695,4,-1,-3,2]]
1793092	n	1646	[[2383,618,2,-3,4,-1,4,7,-6,2]]
1788816	r	952	[[2302,757,4,-4,2,1,-1,4,2,1,1,3,-6,1]]
1786395	n	2112	[[2183,620,2,-3,6,-1,1,1,-1,1,3,5,-8,2]]
8408334	r	6875	[[2170,593,1,-2,-1,-1,2,0,-1,-6,1,-2,5,0,2,3,-1,1,3,2,1,-4,8,1,1,3,0,5,-9,5,-10,-1]]
1805844	r	665	[[2305,663,3,-3,3,1,-2,2,0,6,-2,2,-1,-3,1,-2]]
1281105	r	10128	[[1928,660,4,-7,8,-3,9,3,3,7,-3,7,-9,3,-8,-3]]
8406214	n	1435	[[2152,595,2,-2,5,2,1,1,-3,5,-4,1]]
1794371	r	1017	[[2309,478,1,-2,9,-1,-3,4,4,-2,1,3,-2,1,-4,0,0,-3,-2,1]]
2036776	r	6468	[[2525,865,6,-4,3,-5,-1,-1,2,-2,1,3,8,1,1,-3,-1,-2,2,1,3,-2,5,5,3,0,-8,5,0,2,4,2,-1,1,-8,-2,-2,2,1,2,-7,2,-3,-1,-2,-3,-4,2]]
10020191	n	1514	[[2104,525,1,-3,2,-2,5,1,2,3,-5,1,2,2,-2,2,-4,-1]]
2037335	n	15349	[[2468,897,7,-7,7,-4,9,4,2,3,13,3,-1,1,9,2,4,-4,3,1,0,2,3,0,-1,1,1,3,-9,4,-1,4,-6,0,-1,-2,-6,0,-2,2,-2,-1,-10,0]]
2034135	r	12982	[[2357,853,15,-1,7,-2,0,-1,7,2,2,3,2,-1,2,0,1,-1,2,1,-1,2,4,5,7,-1,10,10,-33,-5,-15,1,0,-7],[2357,882,4,0,4,3,0,1,3,0,4,3,7,2,-19,-4]]
1815427	r	2041	[[2348,631,3,-2,-1,-3,1,-1,4,5,4,0,-1,1,1,2,-1,1,1,4,-3,2,-1,-1]]
12489673	n	1111	[[2152,617,2,-8,5,1,-2,6,-2,2]]
1805857	n	359	[[2314,457,2,-2,3,1,-1,4]]
1808612	n	1103	[[2112,574,2,-2,4,0,1,3,2,-1,1,3,-7,1]]
1922014	r	2795	[[2353,555,3,-5,3,-1,3,1,1,3,1,-2,3,1,-3,4,1,3,0,3,-3,-3,-5,0]]
2036597	r	3875	[[2475,1008,2,-4,6,1,2,-2,0,2,2,-1,1,5,3,-2,7,-1,0,3,-5,7,-10,2,-3,-5,2,-2,-2,-1,0,-1,-2,-2,-2,2]]
1794806	n	1410	[[2131,783,2,-3,4,0,3,2,1,3,-2,3,-8,-1]]
12022102	r	43945	[[1541,772,2,-1,0,2],[1550,820,1,-8,2,0,4,-5,6,0,-2,-5,6,-2,-15,-1,1,-7,8,-7,-5,-4,0,-4,2,1,0,1,3,1,1,3,15,-13,14,2,4,20,8,-3,7,0,-7,15,-6,2,-3,4,-27,17,0,-2,-5,-4],[1553,775,4,-2,1,3]]
1798473	r	72	[[2276,594,2,-1,-1,2]]
1791272	r	1546	[[2209,534,3,-1,0,-2,4,0,5,9,-2,1,-1,-3,-2,1,-2,-1,-2,0]]
2033225	r	16825	[[2410,951,2,0,3,-3,-3,-3,7,-3,14,1,2,2,5,-2,10,5,2,3,11,5,3,3,-6,1,-2,5,-3,4,0,1,-4,2,-2,-1,0,-5,-3,-2,-15,1,-1,-4,-6,-2,2,-2,-14,-4]]
1808336	n	945	[[2312,470,1,-3,2,1,2,-2,4,4,-2,3]]
2035002	r	8800	[[2547,904,11,-6,1,-3,2,-1,-1,-4,1,0,5,1,2,3,6,-1,3,4,4,1,-1,3,3,1,-1,1,2,2,-3,2,3,1,-2,3,-4,-2,-3,1,-1,-6,-3,-1,-3,3,-5,-1,-5,6,-3,1,-2,-2,-1,-2,-3,-1,1,-1,-2,0]]
2034834	r	3093	[[2514,910,1,-4,8,-3,8,2,2,1,-1,3,2,0,0,2,-7,1,-4,-1,0,3,-2,0,-4,-4]]
1805935	n	289	[[2318,460,1,-4,3,1,-3,2,0,2]]
1812138	r	612	[[2156,433,4,-3,-1,-1,3,1,-2,1,4,1,0,2,-5,1,-1,-2]]
1798655	r	677	[[2133,444,1,-5,5,1,0,4,-3,-1,-2,2]]
1804208	r	2647	[[2252,526,2,-4,2,2,4,-1,4,6,-1,2,1,3,-5,0,0,-2,-2,2,-3,-2]]
1280037	r	23716	[[1513,763,19,2,-2,-8,-2,0,-2,-2,1,-6,1,2,8,2,3,5,-1,2,10,7,1,-3,4,1,2,2,21,2,1,1,-15,13,-1,-3,-3,-1,0,-1,-3,0,1,3,5,4,-8,7,-16,-9]]
1279891	r	4722	[[1962,507,3,-5,-1,-5,3,-3,2,1,1,-2,3,0,0,3,2,1,0,7,-5,1,-2,4,3,4,4,-1,-1,5,-1,-1,-2,1,-5,-6,-3,2]]
1790251	n	988	[[2327,565,4,-4,3,0,1,7,-4,0,0,1,-2,-4]]
1805543	n	711	[[2382,724,7,1,0,4,-4,1]]
1529641	r	44981	[[1588,828,1,-2,10,2,-6,3,1,-1,-1,-2,-4,1],[1594,811,3,-5,8,0,-1,3,-3,-1,-3,2,3,1,0,4,-2,1],[1603,804,7,-15,8,1,0,-8,-1,-6,9,-3,15,2,12,4,10,7,7,9,-39,39,-4,-5,3,-1,0,-3,-8,-2,-1,-2,3,1,4,-1,8,0,1,-2,-14,-5,-11,-1],[1607,822,3,-4,2,-1],[1614,826,1,-2,3,1,2,-1,2,2,-2,0,-3,3,-2,0]]
2033242	r	4719	[[2521,896,7,-5,4,0,6,-1,3,1,-1,5,2,3,-3,4,-9,2,-7,-2,1,-5,-3,0]]
1804252	r	184	[[2264,502,2,-1,2,3]]
1800130	n	309	[[2397,731,1,-1,5,0,0,2,-3,1]]
2036536	r	4997	[[2535,881,2,-2,-1,-6,3,0,0,-4,4,-1,-1,-2,2,-2,10,3,-8,2,6,7,4,-1,0,-4,2,2,-2,4,1,1,-2,1,2,3,-4,-2,-6,2,-2,-3,-2,1,0,2,-3,1]]
1791325	r	1413	[[2125,792,6,-5,8,1,-2,3,-2,-1,0,3,-7,2]]
1790442	r	624	[[2008,509,4,-1,3,5,-6,0]]
1802420	r	100	[[2114,592,0,-2,2,1,-1,2]]
2035669	n	1787	[[2579,944,5,-6,6,1,2,3,-1,3,-4,2,-5,0]]
1803782	r	3980	[[2167,596,3,-2,4,4,8,0,1,4,-2,1,-2,7,3,1,0,2,-6,-3,-3,2,-2,-3,-3,1,0,-2,4,-3,-2,-8]]
1784953	r	1716	[[2398,754,4,-2,1,-5,3,-2,-1,-3,6,1,2,6,-7,1,-6,5]]
1787901	n	851	[[2092,572,3,-7,3,1,1,1,-4,5]]
1800175	n	1848	[[2157,601,4,-5,4,0,2,3,0,4,-4,1,-4,0]]
1795860	r	248	[[2248,558,5,-1,-3,4]]
1790920	r	5944	[[2191,625,4,-2,-4,-5,2,-3,2,2,14,-3,-1,2,-2,0,5,7,-3,3,2,2,1,-1,-4,5,-7,-3,-1,0,-1,-1]]
1809408	n	1681	[[2111,560,2,-3,4,-1,3,2,1,4,0,1,-4,0,1,2,-3,0]]
2033536	r	27678	[[2408,951,1,-3,4,1,-1,2],[2409,988,7,-9,-1,-2,2,-2,0,-5,5,-1,1,-1,-3,-2,1,-2,-5,-2,0,-2,3,-1,-2,-3,-4,0,0,-2,3,-1,5,3,5,1,-2,2,6,2,1,4,12,-2,6,3,1,6,-6,1,-4,4,0,4,-1,0,1,2,-5,6,7,1,6,5,1,4,-3,0,-3,-1,-6,1,3,3,-4,3,2,2,4,-1,3,2,-1,3,-1,1,3,5,-6,0,-11,-5,-13,-3,4,-3,1,-5,-3,-4,1,-4]]
1817441	r	240	[[2120,581,3,-3,0,5]]
1818020	n	1192	[[2309,474,3,-4,4,2,1,1,1,-1,1,2,-9,2]]
1800498	n	1559	[[2345,736,0,-4,4,-2,2,0,4,5,-4,4,-4,-1]]
2033147	n	1325	[[2499,915,6,-3,5,0,2,2,-1,3,-4,2,-5,-1]]
1791765	n	908	[[2135,578,4,-3,1,3,3,0,1,1,-7,4]]
1791706	r	255	[[2190,744,2,-3,3,1,-4,3]]
2034497	r	8998	[[2424,898,6,-4,6,-2,7,3,-2,3,1,5,3,1,-2,2,9,-5,15,3,-4,5,-3,-2,-4,0,-6,4,-3,6,-2,-1,-5,4,-4,0,-1,0,1,-3,-3,-2,6,-1,2,-5]]
1795857	r	2852	[[2341,543,4,-2,0,2,3,-1,5,-4,2,1,2,5,-3,1,0,2,-4,5,-2,-1,0,-2,-2,0,-1,-2,-2,-1]]
1280570	r	988	[[1950,479,3,-2,10,5,-8,1]]
2036337	r	2791	[[2475,851,1,-3,4,0,2,-3,7,-3,2,1,0,4,4,0,1,1,-1,2,-6,1,-1,-3,-6,2,2,3,3,-1,-1,2,3,2,-2,2,-5,-5,-4,0]]
1916012	r	5913	[[2180,375,2,-5,4,0,2,3,3,-3,8,1,0,10,-2,2,-7,0,-7,-2,-1,-4]]
1811729	r	150	[[2245,443,2,-1,0,3,-2,1]]
1783940	r	2302	[[2398,595,3,-2,-1,-1,1,-2,3,1,2,-1,0,-3,4,4,1,6,-3,3]]
1803367	r	945	[[2307,732,0,1,1,0],[2309,734,10,-1,2,5,-6,0]]
2037069	r	4658	[[2525,940,6,0,0,2,8,1,9,10,7,2,-3,2,-4,-1,-14,-2,-3,-2]]
1806439	r	1709	[[2328,547,7,0,1,2,2,-2,1,3,-2,3,1,1,-2,2,-2,-2,-4,0]]
2037712	r	3301	[[2505,884,0,-3,3,0,2,2,-1,0,1,2,2,-1,0,3,4,1,2,-1,2,2,8,2,-5,4,-5,0,-3,3,-3,-4,-5,-3,-1,-3,3,-3]]
1808916	n	1763	[[2159,583,3,-1,4,0,2,2,0,4,-3,2,-4,0]]
1787828	n	1399	[[2104,562,3,-3,4,0,3,6,-4,3]]
2035610	r	6079	[[2486,959,18,2,-1,5,8,2,0,3,3,0,6,4,-2,2,-4,-1,-2,2,-3,-2,5,0,-1,-2,-9,-1,5,2,-4,-1,-4,1,-1,3,-5,0,-4,-7,-1,-4,1,-2]]
2036595	r	265	[[2350,990,3,-3,2,-1,0,3]]
2034440	r	3808	[[2552,940,10,-8,9,0,2,7,-2,4,3,3,-2,3,-1,0,-1,-4,-3,-2]]
2035970	r	6151	[[2448,947,4,-5,3,-1,-4,-6,7,1,5,-1,2,2,2,0,1,2,-2,1,2,-1,4,2,-4,6,3,0,0,3,1,1,-5,-2,0,4,-8,-1,1,-3,-2,0,-2,4]]
1784820	r	2385	[[2393,662,4,-9,6,1,2,2,-2,0,0,3,3,0,0,1,0,3,-4,1,-7,-1,-1,1]]
1784393	n	865	[[2176,572,6,-7,3,5,-2,2]]
1786778	n	1040	[[2191,613,4,-3,3,1,0,-2,2,2,-1,3,-3,2]]
2035196	n	1359	[[2205,810,7,-4,3,2,1,3,-2,3,-3,1]]
2036418	n	1044	[[2530,886,1,-2,4,2,1,-4,5,1,-7,8,-3,-2]]
1784185	r	15424	[[2026,486,5,-8,-3,-1,1,-3,2,2,0,-2,3,-1,-1,-1,3,-3,-1,-1,7,-2,2,3,2,-1,1,2,-1,2,5,3,8,6,2,0,2,4,-3,13,-3,-3,-2,-5,-5,1,-4,-3,-8,4,1,-3,1,0,-1,-4,-2,0,0,1,-4,2,-3,-3,-2,4],[2042,498,4,-1,-4,2]]
1816865	r	147	[[2319,555,3,0,1,1,-3,1]]
1797091	r	13059	[[2022,710,1,-5,4,-5,12,-5,2,0,12,14,-1,2,-2,1,-2,-3,0,2,-5,3,-1,5,-4,3,-12,-2]]
1810724	n	1394	[[2104,700,0,-9,5,0,2,3,-2,6]]
1529363	n	1960	[[1653,834,1,-3,5,-1,4,1,2,3,-2,4,-4,1,-5,-1]]
1805270	r	5890	[[2187,566,1,-1,-1,-1,15,-4,0,2,3,2,-3,5,1,3,2,-1,-1,2,-5,4,-7,0,-4,-4]]
1802171	r	38636	[[2008,600,1,-7,3,-7,10,-9,23,2,-2,5,-2,0,1,1,-3,1,0,4,4,1,1,-2,2,2,0,1,1,3,-2,3,0,4,4,5,1,7,-1,4,-30,3,-8,-9]]
2034657	r	419	[[2619,888,1,-2,5,0,-2,5,-2,-1]]
1797959	n	1592	[[2326,544,1,-3,4,-1,3,1,2,3,-1,3,-5,-1,-2,0,0,2]]
1788207	n	1697	[[2150,659,1,-2,4,-2,3,1,2,2,0,4,-4,2]]
2034228	r	2325	[[2529,932,-3,0,-2,5,0,2,7,1,0,2,8,1,-1,-8]]
2035801	r	1661	[[2505,846,1,-3,3,0,3,3,5,1,1,3,-2,5,-3,0,1,-3,-3,-3],[2515,860,0,-4,5,0]]
1797181	r	2274	[[2315,775,4,-1,1,-3,3,0,6,4,-5,3,3,2,-1,2,-4,2,0,-2,-4,0]]
1788638	r	340	[[2260,620,2,-1,3,3,-3,3,0,-3]]
1803616	r	2142	[[2263,552,1,-2,2,-2,6,0,-1,3,4,6,-5,2]]
1805220	n	297	[[2401,738,5,0,0,2,-5,0]]
6644097	n	1727	[[2006,516,3,-3,6,0,1,3,-1,3,-4,1,-3,-1]]
1810136	n	346	[[2190,434,4,2,0,2,-3,0]]
1799686	n	894	[[2095,579,2,-4,1,-1,6,4,-5,3]]
1811929	n	812	[[2227,466,2,-5,3,0,3,2,-4,1,0,3]]
2038274	r	2370	[[2602,919,2,-2,0,-4,4,0,5,-1,7,2,-3,1,-2,2,1,1,-8,4,-3,0,-3,-1]]
2034141	r	7383	[[2531,905,8,-2,3,-4,-2,-3,1,-5,3,2,7,-2,-2,-1,1,-2,2,-4,2,0,0,-2,4,-1,4,2,-1,4,2,0,2,4,-5,-1,1,4,-2,0,-2,5,-20,10,-5,0,1,-3]]
1816821	n	1922	[[2108,777,1,-3,4,-2,4,2,2,3,-2,3,-4,1,-4,-1]]
1784417	n	1509	[[2170,577,2,-3,3,-2,4,8,-5,1]]
1811594	r	2528	[[2253,663,2,-1,8,1,1,-2,2,1,2,4,-7,3,-1,2,-3,1,-1,-4,-3,-1]]
1785692	r	533	[[2012,507,2,-3,2,9,-1,0]]
2033135	r	3087	[[2466,871,2,-3,6,-1,2,4,5,3,1,3,-2,3,-4,0,-2,2,-8,-1,5,-8,-3,-1,1,-1]]
2033149	r	4121	[[2480,915,7,-4,1,-2,3,-1,7,1,1,1,2,-2,6,0,1,2,7,0,-1,4,-4,-2,-8,1,-5,3,-6,0,-1,2,1,0,-4,2,-6,-2]]
2037930	n	710	[[2480,910,2,-3,5,2,0,2,-4,1,0,2]]
1803841	r	2660	[[2242,499,3,-1,2,-6,6,3,3,3,-3,5,-4,1,-5,0]]
1784310	n	1594	[[2071,491,4,-5,4,1,1,3,-1,3,-4,2]]
1788944	r	4246	[[2097,508,2,-1,-1,-1,9,0,8,4,-1,3,-6,3,-9,2,-2,-2,1,-6]]
1802476	n	1534	[[2038,493,2,-3,5,-1,-1,1,2,2,0,5,-5,0]]
1786855	n	1207	[[2444,741,3,-2,4,0,0,2,-3,-1,1,3,4,1,-1,3,-6,0]]
1810309	r	1945	[[2384,657,1,-5,3,1,4,0,5,3,-4,6,-1,-1,-5,0,-1,-4]]
1785777	r	43117	[[2145,747,2,-4,-2,-1,1,-3,7,-3,1,1,0,3,1,0,-2,1,3,4,3,-3,3,2,2,-1,2,2,-2,1,4,2,3,-5,-1,-3,3,1,2,-1,1,1,-1,1,3,1,-1,2,10,2,3,3,5,-2,1,-2,-1,-1,3,1,2,-1,-1,-2,3,-3,6,-1,-1,1,2,0,5,6,-1,3,2,0,1,2,0,2,-2,1,1,1,-5,4,0,5,8,6,-1,2,3,6,-1,2,4,1,2,5,-4,2,2,3,-5,-1,-4,-5,-4,3,-2,-2,-5,3,1,-3,-10,-5,-2,-4,-2,0,-3,-3,0,-2,-2,1,-4,-4,-2,-5,2,-3,-2,-3,-3,3,0,-7,-13,-2,-3,1,0,3,-6,2,-2,-2,-6,-4,1,0]]
1792592	r	20451	[[2155,549,1,-2,7,-1,1,1,2,0,10,-7,6,0,4,3,-1,0,-8,-3,-1,2,2,0,5,7,3,0,3,2,0,4,-3,4,1,2,-1,0,2,4,-3,1,0,4,-2,-2,-1,-4,-6,1,-1,-1,1,5,-2,1,-1,-1,0,-2,-1,0,1,6,-6,1,1,2,-2,6,-1,-1,-4,1,3,-6,-3,-4,0,-5,-4,1,-1,-4,0,-2,3,-2,-1,-2,1,-2,-1,-4]]
1811829	r	499	[[2252,613,2,0,0,-2,2,0,2,1,0,2,-2,3]]
1801876	n	1029	[[2098,699,2,-9,2,1,-1,4,3,-4,0,9]]
1807695	n	1360	[[2295,669,2,-4,4,-1,4,5,-7,4]]
1817456	n	154	[[2191,433,4,0,-1,3]]
2037375	r	8232	[[2629,945,2,-3,-1,-4,7,0,0,1,4,1,4,-1,-1,-3,3,-1,2,2,7,-2,7,3,3,8,3,3,-14,3,-7,-4,-2,2,-4,-2,-2,-3]]
1807687	n	1911	[[2239,478,2,-4,3,0,3,1,2,3,-2,4,-3,1,-4,-1]]
1800544	r	605	[[2007,506,1,-2,6,0,-2,4,-4,1]]
1802068	n	1753	[[2341,625,1,-3,3,-2,4,1,2,3,-1,3,-4,2,-4,-1]]
1808744	n	1764	[[2400,675,2,-3,5,-1,3,3,-4,6,-4,-1]]
8397870	n	1593	[[2186,628,3,-4,8,4,-2,3,-4,2,-3,-2]]
1810668	n	234	[[2237,549,2,-2,2,2,0,3]]
2034221	r	8763	[[2582,871,5,-7,5,-2,15,3,6,-1,1,2,0,2,4,1,-6,3,-4,1,-1,8,-6,-4,-2,4,-4,-4,-10,-1,-1,-4]]
1281189	n	1960	[[1966,636,2,-3,4,-1,3,1,2,3,-2,4,-3,1,-4,-1]]
1785566	r	1462	[[2261,685,2,-3,2,0,3,-2,4,0,1,4,-2,1,1,1,-5,2]]
1784450	n	1089	[[2100,566,1,-3,3,-1,3,3,-1,4,-3,1]]
1808977	r	1651	[[2267,617,3,-9,2,2,2,-2,5,4,-2,4,-1,-1,-1,2,-5,-3]]
1787925	n	1664	[[2322,535,3,-3,4,1,2,2,0,4,-5,2,-2,0]]
2035746	r	7967	[[2625,910,0,-1,5,-1,3,-4,3,0,1,3,2,-2,20,-5,4,3,0,5,-8,1,-7,5,-3,-1,-2,2,1,2,-5,-1,-1,2,-4,0,0,2,-6,-3,1,-2,-3,-1,1,-1]]
2035601	r	15719	[[2495,978,5,0,1,-3,4,-1,4,1,-5,-2,8,1,2,2,-5,0,3,2,2,-2,2,1,3,-2,1,3,3,1,2,4,11,0,-2,5,-4,3,0,4,-9,-1,0,3,-5,6,2,4,5,3,4,10,-5,-1,-7,-4,1,-4,-6,-3,0,-2,-5,-3,2,-2,-3,-2,1,-2,-2,0,1,-4,-2,0,3,-4,-1,-5,-2,-2,-5,1]]
1280574	r	13566	[[1983,443,16,-2,0,-5,11,13,2,0,-5,5,-1,3,2,0,-3,7,-12,1,-3,-3,-3,1,3,-2,1,-2,-3,0,-2,-4,1,-5]]
1794825	n	1515	[[2371,704,6,-4,4,1,1,2,-1,3,-4,2,-3,-1]]
1806271	n	269	[[2409,732,2,-1,2,2,-4,2]]
1818019	r	7876	[[2100,500,1,-2,3,2,5,-1,1,-3,9,-1,1,-2,4,3,-1,3,3,1,0,4,-2,5,-5,3,-1,-3,-3,1,-4,-3,-2,1,-2,-2,-4,0,1,-3]]
1280281	r	5168	[[1935,623,3,-6,6,-2,6,2,2,6,-2,5,-6,2,-6,-2]]
1800088	n	1495	[[2231,473,3,-2,3,-1,3,2,1,3,-4,4,-1,-3,-3,1,0,-3]]
11778484	r	34223	[[2060,668,28,-8,-2,-1,0,-2,9,-4,8,-1,6,3,-1,3,0,1,5,-1,5,2,0,3,1,0,0,1,-4,2,-1,2,2,0,3,4,5,-1,4,1,1,-1,2,0,0,2,-2,3,1,1,-2,1,4,5,-2,2,-3,-3,-1,3,-2,-3,-9,2,-3,-2,-1,4,-5,3,-2,2,-7,-3,0,-2,-1,-1,-6,-1,-3,3,-3,1,-2,-2,1,-2,-2,-1,1,-3,-7,1]]
2036933	r	7070	[[2563,853,3,-11,4,-2,8,0,6,4,0,2,3,3,-2,3,3,2,-1,2,-6,-1,-3,4,-2,0,0,-3,-4,1,-1,-2]]
1812988	n	750	[[2411,755,4,-3,5,2,-2,3]]
1280757	r	1955	[[1950,793,3,0,4,1,4,3,-1,1,2,3,-9,3]]
1800629	n	1721	[[2128,663,2,-3,5,-1,3,7,-6,2]]
1805334	r	66	[[2413,549,-2,-1,2,-1]]
1799574	n	1787	[[2231,636,2,-4,4,-1,3,1,0,4,1,1,-5,3,-3,-1]]
1787837	n	1235	[[2199,407,0,-2,4,0,5,2,-1,3,-4,1,-3,-1]]
1799348	n	745	[[2333,718,0,-4,3,0,5,2,-2,3]]
1805379	r	551	[[2235,590,2,0,-1,-4,4,1,1,1,-4,3,1,4]]
1817884	n	1624	[[2312,550,2,-1,-1,-4,2,-1,4,1,3,2,-2,5,-4,1]]
1813033	r	11844	[[2167,519,6,-7,2,1,1,-2,5,0,0,3,-3,0,4,2,1,-1,0,1,4,-1,3,8,-1,3,-2,-1,-2,2,3,4,-2,3,3,1,-7,5,-6,-2]]
1800065	r	856	[[2303,749,1,-3,4,0,1,-3,1,1,1,-2,4,2,-8,5]]
1808103	n	1957	[[2121,645,1,-4,4,-1,4,1,1,4,-1,3,-4,1,-4,-1]]
1815617	n	897	[[2095,572,4,-5,4,3,-5,4]]
1788269	r	156	[[2334,557,2,0,1,1,-2,2]]
1811440	n	1567	[[2354,705,1,-3,3,-1,4,0,3,5,-2,2,-4,2,-1,-4]]
1804935	n	1140	[[2086,561,3,-2,3,0,3,3,0,3,-7,1,1,-4]]
1280328	r	5361	[[1950,490,1,-1,2,0,1,-1,2,1,4,0,6,4,-2,4,1,5,-3,5,-4,-3,-2,1,-2,-4,1,-4,-4,-2]]
1792516	n	1961	[[2131,563,2,-3,3,-2,4,2,1,3,-1,3,-4,1,-3,-1]]
1816890	r	1457	[[2393,662,1,4,-3,2,-6,-1,0,-1,-2,-1,5,-5]]
2035511	r	2590	[[2513,864,3,-2,-3,-1,7,-5,8,0,0,-2,3,-1,3,3,-3,5,-5,3,-9,-2,-3,3]]
1811794	r	12303	[[2132,514,2,-5,4,-5,2,2,-1,3,5,3,6,-8,3,2,1,-2,9,4,3,3,2,-1,1,4,-2,5,-5,2,-11,-1,-2,-3,-3,3,-1,-1,-2,2,-5,0,-5,-4]]
1279715	r	33757	[[1756,585,2,-7,4,-6,7,-4,9,-2,8,2,7,4,4,6,2,7,0,2,-3,2,0,3,-4,7,-6,3,-8,2,-9,-2,-7,-4,-4,-6]]
1793533	r	1168	[[2398,643,2,-4,2,3,5,1,0,4,-8,-1]]
1795579	n	1063	[[2308,726,2,-5,4,2,0,3,4,0,-5,3,-3,-1]]
1797438	r	1782	[[2411,744,7,-2,6,1,1,3,-1,1,-2,0,0,2,-7,-1,-2,2]]
1790885	n	1719	[[2320,640,1,-3,4,-2,5,5,-1,3,-7,1]]
1788402	n	1412	[[2281,503,2,0,2,-4,5,1,1,2,-1,3,-4,2,-3,-1]]
1815847	n	356	[[2389,724,2,-1,5,2,-6,2]]
1788452	n	1093	[[2292,615,5,-2,-1,2,5,3,-3,2,-1,-1,-2,1,-3,-1]]
2034340	r	1054	[[2591,859,3,-1,-1,-2,3,0,2,4,4,0,-1,1,1,2,-8,0]]
12324246	n	354	[[2370,722,2,2,3,-1,1,3,-5,0]]
1798634	r	1819	[[2348,705,5,-2,1,3,4,0,1,5,-4,3,-3,0,0,-3,-4,-2,2,-3]]
12110889	r	2873	[[2144,588,4,-1,0,-3,3,0,3,-1,1,1,1,-3,1,0,1,3,2,1,-1,2,3,5,-5,1,-1,-2,-2,1,-3,-3,-3,2]]
2036066	r	6514	[[2586,912,5,-3,1,1,4,-1,3,1,-1,-8,-4,-2,6,-4,1,-3,3,1,-2,3,2,0,0,4,5,2,1,4,5,3,0,2,-11,1,-1,5,-4,0,-2,2,-1,-2,-4,0,-5,-3]]
1807339	r	1702	[[2314,597,5,-3,4,3,-2,7,-2,2,-4,-2,2,-4]]
1805267	n	591	[[2304,676,4,-6,5,2,-1,3]]
2034761	r	3471	[[2528,891,2,-5,1,3,3,2],[2535,890,6,-7,-1,-1,3,0,1,-3,1,0,2,3,5,-2,3,1,-1,3,-2,0,-2,4,-1,2,2,1,-7,2,-4,-2]]
2036653	r	5262	[[2599,863,3,0,-1,-4,4,-1,0,-4,4,-3,1,1,3,-4,-2,2,2,2,-1,1,-4,1,15,5,-1,1,2,3,2,6,-3,-1,-3,2,-3,-2,-3,1,-1,-5,-6,1]]
1914927	r	89	[[2183,396,3,0,-2,1]]
1783554	r	2464	[[2176,389,7,-8,7,2,-2,4,1,1,-3,2,0,2,-5,-1,0,-2,-3,1]]
1797793	n	1357	[[2301,610,4,-4,5,3,-1,3,-3,2,-4,-2]]
12258245	n	1272	[[1586,746,2,-3,3,-1,4,8,-6,0]]
12324299	n	215	[[2390,727,3,0,0,3]]
1792087	n	958	[[2394,717,4,-4,0,2,2,0,1,2,3,1,-1,3,-4,-1]]
2038118	n	507	[[2516,855,2,-5,2,0,1,3,-1,1,1,2,-5,0]]
2037334	r	72	[[2488,956,2,-1,0,1,0,1]]
1787601	r	1025	[[2313,719,9,3,-1,3,-7,1]]
1802651	r	103	[[2113,594,2,-1,0,2]]
1795919	n	1610	[[2316,696,2,-3,5,-1,2,0,1,4,-1,2,-3,3,-4,-2]]
1799897	n	1189	[[2358,722,2,-2,3,1,1,-2,4,3,-4,5,-1,-1,-4,-1]]
1786043	n	211	[[2405,735,4,0,-2,3]]
1549743	n	88	[[2339,692,1,-3,1,2]]
1785655	n	999	[[2249,669,1,-3,3,-1,0,2,3,1,1,4,-7,0]]
2037252	r	23464	[[2404,1017,8,0,-3,-3,0,-1,2,-2,3,1,1,-4,14,4,11,5,10,-1,2,2,-1,2,3,3,-1,4,5,3,-3,4,1,6,-2,3,2,2,-4,0,-6,10,-17,0,-5,-3,9,-3,2,-6,-9,-4,1,-1,5,-1,-1,-3,-3,-1,1,-3,-7,-4,-3,-5,-10,2]]
1801983	n	1196	[[2076,587,2,-3,5,0,-2,3,2,1,-2,1,2,1,0,1,-3,1]]
12324304	n	514	[[2366,740,7,-2,1,1,-7,3],[2369,737,4,-1,-1,2,-2,1]]
1804979	n	1567	[[2418,646,5,-4,4,1,1,2,0,3,-6,3]]
7290013	r	2129	[[2278,492,2,-1,1,1,6,3,1,4,-3,0,0,2,-2,2,-4,-1,-1,-4,1,-2]]
1812427	n	1886	[[2391,680,2,-3,4,-2,3,1,2,4,-2,3,-3,2,-4,-2]]
1807553	r	1629	[[2298,643,2,-1,0,-3,5,-1,2,3,0,4,-1,2,-4,1]]
1529099	r	17265	[[1667,891,3,-3,-2,-4,2,-4,10,-2,6,-6,2,3,2,0,7,-3,2,8,3,2,-1,4,-6,-3,1,5,4,7,-4,1,-4,10,-11,-4,-11,1]]
2036226	r	2460	[[2514,931,1,-3,4,-1,4,-6,5,1,5,4,-5,5,-5,-1,-4,3]]
1800430	n	1666	[[2064,488,1,-3,3,-1,3,0,2,3,-2,4,-2,-1,1,1,-2,1,-3,-1]]
2037391	n	1420	[[2257,809,1,-2,7,1,2,-2,2,3,-2,3,-4,1,-4,-1]]
1788462	n	1898	[[2228,730,2,-3,4,-2,4,2,2,3,-2,3,-3,1,-1,-1,-4,0]]
1802788	n	793	[[2384,629,2,-4,5,-1,1,5,-7,1]]
1920772	r	66	[[2325,719,3,-2,0,1]]
2033602	r	4489	[[2457,805,3,-4,8,-1,6,6,1,6,-4,2,0,2,-8,-2]]
1794103	n	1583	[[2155,443,1,-3,4,-1,3,1,1,4,-2,3]]
1529377	r	2315	[[1605,896,5,-2,-3,-1,0,-4,0,-7,3,-5,5,9,-3,3,0,3,6,3]]
2038139	r	4294	[[2471,860,1,-1,-1,-5,4,-3,3,2,4,0,7,6,-2,1,1,1,-2,4,-5,1,-5,4]]
1818016	r	1358	[[2269,625,0,-2,4,-2,1,3,2,0,1,3,2,1,-12,1,-1,-2]]
2033403	n	1960	[[2585,926,2,-3,4,-1,5,1,2,3,-2,4,-5,1,-4,-1]]
1809486	r	4060	[[2194,468,2,-2,2,-5,7,-4,2,5,-2,1,2,6,-2,5,-2,-1,-2,3,-1,0,-2,-6]]
2036283	r	6192	[[2487,812,2,-4,-2,-1,3,-3,8,6,3,-1,0,2,7,1,3,4,3,-1,-1,1,1,1,-10,5,-9,1,-5,-2,1,-6]]
1798548	r	101	[[2333,580,3,1,-2,0]]
1786357	r	83	[[2243,550,1,-2,2,1]]
2038541	r	3556	[[2510,956,3,-5,-2,-5,18,2,2,2,-1,4,-6,0,0,4]]
2034918	r	774	[[2201,813,8,0,0,2,2,2,-6,1,-3,-2]]
1795986	n	201	[[2192,432,3,-2,0,3]]
1800764	r	15	[[2330,665,1,0,0,1,-1,0]]
1788887	n	875	[[2386,738,1,-2,4,0,0,7,-4,-2]]
1909053	r	209	[[2116,579,2,-1,3,2,-3,1]]
12358513	n	835	[[1966,490,4,-7,4,2,-6,7]]
1815188	n	1960	[[2109,675,2,-3,4,-2,3,2,2,3,-2,3,-3,2,-4,-2]]
1529528	r	2506	[[1695,883,3,1,1,2,3,0,0,-4,-3,-2,0,-3,6,2,0,16,-4,1,-5,-8]]
2036069	r	3026	[[2531,836,3,-3,0,2,2,-1,3,2,5,-6,13,4,-8,4,0,3,-4,0,-6,-2,-4,1]]
1805505	n	1704	[[2195,394,2,-2,3,-2,3,1,2,3,-2,4,-2,1,-1,-1,-1,1]]
1791007	r	5324	[[2085,694,1,-4,4,-5,13,5,-1,4,0,-3,-2,-1,-3,13,-10,-2],[2101,697,0,-1,1,1]]
2036959	r	2491	[[2437,836,7,-7,6,2,2,4,-3,2,1,2,-2,4]]
1791484	n	961	[[2085,569,1,-3,9,-1,-3,7]]
1799384	n	1291	[[2423,585,3,-3,2,2,2,0,1,2,2,-2,0,2,0,-2,1,2,-3,3,-1,-1,0,2,-1,-2,0,2,-4,-1]]
1800521	n	1080	[[2276,649,2,-3,7,0,1,1,-2,3,-2,-1,-1,2,-2,-1,-2,2]]
1793286	n	968	[[2326,689,2,-4,4,1,-1,-2,4,1,-2,4,-5,1]]
1787873	r	3520	[[2179,663,1,-3,4,-3,0,-3,5,-4,2,0,1,2,2,0,-1,3,0,2,3,0,0,4,-15,3]]
2037658	r	2508	[[2501,852,3,-6,7,3,3,3,-1,3,4,0,-2,2,-1,3,-4,2,-2,3,-1,-2,5,-3,-2,-1,1,-2,-7,-4,-2,1]]
1806422	n	566	[[2098,574,5,-3,2,5,-1,2]]
2033128	r	5093	[[2454,923,1,0,1,-4,7,-3,2,-4,5,3,12,0,-2,0,1,2,-2,2,2,2,-3,5,-7,-2,-7,1,-2,-2,-7,3]]
2036579	r	3323	[[2511,818,9,0,2,4,4,1,3,4,2,0,0,4,-3,-1,-2,-3,-2,0,-3,4,-3,1,-2,-1,-4,-4,4,-4]]
2034691	r	477	[[2548,844,3,-1,3,2,-5,0],[2556,846,4,-4,-1,6]]
1802136	n	1948	[[2118,667,1,-4,4,-1,4,1,2,4,-2,3,-4,1,-4,-1]]
1816026	n	1177	[[2305,604,2,-4,3,1,1,3,3,0,0,1,-3,4,-6,-3]]
1788461	r	81	[[2186,394,1,0,0,1,-1,0]]
2035453	n	931	[[2380,839,6,-3,2,6,-3,2,1,1,-5,-4]]
1811305	n	1088	[[2261,602,3,-4,8,2,0,2,-5,2,-5,-1]]
2036033	r	3338	[[2506,839,2,-1,2,2,2,-2,3,0,6,3,4,1,1,-1,2,0,3,4,-1,1,-6,-1,0,2,-2,0,1,2,-3,3,-3,-5,-5,-1]]
1808863	n	1672	[[2165,656,2,-2,5,-1,3,3,0,3,-2,2,-3,1]]
2034599	r	6416	[[2451,935,4,-9,7,-3,3,2,6,-1,6,2,-2,9,3,-1,2,1,-2,2,2,2,-7,3,-3,-5,1,-1,1,2,0,-2,-8,1,-2,-2,-4,1]]
1803257	r	179	[[2124,581,1,-2,1,0,1,3,-2,1]]
2036685	r	2256	[[2520,854,3,-5,-1,-2,2,0,0,-2,6,1,0,2,5,5,-2,2,-5,-1,-1,2,-6,0]]
2038482	r	6025	[[2598,884,3,-1,-2,-3,1,-3,2,0,9,7,-1,5,3,4,4,1,2,-3,4,1,-2,4,-2,0,2,1,-2,0,-2,3,-3,-1,-3,3,-6,0,-3,-5,2,-3,-3,-1,2,0,-1,-3,-4,-1,3,-3,-1,-2]]
2036753	r	5029	[[2598,927,7,-5,8,-3,8,2,2,-1,2,1,1,-2,2,5,-3,3,-4,1,-2,4,-3,0,-4,-1,-8,2,-1,-5]]
1810677	r	331	[[2131,575,2,-2,5,1,-5,3]]
1800675	r	1598	[[2359,711,4,-2,1,2,-1,2,2,3,-2,4,-5,-2,-1,-3,-2,-1]]
1280951	n	1471	[[1968,509,2,-4,5,-1,0,8,-4,1]]
2037820	n	1443	[[2566,863,7,-1,3,6,-3,2,-4,1]]
1813892	r	894	[[2300,673,1,-2,3,-2,2,0,2,1,-4,6,-2,0]]
2034226	r	282	[[2540,842,1,-1,-2,-2,-3,1,1,3]]
1804645	n	1154	[[2406,553,2,-2,4,0,2,3,-1,1,1,-1,2,2,-7,1]]
1803560	n	952	[[2190,398,2,-4,3,0,4,5,-1,1,-1,-1,-3,1]]
1795241	n	460	[[2182,437,4,-4,4,0,-5,5]]
1811378	n	1475	[[2320,552,2,-5,4,0,3,2,0,5,-2,1]]
1815656	r	1172	[[2375,795,5,-6,6,0,0,3,-2,-1,3,3,-3,2,-5,-2]]
1787266	r	60	[[2151,666,0,-2,1,0]]
2035325	r	2645	[[2506,941,17,-11,4,1,-3,6,2,5]]
1817701	n	1732	[[2140,443,1,-4,3,-1,4,1,2,3,-1,2,-7,2]]
1809677	n	1504	[[2083,581,2,-2,3,-2,4,3,1,2,-1,2,-1,-1,-2,2,-4,0]]
1818004	r	6387	[[2074,455,5,-5,3,6,3,0,0,-1,2,-1,4,3,3,-1,2,2,0,4,1,1,7,2,1,2,-2,3,-17,-7,-5,0,-5,-4]]
1799908	n	1327	[[2116,627,1,-3,4,-2,4,2,1,3,0,2]]
1816256	r	1006	[[2321,760,2,-2,4,2,6,1,-1,1,3,2,-9,0,0,-1]]
2038446	r	9870	[[2625,927,3,-2,6,-1,0,-2,1,-1,3,1,-2,-5,4,-1,5,1,1,4,4,-1,4,4,4,-1,4,6,2,0,2,3,3,-1,1,2,-7,5,-7,-3,-2,1,-5,1,-1,-2,-4,1,-10,-4,-2,-2,1,0,0,-2,-2,0,0,-1],[2668,914,2,-1,-1,2]]
1549756	n	238	[[2336,689,2,-1,-1,3],[2337,691,3,-2,-1,3]]
1797715	n	288	[[2239,547,2,-3,2,1,-2,4]]
1815678	n	319	[[2185,438,5,-4,1,4]]
12358566	n	856	[[2001,506,3,-4,4,2,-1,4]]
2036338	n	1960	[[2455,896,2,-3,5,-1,4,1,2,3,-2,3,-4,2,-5,-2]]
1785212	r	1248	[[2119,701,3,-3,3,0,4,-1,1,-2,2,1,-5,7,-3,0]]
1798733	n	1336	[[2205,473,2,-4,0,-3,3,1,2,2,-2,6,-4,0]]
1281368	r	1421	[[1801,599,4,7,3,0,5,4,-8,-3],[1811,599,6,-1,0,2,4,1,0,1,-7,1]]
1813016	r	1212	[[2254,688,8,-3,4,3,-3,2,0,2,-5,-3,-3,1]]
1785980	r	54	[[2328,699,2,-1,0,2]]
2034791	r	1668	[[2509,871,5,-6,6,2,-3,3,1,3,-2,3,-7,-2]]
2035593	r	365	[[2456,953,2,-4,2,0,-1,2,3,1,-4,2]]
2038283	r	3812	[[2539,920,6,-8,5,-2,5,2,9,0,2,6,-1,1,-10,0,-4,2,0,-2,-4,-1,-2,2]]
1806651	n	1383	[[2320,647,2,-3,7,-1,2,2,-1,4,-3,1,-4,-1,-2,1]]
1800101	n	1127	[[2214,458,4,-5,3,2,0,3,-2,3,-4,0]]
1786587	n	1553	[[2320,653,2,-3,8,0,1,2,-2,4,-4,1,-3,-1]]
1788522	r	1054	[[2244,648,2,-2,3,1,3,4,0,2,-4,1,0,2,-3,-3,1,-4]]
2038665	n	1669	[[2467,1011,3,-3,5,-1,0,2,2,-1,3,6,-8,2,-3,-2]]
1790413	r	1998	[[2406,571,2,-2,1,3,3,-1,2,1,4,1,0,4,-2,3,-6,-2,-3,-3,1,-3]]
1806248	r	2.925	[[2315,563,1,0,0,1,-1,0]]
2037611	r	7079	[[2607,879,1,-6,4,-1,5,-3,3,1,3,-2,3,2,-2,1,1,9,1,1,-1,5,-6,0,0,2,4,4,-4,-1,-2,3,-5,-1,-2,-4,1,-4]]
2033866	r	2672	[[2485,853,2,-2,8,-1,4,-3,3,3,0,2,-3,1,0,3,-2,0,1,7,-4,-2]]
1786759	r	2112	[[2239,629,12,2,3,-1,1,2,-3,2,-1,3,-6,1,-3,-2,-2,0,3,-4]]
1788206	n	946	[[2255,704,1,-5,6,2,-2,6]]
1816924	r	1872	[[2114,632,2,-1,0,-2,2,-2,7,2,0,3,3,1,0,2,-1,2,-3,-2,-1,2,-1,-3,-4,-1,-4,2]]
1804106	n	1720	[[2330,514,1,-3,4,-1,4,1,1,3,-1,3,-3,-1,-3,3]]
1802550	r	897	[[2404,754,2,-1,0,-3,9,0,0,2,-3,1,-1,2]]
12324508	n	688	[[2367,742,8,-2,-2,5,-4,-1]]
1797038	r	1485	[[2283,663,-1,-2,3,-2,-2,-1,1,-5,8,3,-4,2,1,5]]
1529239	r	2575	[[1705,884,5,-3,6,0,1,10,-5,1,-5,-1,-2,-2]]
1786382	n	1376	[[2011,531,3,-2,4,0,2,2,0,3,-2,3]]
7931312	n	1960	[[2000,689,1,-3,4,-1,4,1,1,3,-1,4,-4,1,-4,-1]]
1799832	n	1913	[[2366,558,1,-3,4,-1,3,1,2,3,-2,4,-3,1,-4,-1]]
1817543	r	91	[[2184,393,1,-2,0,2,1,1,-1,1]]
8516975	n	827	[[2179,610,2,-7,2,-1,-1,2,4,3,-3,1,-1,3]]
1791428	r	885	[[2326,716,1,-1,0,-4,4,0,3,5,-2,1,1,2]]
2035758	n	1343	[[2511,944,2,-3,11,1,1,2,-3,3,-10,-1]]
12324248	n	309	[[2377,725,1,-2,4,1,0,2,-2,1]]
2037311	r	4820	[[2458,954,4,-2,5,1,2,-1,3,2,5,0,2,2,7,1,0,2,3,4,-4,8,-14,-10,-5,-2,-3,-3]]
1806167	r	4183	[[2360,542,2,-3,3,0,-1,-2,-2,-1,2,-1,2,2,0,-2,3,-2,3,1,1,5,3,0,3,3,-2,4,-6,1,-7,-1,-1,-2]]
1808181	r	11922	[[2043,697,6,-8,5,-2,6,0,6,1,5,4,2,4,1,6,-21,7]]
2035754	n	1396	[[2572,861,4,-3,7,2,1,1,-3,2,1,3,-4,1,-2,-1]]
1816868	r	39557	[[2020,638,2,-9,7,-8,20,-3,9,6,7,9,3,8,-2,8,-7,6,-7,3,-9,1,-10,-2,-6,-4,-6,-7]]
1792692	r	2646	[[2094,624,3,-5,2,0,1,-3,3,-2,2,1,-2,4,1,3,2,0,-2,7,-3,-2,-3,1]]
1802811	n	1960	[[2098,684,2,-3,3,-2,4,2,2,3,-2,3,-4,1,-3,-1]]
1798082	n	1626	[[2237,536,3,-3,3,0,0,-2,4,4,-1,3,-3,2,-4,-1]]
2038185	n	614	[[2558,829,5,-1,3,4,-4,1]]
1783802	r	123	[[2115,581,2,-2,0,3]]
1804892	r	1296	[[2315,705,3,-3,5,0,3,3,-2,1,0,3,-2,1,-2,-2,-4,-1]]
1529522	r	16821	[[1657,914,12,-8,19,18,14,-1,-4,3,0,4,-3,1,3,5,-3,0,5,2,-27,3,-3,-3,1,-4,-3,-3,0,-3,-4,1]]
1802408	n	1315	[[2175,573,8,-1,1,5,-4,3]]
1817952	n	1193	[[2239,586,6,-2,1,7,-3,2,-4,-4,2,-1]]
2034995	n	1960	[[2565,914,2,-3,5,-1,4,1,2,3,-2,3,-4,2,-5,-2]]
2033449	n	1234	[[2514,865,3,-3,8,1,1,3,-1,2,-4,1,-2,-1,1,-1]]
2036237	n	1583	[[2572,942,1,-6,1,-1,6,0,4,2,-4,6]]
2034651	n	1195	[[2539,941,8,0,2,3,-1,2,-4,3]]
1790451	n	1807	[[2252,574,2,-4,2,1,3,-2,4,5,-2,3,-3,1,-4,-1]]
12324512	n	619	[[2373,745,2,-6,4,3,-1,2,2,0]]
2038529	n	1306	[[2546,869,3,-2,5,0,2,8,-4,1]]
1805515	n	1801	[[2212,464,2,-3,5,0,2,4,-1,3,-4,1,-3,-2]]
1816028	n	1941	[[2080,537,1,-3,4,-2,3,2,2,3,-2,3,-3,2,-4,-2]]
1786867	n	1897	[[2194,444,1,-3,4,-2,3,2,2,3,-2,3,-3,2,-2,-1,0,-2,-2,1]]
1806591	n	1047	[[2385,631,6,-2,2,3,2,-1,-2,3,-4,1,-3,-1]]
12358569	n	1349	[[2008,535,3,-4,7,6,-3,2,-3,0,-2,-1]]
1794126	n	630	[[2365,728,5,-6,1,4,-1,2,-3,1]]
1279553	r	3009	[[1988,519,6,-3,3,2,1,-2,2,2,0,4,6,5,-4,0,-1,2,-2,-3,-4,0]]
1810553	n	919	[[2379,678,6,-2,4,4,-6,2]]
1802426	r	118	[[2128,606,1,-2,2,2]]
1789897	r	1024	[[2256,696,3,-2,-3,0,1,-2,3,-2,5,3,0,2,-5,2]]
1810235	r	117	[[2141,600,2,1,-1,1]]
2038158	r	5685	[[2462,888,6,-5,-2,-2,8,1,2,-2,10,0,9,4,-3,0,0,3,-1,1,2,1,-2,1,-9,-4,-11,8,-8,-3]]
1280759	r	4364	[[1982,510,5,0,0,-4,6,-5,4,2,0,7,-1,5,-2,1,-4,2,-3,-1]]
1786272	n	1495	[[2118,695,2,-4,3,-1,4,2,1,3,0,1,-9,2]]
1803365	n	1941	[[2064,608,1,-3,4,-1,4,1,1,3,-1,4,-4,1,-3,-1]]
1797972	n	1960	[[2349,597,2,-3,3,-2,4,2,2,3,-2,3,-4,1,-3,-1]]
2033667	r	976	[[2587,968,4,-3,2,-5,2,0,-1,2,4,6]]
2034600	n	1960	[[2482,937,2,-3,5,-1,4,1,2,3,-2,3,-4,2,-5,-2]]
1799352	r	3340	[[2238,560,4,-2,2,1,4,0,1,2,4,-3,0,1,2,-1,0,4,-3,1,2,3,0,4,-14,-5]]
2038421	r	3115	[[2535,928,6,0,0,-3,6,-7,4,2,0,2,3,6,-1,3,-3,0,0,2,-3,0]]
1803793	n	112	[[2394,721,4,0,-2,2]]
1798778	n	922	[[2148,610,4,-2,2,1,-2,8,-4,-2,2,-2]]
6825277	r	1730	[[2063,492,1,-2,4,2,3,-1,2,1,0,6,-3,-1,-1,3,-3,0]]
12277994	n	115	[[2345,690,4,0,-2,2]]
2036734	n	1340	[[2556,868,3,-1,7,6,-3,2,-6,0,1,-2,-2,-2]]
2035836	r	521	[[2344,990,10,0,1,-1,0,-3,3,3,-1,2,-8,2,-4,0]]
1806900	n	1276	[[2104,572,0,-2,6,-2,3,4,-1,2,-6,1]]
1803940	n	123	[[2333,690,3,-1,0,2,-2,0]]
1799552	r	1222	[[2244,582,7,0,3,2,0,2,-4,0,-4,4]]
1789699	r	2594	[[2014,504,4,-3,5,3,1,5,-2,4,-3,1,-3,-1]]
1280948	r	4455	[[1980,529,2,-5,5,-3,3,0,5,5,-5,10,-6,-1]]
8406649	n	943	[[2173,570,3,-1,-1,-5,7,1,-6,7]]
1280945	n	1315	[[1993,531,2,-3,2,-2,4,3,1,-1,1,3,0,1,-5,1,-4,0]]
1795026	n	1297	[[2161,664,2,-4,-2,-2,2,-2,2,0,5,6,-4,3]]
1279485	n	916	[[1953,481,2,2,6,0,-1,3,-3,2,-4,0,1,-5]]
12358568	r	1346	[[1994,516,2,-1,5,1,-2,2,-1,-2,-1,2],[1999,520,1,-2,3,3,3,0,0,-4,3,6,-3,4]]
1912383	n	177	[[2405,735,1,-3,3,0,0,3]]
1813299	n	1960	[[2012,545,2,-3,3,-1,4,1,1,3,-1,3,-4,2,-3,-2]]
1798462	n	143	[[2393,721,3,2,-3,1]]
2047837	n	1527	[[2360,806,1,-3,4,-2,5,2,1,2,-1,3,-5,1]]
1796506	n	972	[[2379,708,4,-2,2,1,1,7,-5,0]]
1817958	n	833	[[2406,578,3,-1,5,4,-1,3,-4,-1,1,-2,-2,1]]
1784272	n	1728	[[2020,532,3,-3,4,-1,3,2,-2,2,2,3,-6,2,-3,-2]]
1279501	r	6174	[[1530,764,1,-3,1,4],[1536,755,8,-3,10,2,6,6,0,7,-5,0,-2,-2,-4,-1,-1,3,-3,-2,-7,-5,1,-2]]
1279471	n	1435	[[1961,485,2,-3,6,1,1,1,-4,6,-4,-1]]
1796797	r	94	[[2131,601,1,0,1,2]]
1549538	n	92	[[2361,689,3,2,-2,0]]
8549394	r	123	[[2131,570,2,0,1,3,-2,0]]
1799362	n	1586	[[2120,657,8,-4,2,4,-1,3,-4,1,-4,-1]]
1799986	r	4395	[[2001,499,3,0,-2,-6,5,2,4,-5,-1,-1,9,5,-1,7,-4,3,-6,0]]
3688689	r	6724	[[-1494,96,2,-4,6,1,2,-1,0,-7,-1,-3,-2,1,-2,-8,6,6,1,6,2,-2,10,9,-6,0,-4,4,-5,2,-1,3,-6,-2]]
3687925	r	7038	[[-1536,65,10,0,8,-3,4,6,0,6,-13,0,-6,4,-2,-3,0,-6,1,-1]]
3674962	r	9666	[[-1520,122,2,-4,3,-3,10,2,5,5,-1,10,-6,4,-8,-3,-2,-3,-1,-3,1,-1]]
3689147	r	2688	[[-1505,216,0,-2,9,0,4,-3,3,4,-1,2,0,-2,-1,2,-1,-1,0,2,2,-1,0,3,-7,2]]
3687238	n	5576	[[-1513,196,10,-1,6,5,0,2,-8,10,-1,-1,-3,1,-1,-1,0,-2,0,1,-2,-2,2,-2,-3,-2,2,1]]
3685533	r	5103	[[-1460,158,1,0,1,-4,9,-3,-1,8,2,2,1,-1,0,2,-1,5,-5,6]]
3667905	r	493	[[-1490,92,6,-4,0,5]]
3688465	r	7908	[[-1471,143,1,-10,1,-2,2,2,4,-2,5,0,5,6,1,2,-8,11,-5,0,-3,-3,-2,2]]
3680656	r	4727	[[-1511,79,3,-1,8,8,3,10,-1,3,-7,-3,-5,-4,2,-2,-2,-5,1,1]]
3668605	r	3644	[[-1490,220,0,-1,4,1],[-1489,215,7,1,-1,-3,1,-1,6,4,2,1,2,2,-5,2,1,4,-6,2,-3,-2,1,-3,-3,-6]]
3674453	r	8310	[[-1532,175,9,-11,3,3,5,-2,2,4,-1,3,3,2,-2,8,-4,5,-5,-2,-3,-3,4,-3,-4,3,-1,-3]]
3666304	r	9619	[[-1477,201,2,-4,3,-1,1,4,5,5,7,0,1,4,4,8,-16,6,-4,-6,0,-6,2,2,1,-3,-3,-1]]
3672486	r	4552	[[-1526,95,2,-5,4,-2,5,5,7,1,3,2,-12,4,-2,2,-5,-2]]
3675443	r	3152	[[-1517,100,11,-3,2,6,-3,4,-4,1,-4,-3,1,-1]]
3688452	r	7937	[[-1556,55,0,-1,12,3,8,8,2,3,-1,1,0,6,-1,2,-1,-2,-7,0,1,-2,-3,-2,-5,-6,1,-1,-4,-4,1,0,0,-2,-1,0,1,-1],[-1549,83,2,-4,2,3,1,-1,3,1,-4,3],[-1546,78,1,-1,3,1,-3,-1,0,3]]
3672778	r	8580	[[-1558,28,13,-12,2,0,3,4,2,15,-6,2,-6,0,-5,-3]]
3673899	r	14667	[[-1518,57,5,-8,9,-3,8,5,3,9,-5,8,-9,3,-7,-3,-3,-6]]
3665900	r	10146	[[-1482,78,22,-3,2,7,-2,7,-3,5,-4,1,-13,-10]]
3671916	r	6776	[[-1541,49,2,-7,7,-2,2,0,6,6,1,3,-1,4,-14,3]]
3689560	r	3116	[[-1520,88,6,-7,4,1,1,4,-1,-1,2,5,-2,2,2,2,-7,-1]]
3667983	r	5256	[[-1516,186,3,-4,3,-1,-1,-2,2,1,4,-2,4,2,0,11,-4,3,-7,-1,0,-4,-4,-1]]
3688451	n	1545	[[-1545,78,4,0,-3,-4,7,1,1,3,-1,3,-4,1,-3,-1]]
3666645	r	5932	[[-1534,89,1,-4,17,-11,3,1,1,3,-8,10,-11,4]]
3689169	r	8896	[[-1489,141,8,-7,11,-1,0,18,-6,2,-6,-1,-3,-1]]
3670745	r	1573	[[-1463,228,3,-2,4,0,3,3,0,4,-2,1]]
3666608	r	3827	[[-1474,111,1,-4,4,-3,5,1,3,3,-6,10,-5,-2]]
3665688	r	17476	[[-1460,97,4,-4,6,-2,6,1,6,2,4,5,2,6,-1,6,-3,5,-4,4,-5,2,-14,-20]]
3682426	r	17283	[[-1521,25,4,-9,7,0,8,3,4,5,3,6,-1,7,-3,5,-11,4]]
3675657	r	5615	[[-1454,219,2,-1,2,5,5,0,5,10,6,2,-1,1,-9,4,-1,-2,-5,-2,-2,-7,-1,-1,1,-2]]
3672110	r	7725	[[-1532,37,1,-3,10,-8,9,17,-4,4,-5,1]]
3665542	r	3746	[[-1487,104,2,-4,9,-5,1,3,2,-1,0,6,-4,4,-5,1]]
3671116	r	2783	[[-1539,114,2,-4,4,-2,4,2,1,4,-1,4,-4,1,-4,-1]]
3675692	r	9327	[[-1502,184,1,-4,11,-7,6,21,-10,5,-6,-4]]
3688256	n	1392	[[-1531,78,4,-4,4,0,1,4,-6,4]]
3667873	r	3124	[[-1463,112,3,-6,4,1,5,7,0,3,-3,4]]
3682028	r	2094	[[-1500,86,9,-4,-1,10,-2,1,-4,0]]
3670502	r	2766	[[-1506,214,7,-9,4,1,4,3,0,2,-5,3]]
3673662	r	5524	[[-1472,157,7,-1,5,4,2,7,-4,5,-5,2,-2,-6,-2,0,2,-1]]
3668572	r	4698	[[-1538,60,1,-4,12,-3,3,3,1,4,-1,4,-4,1,-11,-1]]
3690465	n	1651	[[-1477,166,2,-3,4,-1,2,5,-2,1,2,1,-5,2]]
3685084	r	3830	[[-1469,120,6,-8,10,9,-4,4,-5,1,-4,-2]]
3674470	r	7473	[[-1521,148,2,-1,0,3,1,-6,8,0,4,6,-1,14,-1,1,-6,-4,-2,2,-1,-2,-4,-1,1,-9]]
3682274	r	2730	[[-1492,92,1,-10,1,-3,3,-1,0,5,2,-1,1,3,0,3,-6,4],[-1486,78,5,3,1,4,-2,2,-1,-6]]
3666640	r	11604	[[-1580,33,12,-11,7,8,3,8,-2,8,-8,6,-6,-8,1,-4,1,1,1,-3,0,-2,-6,0]]
3689798	r	2894	[[-1539,157,16,-4,1,5,-3,6]]
3686636	r	5063	[[-1543,153,3,-6,6,-3,7,3,2,6,-14,4,-3,0]]
3689718	r	26719	[[-1437,129,15,-14,5,-1,14,3,11,10,-10,13,-4,-1,-8,3,-10,-3,-11,2]]
3679277	r	9315	[[-1504,111,6,-12,11,5,5,7,-5,7,-7,2,-2,0]]
3680539	r	6869	[[-1568,22,11,-6,4,0,0,-2,3,-1,-1,-5,9,0,0,4,-4,1,1,3,-16,14]]
3672068	r	3148	[[-1523,164,2,-4,4,1,1,2,2,-2,3,1,-1,1,4,2,1,5,-4,4,-3,-2,1,-3,-2,-4,-5,2]]
3681957	r	6160	[[-1483,71,3,-6,6,-2,6,2,2,6,-1,5,-12,2]]
3669346	r	3625	[[-1508,172,4,-4,5,2,6,-1,0,6,-8,5,-6,-5,1,-3]]
3670419	r	1452	[[-1513,182,2,-8,1,-2,4,0,-1,3,4,4,-2,-1,-4,2,-2,-1,1,2]]
3682292	r	9252	[[-1493,199,10,-4,4,1,5,13,3,1,-1,3,-2,-2,0,6,-8,-5,-1,1,1,3,-7,-1,-2,-4]]
3670218	n	20	[[-1635,250,1,0,0,1,-1,0]]
3687025	r	2713	[[-1507,159,1,-9,5,5,1,-3,4,2,0,2,-3,1,5,5,-12,1]]
3829343	r	6239	[[-1547,7,16,-3,4,4,1,6,-14,6,-2,-3,-3,-1,-1,-3,4,-1,0,-4]]
3674654	r	8115	[[-1540,20,15,-6,3,4,1,7,-12,10,-2,0,-3,-1]]
3682573	r	3101	[[-1505,81,2,-4,5,-2,4,1,3,4,0,2,-10,4]]
3689381	r	3454	[[-1508,165,5,-3,4,1,5,-1,2,1,0,6,-7,1,-5,-2,-3,2]]
3684917	r	10251	[[-1490,174,6,-5,16,8,-2,9,-6,5,-9,-1]]
3673045	r	4086	[[-1461,150,8,-10,4,1,3,4,1,3,-3,0,-1,3,-2,1,-6,2]]
3828545	r	99309	[[-1481,39,10,-31,12,-4,11,0,23,41,0,-1,2,1,3,-2,0,2,2,-2,7,2,-4,6,-4,1,9,4,-3,1,-1,-2,-4,2,8,15,-2,4,-32,3,-8,-5,-29,-32]]
3792383	r	6424	[[-1479,197,1,-3,12,-8,6,10,2,9,-8,0,-5,-5,-1,-4,-3,1,-2,4]]
3684945	r	11107	[[-1508,146,3,-4,7,-3,9,3,6,12,-1,4,-6,6,-4,-2,-5,-5,3,-1,0,-2,-4,-2,-1,3]]
3671540	r	6404	[[-1498,136,3,-15,8,-2,1,4,-2,0,-2,3,3,2,-1,4,6,3,-7,6,-5,-1],[-1482,135,0,-2,1,1]]
3686255	r	10041	[[-1490,126,2,-3,2,0,-1,-4,7,-6,10,8,4,7,-4,5,-11,1,-1,-1,0,3,-6,-4,1,-4]]
3666570	r	1147	[[-1540,162,1,-3,2,-1,-2,1,1,2,1,0,0,2,-1,-1,-1,2],[-1535,165,0,-6,5,3,-2,4,-3,1]]
3676623	r	9799	[[-1415,-76,5,-2,4,1,3,-4,4,-3,5,29,-8,0]]
3674676	r	2391	[[-1410,25,2,-3,3,-2,4,2,1,3,-1,4,-4,1,-3,-1]]
3671519	r	26059	[[-1385,122,2,-12,7,-10,9,-7,11,-4,-2,2,2,10,-1,5,5,4,0,7,4,3,-2,2,1,2,-7,3,-4,-3,-13,-1,-8,1]]
3621849	r	8555	[[-1690,200,1,-3,3,-2,-1,-1,6,-3,-1,-1,5,-3,4,1,4,5,-1,11,-4,3,-4,-5,-4,3,-4,0]]
3622247	r	2428	[[-1668,200,1,-4,3,-3,4,0,4,1,-10,11]]
3623076	r	6940	[[-1717,217,4,-1,-1,-4,1,0,-3,-2,-1,-2,4,-3,7,-1,1,0,-1,2,1,-1,4,3,1,7,-4,5,-7,1]]
3622228	r	33768	[[-1712,198,7,-3,-5,-4,50,-34,2,5,-1,3,-2,2,4,3,0,3,-1,2,4,4,-12,9,-3,-1,-2,-3,2,-2,-2,0,-6,3,0,2,-6,6,-7,-2,-2,25,-13,-12,4,-1,-3,0,1,-3,-2,4]]
3553478	r	1822	[[-1653,461,6,-2,2,-4,7,6,-3,3,-3,0]]
3536729	r	3159	[[-1524,401,13,-3,1,2,-1,3,-8,-1,7,1,0,1,-2,4,-5,2,-2,-1]]
3566067	r	5380	[[-1566,421,8,-3,8,4,-4,14,-3,1,-5,-8,-2,-1,1,-1]]
3556969	r	2907	[[-1532,417,4,-5,6,0,3,3,-1,6,-3,3]]
3557689	r	2865	[[-1510,403,3,-5,2,0,3,3,-1,-2,2,-1,3,5,-2,4,-4,2,-4,-2]]
3537906	r	2433	[[-1606,449,4,-6,4,-1,4,10,-1,1,-10,-2]]
3550598	r	2865	[[-1545,419,1,-4,5,-2,4,2,2,3,-6,7,-4,-2]]
3567597	r	2255	[[-1538,410,0,-2,5,-6,3,1,1,8,-5,2]]
3544091	r	3997	[[-1680,448,3,-5,5,2,2,-1,4,3,1,3,-2,4,-4,1,-7,-2]]
3564124	r	2394	[[-1615,443,0,-2,6,0,-2,2,2,0,1,-1,-1,-1,3,-3,3,5,-3,5,-3,1,-4,-2]]
3547398	r	1838	[[-1638,463,4,-8,6,1,0,6,-3,-1,-1,2]]
3564178	r	2183	[[-1581,437,2,-4,4,0,1,-1,-1,-1,4,2,2,4,-9,4]]
3547867	r	1378	[[-1548,404,3,-3,7,7,0,3,-3,1,-4,0,3,-3,0,-2]]
3540667	r	2789	[[-1595,439,1,-4,5,-2,4,1,2,4,-1,4,-3,2]]
3565432	r	1365	[[-1628,457,5,-1,5,5,-3,1,-3,-1,-2,2,3,1,-5,-2]]
3546791	r	1405	[[-1505,413,2,-3,3,-2,4,0,2,3,-6,3,-5,0]]
3543299	r	925	[[-1538,424,4,-4,3,4,-1,1,1,1,-2,-1,-2,1,2,1,-3,1]]
3563504	r	1836	[[-1530,403,6,-2,3,8,-3,2,-4,-1]]
3557347	r	1100	[[-1653,454,7,0,1,1,-2,4,-5,1]]
3557378	r	1399	[[-1645,455,3,-2,5,0,2,4,-3,4]]
3568312	r	1234	[[-1660,459,3,-7,2,2,2,0,0,7]]
3546434	r	2087	[[-1578,442,8,-4,3,4,-1,3,-6,2,-3,-2]]
3563843	r	1837	[[-1623,456,6,-7,4,4,-4,6]]
3558771	r	2502	[[-1571,431,2,-5,5,-1,1,2,-1,1,5,5,-3,3,-4,0,-3,-2]]
3541440	r	1791	[[-1607,456,3,-5,7,2,1,3,-1,1,1,1,-2,-1,-5,2,-3,-1]]
3534915	r	1358	[[-1605,438,5,-4,2,1,1,-1,2,1,0,3,-3,3,-4,-1]]
3540680	r	2425	[[-1669,458,6,-11,6,5,-3,8]]
3543961	r	2156	[[-1598,443,4,-2,6,3,0,5,-3,2,-4,0]]
3556437	r	1962	[[-1628,451,1,-4,4,-1,3,1,3,3,-6,5,-4,-1]]
3545841	r	2032	[[-1551,431,1,-4,4,-2,4,2,2,3,-2,2,-1,-2,-2,0,0,1,-2,1,4,-1,0,2,-5,3,1,-3,-2,0,0,2]]
3567869	r	1354	[[-1520,419,4,-4,1,-1,0,3,4,-1,-4,2,3,2,-2,2,-5,0]]
3567669	r	1740	[[-1544,402,2,-3,4,-1,3,2,2,2,-5,6]]
3563317	r	2011	[[-1618,460,8,-9,3,8,3,0,0,1,-5,-1,-3,3,0,1,-1,-1,-5,-1],[-1607,462,4,-1,1,1]]
3556268	r	1199	[[-1535,420,2,-1,1,-2,9,7,-7,2,1,-2]]
3545867	r	1167	[[-1662,437,4,-4,6,2,-2,3,-3,1,-3,0]]
3374333	r	290	[[-474,299,4,-1,1,2,-1,2]]
3374462	n	415	[[-504,339,5,3,-4,-1],[-502,337,5,0,-3,1]]
8521418	n	199	[[-460,336,1,-4,1,5]]
3374888	n	680	[[-476,302,2,-3,4,3,-4,4,-2,0]]
3513090	n	329	[[-1382,244,7,-3,-6,5]]
2078127	n	99	[[2112,-210,2,-1,0,2]]
146268	r	940	[[660,702,2,-3,4,-1,3,3,-1,3,-2,-2]]
146384	r	1464	[[654,693,3,1,3,-1,-1,0,9,2,-2,2,-6,2,-5,-2]]
146400	r	670	[[666,697,2,-2,4,1,2,4,-4,1]]
146617	n	193	[[676,701,1,-2,5,0,-2,2]]
146214	r	1177	[[646,700,2,-5,6,-2,1,3,-2,3,-3,2]]
3067696	r	6279	[[273,1003,3,-4,7,-2,-1,-2,6,-1,9,2,4,5,-2,5,-7,4,-5,-3,-7,1,-6,-4]]
3078610	r	4588	[[321,984,3,-5,7,-2,8,2,4,4,0,2,-10,6,-8,-2]]
3068799	r	2697	[[358,993,3,-4,6,-1,7,2,2,3,-4,1,-1,4,-8,2]]
3068160	r	3638	[[258,995,3,-4,7,-2,6,2,3,4,-3,4,-6,2,-8,-2]]
3071961	r	2450	[[292,1015,3,-4,6,-2,7,2,2,4,-3,1,-2,3,-5,1,0,-3,-8,0]]
3069011	r	3500	[[335,992,0,-2,8,-5,12,7,-7,6,-3,1,-7,-2]]
3077916	r	3655	[[280,979,3,-4,6,-2,7,2,3,4,-3,5,-7,2,-6,-2]]
3074967	r	2336	[[307,1004,18,-3,1,3,-3,4,-6,2,-7,-2]]
3063548	r	1798	[[278,1016,2,-8,7,0,3,4,0,3,-3,3]]
3068582	r	2727	[[306,1001,2,-5,8,-2,7,2,3,5,-19,3]]
3061370	r	3517	[[344,985,3,-5,7,-2,7,3,2,4,-2,4,-6,2]]
3070291	r	1923	[[263,1010,5,-6,3,0,9,4,-10,6]]
3068927	r	1866	[[348,999,9,-7,6,8,-3,1,1,-1,-5,0,-4,3,2,2,-4,-3]]
3064288	r	491	[[270,1014,9,-5,-1,7]]
3074199	r	3600	[[302,988,3,-4,7,-2,6,2,3,4,-3,4,-6,2,-7,-2]]
3073803	r	3005	[[248,1005,3,-5,6,-1,7,1,3,5,-3,4,-3,1,-2,-2,-9,0]]
2950159	r	7364	[[256,1042,6,-1,8,2,2,-2,5,2,5,11,-10,5,-13,-1,-1,-1,2,-2,-3,0]]
2911298	r	4598	[[162,1081,10,-4,-4,4],[186,1069,7,-7,17,9,-4,7,-14,0,-2,-4,5,-3,-5,2,-4,0]]
2867714	r	3578	[[221,961,4,-4,6,-2,11,9,-9,5,-5,0]]
2886242	r	3078	[[127,1020,4,-2,2,-3,5,0,3,-6,12,6,-6,3,0,3,-10,1]]
2925533	r	3367	[[165,1007,5,-7,2,0,-4,-4,6,-3,7,0,-3,6,7,5,-1,1,-5,3]]
2934246	r	2606	[[120,1022,7,-2,10,2,10,-1,1,2,-1,2,-4,-2,-5,4,-8,-1,-6,3,1,-2,-4,-3,2,-1]]
2825297	r	2330	[[172,972,17,0,3,9,-13,0,0,-4]]
2928810	r	2001	[[136,1033,3,-3,-1,-3,2,-2,3,-2,4,2,-2,3,2,2,-5,1,5,5,-3,3,-3,0,-5,-4]]
2935517	r	2287	[[142,1031,5,-1,-2,-2,3,-4,4,2,6,-1,-1,4,3,2,-6,1,-2,4,-5,0]]
2935022	r	4550	[[264,1023,7,-9,13,3,2,4,-2,4,-7,3,-8,-1]]
2944388	r	4935	[[166,1057,5,-2,6,1,-2,5,3,-7,4,0,7,3,4,4,-7,8,-15,-3]]
2861650	r	4648	[[211,990,1,-4,4,-2,-1,-1,6,-1,8,2,4,5,-1,3,-3,0,-4,4,-14,-2]]
2910831	r	2386	[[183,1051,2,-5,8,-2,10,3,-11,8,-1,0,2,-5,-2,5]]
2879139	r	2909	[[239,1024,12,-3,7,3,1,4,-5,5,-7,-1]]
2934691	r	1274	[[123,1031,7,-5,9,2,-3,5,-5,-2]]
2949186	r	3259	[[160,1040,3,-4,7,0,3,1,12,-2,1,1,-5,6,-12,6,-2,-4]]
2867543	r	1424	[[144,1039,3,-3,5,0,8,4,-8,3,-6,-2]]
2873891	r	3940	[[158,995,3,-4,5,-3,-1,-5,11,0,7,6,-4,4,-5,0,-6,3]]
2954172	r	3646	[[209,964,5,-3,7,0,7,8,-10,5,-3,0,-6,-5]]
2809346	r	1416	[[155,1001,0,-2,11,1,3,3,-4,4,-3,1]]
2892794	r	1266	[[158,981,11,-4,6,6,-10,0]]
3247449	r	1434	[[117,1021,0,-2,4,-1,-2,-2,1,-2,5,-2,-2,-2,5,-1,0,10,-8,3]]
2891122	r	2205	[[191,1086,18,-4,5,3,0,1,-7,3,-4,-2,1,2,-2,1,-5,0,3,1,1,2,-9,-4]]
2940132	r	3262	[[251,1021,7,-11,6,1,5,4,-5,8,-6,1]]
2945024	r	2980	[[203,1047,1,-10,6,-1,0,1,7,1,3,4,1,1,-13,7]]
2874545	r	3825	[[222,1043,3,-5,8,-2,10,8,-4,4,-7,1,-6,-1]]
2911522	r	2462	[[230,1030,3,-5,6,-1,8,8,-12,3,-4,-2]]
2925177	r	2575	[[150,954,8,-1,7,2,-2,8,-11,1]]
2874225	r	1265	[[156,999,2,-4,10,1,4,4,-3,3,-2,-3]]
2929670	r	4456	[[210,1020,1,-4,3,-2,10,-1,3,1,5,11,-15,1,-5,-2]]
2875601	r	3052	[[206,1078,4,-7,7,-1,8,10,-9,0,0,2,5,2,-6,1,-6,-3]]
2844588	r	3525	[[230,1081,11,-7,9,1,5,4,-5,8,-1,-2,-2,0,2,4,-7,-5,-8,-1]]
2892518	r	3233	[[180,1026,2,-4,6,-2,7,1,5,3,-11,9,-5,-1,-3,-3]]
2842647	r	2276	[[131,988,4,-5,2,1,3,0,1,-2,9,1,-6,8]]
2911240	r	1125	[[152,1036,2,-4,6,-1,2,0,1,5,-3,4]]
2856883	r	1885	[[157,1042,3,-2,4,2,3,2,2,5,-5,2,-6,0]]
2857458	r	2285	[[154,1063,4,-5,8,-1,5,9,-4,1,-11,-1]]
2849483	r	3122	[[233,980,5,-5,9,1,4,4,-3,5,-6,1,-6,-1]]
2855745	r	1848	[[170,1036,3,-8,7,1,5,5,-12,3]]
2805615	r	2865	[[190,995,3,-4,6,-1,7,1,2,5,-13,5]]
2806654	r	2715	[[208,1050,14,-7,5,5,-3,5,-7,2,-5,0]]
2918632	r	3026	[[189,1033,10,-9,7,2,2,4,-2,4,-5,3,-7,-1]]
2907669	r	2585	[[176,983,3,-2,10,-1,6,3,-3,5,-7,2]]
2895992	r	3582	[[218,975,1,-1,9,-5,5,0,5,6,-6,7,-4,0,-7,-2]]
2820256	r	2831	[[191,965,6,-3,6,0,5,3,1,4,-11,3,-6,-3]]
2853969	r	1199	[[169,977,3,-5,7,5,0,4,-4,2]]
2944368	r	1778	[[167,1067,4,-1,10,2,1,4,-12,3,1,-4,-1,-4,1,4,-4,1]]
2847736	r	1585	[[180,964,9,0,2,1,1,4,-3,3,-5,0]]
2886946	r	2002	[[143,1004,5,-3,7,0,6,7,-3,4]]
2832495	r	2384	[[153,1015,7,-4,8,5,1,5,-2,1,-7,1]]
2895044	r	1753	[[226,1014,9,-1,3,10,-6,2]]
2921232	r	1799	[[235,1013,9,1,6,7,-12,2]]
2904789	r	1647	[[193,1044,1,-6,10,0,-1,9]]
2821164	r	3368	[[124,998,6,-2,-3,-6,3,-1,11,2,2,3,-2,5,-5,2,-7,0]]
2803560	r	1682	[[244,1014,9,-5,4,2,-6,10]]
2894003	r	2657	[[146,990,4,-7,6,-1,5,9,-3,4,-4,0,-6,-2]]
2834282	r	3549	[[218,1071,4,-4,8,-1,6,2,3,5,-4,4,-8,2,-3,-1]]
2934486	r	493	[[127,1015,2,-4,4,4,-2,3,-3,1]]
2820860	r	1266	[[172,970,2,-3,6,-3,4,8,-12,0]]
2920512	r	1194	[[170,1015,2,-4,-1,0,2,-3,9,0,2,3,0,2]]
2926271	r	1726	[[179,1096,3,-4,7,-2,7,2,2,4,-2,-1,-4,2,-7,-1,-5,2]]
2939811	r	3748	[[276,1035,2,-4,6,-2,7,0,4,3,-3,4,2,3,-1,1,-11,1,-4,-2]]
2808720	r	1542	[[152,1072,3,-6,12,1,0,5,-2,0,1,-3,-2,-1,-2,1,1,2,-2,3,-8,0]]
2871039	r	1885	[[169,1049,12,-7,4,4,-2,5,-3,1,-6,-1]]
2817220	r	3416	[[163,963,2,-8,2,-1,4,2,3,-1,6,5,-1,4,-9,4]]
2885679	r	1370	[[174,955,4,-2,9,0,0,7,-7,0]]
2864475	r	2078	[[189,1081,2,-3,15,0,3,4,-16,4]]
2875457	r	667	[[148,1024,0,-1,12,0,-2,2,-6,1]]
2873759	n	1570	[[168,1016,12,-3,3,3,-3,3,-5,2,-5,-2]]
2847645	r	762	[[144,1046,2,-5,6,2,0,6]]
2955471	r	2000	[[157,1029,1,-4,2,-2,9,-1,3,2,2,3,-12,4]]
2947421	r	921	[[122,1037,1,-2,13,0,5,4,-7,2,2,-2,-1,-1,-8,-2,-4,2]]
2951825	r	3030	[[224,1002,1,-6,4,-3,8,1,4,4,-2,4,-4,2,-6,1]]
2881485	r	3559	[[233,970,9,-6,2,0,7,2,2,5,-4,5,-11,-1]]
2875115	r	2895	[[199,1065,2,-4,7,-2,7,2,3,4,-3,4,-6,2]]
2940213	r	2691	[[192,1055,11,-8,5,3,4,5,-4,3,-6,1,-6,-1]]
2952984	r	2325	[[209,996,3,-2,13,2,-1,6,-5,2,-6,-1]]
2955272	r	2155	[[178,999,3,-5,3,0,6,1,2,5,-1,3,-4,2]]
2866135	r	4555	[[253,1071,4,-5,8,-2,9,2,3,5,-2,5,-16,1,-4,-2]]
2937959	r	3253	[[234,1036,13,-4,7,1,2,4,-3,5,-10,2]]
2876865	r	1144	[[162,1031,11,-3,-3,8,-7,0]]
2959927	r	2035	[[197,983,2,-8,13,2,-1,3,-4,3]]
2863840	r	1652	[[140,1007,3,-3,15,8,-5,2,-7,-2]]
2853292	r	2448	[[233,1010,3,-4,6,-2,1,0,-1,2,4,-2,6,5,-8,5,-9,-1]]
2923822	r	3640	[[184,1011,3,-4,7,-2,6,2,3,4,-3,4,-6,2,-7,-2]]
2810678	r	954	[[122,1033,1,-2,8,0,5,2,0,2,-14,0]]
2891621	r	3120	[[198,955,2,-4,6,-2,3,0,-1,2,5,0,2,4,-3,4,-5,1,-6,-1]]
2835482	r	973	[[191,977,7,-4,1,2,-2,8,-5,-2]]
2844988	r	2812	[[234,957,3,-4,6,-1,2,3,0,-1,4,-1,2,4,-3,4,-6,2]]
2945358	r	3822	[[239,1050,4,-6,13,-3,1,14,-12,0,-4,-2]]
2857798	r	1178	[[155,969,11,-3,2,4,-10,4]]
2826287	r	1923	[[251,1086,3,-3,5,-3,7,5,-3,1,-3,3,-3,-2,-3,1],[262,1087,4,-2,5,3,-4,3,-4,0,2,-1,-2,-1,2,-1]]
2911271	r	1758	[[181,1042,5,-6,8,2,-1,6,-3,1,-5,1]]
2924585	r	1800	[[187,953,5,-3,6,1,-1,6,-6,2,-4,0]]
2919054	r	872	[[189,972,3,-3,6,3,0,1,-7,4]]
2918987	r	1926	[[289,1023,2,-4,5,-2,4,5,0,3,-1,4,-3,1,-5,-3]]
2925535	r	2626	[[280,1047,3,-5,11,-2,1,2,-1,0,0,3,-3,3,2,4,-4,2,-7,-3]]
2953504	r	1426	[[158,974,11,-5,3,3,-3,5,-6,1]]
2928396	r	1704	[[127,1009,10,-3,4,3,-3,6,-5,0]]
2834498	r	2310	[[196,1001,12,-5,2,1,3,5,-4,4,-6,0,-5,-1]]
2864054	r	1203	[[155,982,2,-1,8,2,1,5,-5,3]]
2913761	r	1004	[[147,1021,0,-3,6,-3,5,7,-10,1]]
2861934	r	836	[[134,1051,0,-2,5,0,2,-3,3,0,2,2,-5,5,-6,0,0,-2]]
2917788	r	2190	[[257,1080,3,-3,13,-1,5,3,-3,2,1,1,-2,1,-4,-1,-4,3],[269,1087,5,0,-2,-1,2,0,1,1,-3,1],[275,1083,1,-1,-1,-2,4,1]]
2939658	r	1626	[[170,1075,13,-2,3,4,-13,1],[176,1084,4,-2,0,-1,-3,0,2,-3,7,-1,-3,5,-5,2]]
2809889	r	1431	[[161,1011,2,-3,10,0,-2,3,1,0,-2,4,-2,1]]
2930596	r	2416	[[140,1067,6,-1,-2,-1,0,-5,8,2,3,4,-4,7,-2,1,-7,-2,1,-1,-2,-1]]
2877088	n	1208	[[141,1053,5,-5,8,2,-1,3,-4,2,-5,0]]
2881885	r	956	[[152,964,11,-1,3,3,-11,3]]
2896817	n	862	[[152,1043,5,-1,1,8,-4,0,-2,-1]]
2855328	r	2702	[[259,971,2,-3,4,-2,3,2,1,3,6,0,1,4,-4,2,-6,0,-5,-2]]
2917138	r	983	[[134,1041,7,-2,3,0,2,2,-2,5,-3,0,0,-1]]
2907851	r	1540	[[198,972,11,-3,4,5,-1,3,-8,-1,-5,-1]]
223817	r	486	[[858,231,6,0,-1,1,-5,0],[860,230,2,-5,2,4]]
225284	n	991	[[852,225,0,-3,4,-2,2,1,0,5]]
223890	r	4498	[[836,222,1,-3,2,0,9,1,4,1,0,4,1,0,-3,0,-3,3,0,4,-2,1,-7,-4]]
220782	r	5223	[[844,236,8,-2,-3,-2,5,-1,2,4,6,2,-8,10,2,2,-9,-4]]
225037	r	2713	[[845,235,2,-3,0,-4,3,-3,6,2,5,-2,-1,5,5,-2,0,1,-8,3,-5,-3,-3,3,3,2]]
221527	r	4539	[[854,247,7,-10,7,4,-1,9,-4,4,-6,-1,-1,-3,0,-1]]
2618425	r	2687	[[229,1113,0,-2,16,-5,1,2,2,-1,-4,2,1,2,6,2,0,-2,2,1,-2,5,-5,-2,-5,1,0,-3,-3,0,3,2,-2,2,-3,-4,-3,2,2,0,0,1,-3,0,3,1,-2,1]]
2624652	n	1130	[[196,1123,1,-1,8,-3,0,4,4,3,1,-2,-3,0,4,-2,1,2,-4,3,-11,-2]]
2615876	r	2731	[[198,1105,2,-2,0,1,2,0,1,-1,-2,-1,8,-1,7,2,-1,3,2,0,-3,3,-3,0,4,1,-2,2,-1,-2,-3,-1,1,2,-4,1,-7,-2]]
2624886	r	5043	[[179,1141,6,-1,11,2,2,-1,-6,-2,-6,1,-3,-2,11,-3,12,1,-1,4,6,5,0,4,-12,3,-9,-8,-11,-1]]
2622447	r	3290	[[162,1111,4,-2,-1,2,1,1,3,-3,3,0,2,-6,-4,1,-1,-2,5,1,-1,-5,7,1,-1,14,-2,2,-9,3,-4,-2,-1,3,1,-4],[167,1109,3,-2,-1,2]]
2615006	r	2318	[[194,1135,0,-3,2,-1,-1,-6,24,4,-12,3,-3,-2,3,3,0,1,-11,-1,11,1,-1,2]]
2618528	r	2525	[[179,1113,1,-9,10,-2,0,1,4,1,-2,4,2,1,-4,1,5,1],[194,1110,2,-1,-2,0,4,-3,1,4]]
2619771	r	1410	[[188,1120,9,-6,4,1,0,1,-4,1,6,0,2,2,-12,4]]
2610613	r	1607	[[177,1115,2,-2,8,-2,10,2,-6,1,6,0,-9,6]]
2618741	n	1184	[[225,1106,1,-2,8,0,3,-3,-5,1,5,-2,3,4,-1,3,-5,1,-6,0]]
2620425	r	4790	[[162,1122,0,-2,1,2,2,0,3,-4,9,-3,11,5,3,3,-10,3,1,1,-1,1,-13,4,-5,-4]]
2610319	r	3289	[[174,1132,1,-1,0,-1,7,-2,-1,-2,10,-3,4,2,1,6,-2,1,0,3,-10,2,1,-2,-2,-1,3,0,0,-3,1,0,-4,2,-2,-2,3,3,-3,2]]
2620320	r	1212	[[237,1119,3,0,1,-3,5,-1,5,2,-1,2,2,2,-7,2]]
3575635	r	609	[[-1230,311,3,-7,2,2,0,4]]
3492908	r	121	[[-1400,370,0,-2,2,1,0,3]]
3492914	n	4209	[[-1420,383,3,-4,7,2,-1,1,4,1,2,0,-3,2,5,8,-4,1,-4,-2,0,-2,-2,2,-4,0]]
7874116	r	1473	[[-1406,370,3,-5,5,8,-5,2]]
8601412	r	622	[[-1398,372,0,-3,6,0,1,3,-4,1,-1,-2,-2,2]]
3493032	r	910	[[-1392,369,9,-1,0,3,-3,1,-1,-1,-1,2,-3,0]]
3500957	r	1035	[[-1383,368,5,0,3,-4,2,1,-5,7,-5,-1],[-1376,364,2,-2,1,1]]
3493175	r	1363	[[-1421,398,4,-6,4,0,2,-2,0,2,4,2,-10,4]]
3493146	r	1146	[[-1408,385,3,-2,-2,0,0,-1,7,3,-3,4,1,3,-4,-2]]
3493240	r	1894	[[-1379,374,6,-9,3,10,-6,4]]
3494242	n	713	[[-1371,369,2,-2,2,5,-3,3]]
3492985	n	1128	[[-1427,364,4,-4,2,3,-1,3,3,0,-1,2,-3,1]]
3511233	r	1880	[[-1417,379,1,-3,11,-2,2,1,-4,5,1,1,-1,1]]
3493081	r	3989	[[-1437,379,15,-9,-1,2,3,3,0,3,3,2,-3,3,-6,1]]
3512067	r	852	[[-1412,365,2,-1,7,1,-4,5,-2,-1,-1,-3]]
3512208	r	2710	[[-1423,372,2,-1,2,-6,6,4,1,-1,0,-3,2,1,0,4,-3,2,-1,3,-2,2,-1,3]]
3496831	r	2308	[[-1426,396,4,-13,2,0,3,9,-4,6]]
3509207	r	1627	[[-1407,380,4,-5,6,7,-3,3,-7,-3]]
3504765	r	2070	[[-1391,373,3,0,1,-2,1,1,3,0,0,8,-7,2]]
3496021	r	2105	[[-1403,389,3,-4,3,-3,4,0,1,3,4,-1,1,2,-4,1,-4,-1,-4,8,-3,-2]]
3492984	n	1266	[[-1383,372,5,0,-1,2,3,2,-2,3,-5,0]]
3493100	r	1209	[[-1416,376,6,-7,4,1,1,4]]
3495857	r	3973	[[-1438,370,4,-4,-1,-2,4,-3,9,9,-12,7]]
3493174	n	714	[[-1435,396,1,-2,4,-1,2,5,-5,0]]
3508952	r	1092	[[-1436,387,4,-4,2,10,-5,1,1,-6]]
3493383	r	2483	[[-1432,382,10,1,-4,13,-4,-3]]
3496134	r	2502	[[-1402,375,6,-4,1,2,4,-1,1,10,-7,0]]
2507480	r	3254	[[56,733,5,-1,0,-5,5,-2,6,5,3,6,-1,2,-4,-2,-5,0,-2,-1,-5,1]]
2485926	r	1815	[[-21,714,4,-5,1,1,5,-2,2,1,3,5,-4,3,-3,-3,-3,1]]
2501152	r	3141	[[128,725,10,-4,4,4,-2,5,-9,5]]
2506999	n	2988	[[148,735,7,-6,9,2,1,3,-1,4,-7,-1,-2,1,1,2,-5,0,-1,-4]]
2503769	r	2041	[[50,725,2,-2,-1,-1,3,0,7,5,0,5,-5,1,1,2,-5,-3,-1,-4,2,-1]]
2505572	r	3014	[[116,714,9,-9,4,2,2,3,-1,4,-5,3,-5,0]]
2500017	r	4386	[[56,693,1,-4,4,-3,13,4,1,3,-2,4,-3,3,-14,-5]]
2481700	r	1994	[[101,726,1,-3,8,-3,2,9,-6,1]]
2481007	r	2839	[[-19,701,4,-3,5,0,4,3,1,4,-4,3,-7,1]]
2503826	r	2775	[[109,701,5,-10,4,1,3,3,1,4,-3,3,-6,1]]
2477461	r	2876	[[156,713,5,-12,5,0,3,4,-3,2,1,4,-2,4,-6,0]]
2497411	r	3719	[[130,667,2,-4,5,-2,5,2,3,4,-3,5,-5,1,-5,-1]]
2479536	r	2284	[[130,738,1,-3,8,-4,7,4,0,3,-2,4,1,-2,-2,-2,-5,0,-7,3]]
2476897	r	2618	[[19,707,1,-3,3,-2,9,6,-3,6,-3,0,-5,-2]]
2498611	r	3389	[[18,725,8,-8,5,1,3,2,-3,3,1,2,-1,0,1,3,-2,1,-8,1]]
2505329	r	2447	[[92,735,3,-5,5,-2,9,3,0,2,-4,0,-3,1,0,2,-6,2,-3,0]]
2475687	r	2603	[[-31,702,0,-9,5,-1,6,3,0,6,-9,2]]
2485801	r	45956	[[81,626,2,-2,2,1,-1,-3,8,-9,11,-2,13,0,9,4,8,6,5,8,2,11,-33,13,-8,-5,-3,2,-7,-6,-5,-11,2,-4]]
2505530	r	28403	[[-67,632,1,-7,5,-7,8,-4,9,-1,8,1,8,4,5,7,2,7,-3,10,-26,1,-9,-2,2,-5,-10,-2]]
2487134	r	1227	[[-2,716,8,-1,3,7,-2,2]]
2503701	r	1842	[[93,727,1,-10,5,-1,3,7,-1,3]]
2498766	r	1839	[[85,721,0,-2,9,-2,-1,11,-6,-2]]
2479215	r	2593	[[152,725,3,-4,5,-1,5,3,1,4,-4,4,-7,-2]]
2498392	r	2133	[[110,720,3,-3,6,1,-2,11,-5,0]]
2475475	r	8199	[[110,662,3,-6,6,-3,8,1,5,5,-6,12,-12,-1,-3,-3]]
2496049	r	9591	[[61,650,3,-7,8,-4,8,2,5,6,-7,12,-3,1,-10,-2,-3,-4]]
2482572	r	3377	[[-4,697,2,-5,5,-1,5,1,2,5,-1,3,-4,2,-6,-1]]
2491191	r	6524	[[47,675,3,-6,7,-2,7,2,4,5,-9,11,-2,0,-4,-1]]
2486690	r	3774	[[82,712,11,-6,5,3,2,4,-1,2,-15,4]]
2492913	r	1682	[[109,733,4,-3,1,2,5,-1,4,2,1,3,-1,2,-8,-1]]
2483668	r	2603	[[6,715,5,-7,5,1,3,4,-8,8,-2,0]]
2495662	r	2569	[[142,729,2,-4,5,-2,3,1,3,5,-7,6,-5,-2]]
2508287	r	2339	[[143,713,8,-2,4,3,0,4,-3,3,-5,1]]
2491889	r	2416	[[136,709,2,-4,5,-1,4,1,2,4,0,2,-6,2,-4,0]]
2502385	r	5076	[[74,704,3,-5,6,-2,7,2,3,5,-1,3,-10,5,-5,-3]]
2490098	r	2138	[[-3,705,4,-3,5,0,3,3,1,4,-3,2,-8,-2]]
2475744	r	2014	[[75,734,12,-4,2,4,-1,4,-11,0,-1,0]]
2505629	r	4148	[[97,707,3,-5,8,-1,5,2,0,11,-13,-1]]
2507972	r	3832	[[49,712,5,-8,3,1,2,-2,1,2,11,3,-6,7,-7,-1,0,2,1,-2,1,3,-3,-1,1,-2]]
2487772	r	4021	[[62,683,3,-5,5,-2,6,2,2,5,-2,4,-4,2,-8,-2]]
2508737	r	5801	[[33,682,2,-5,7,-3,6,2,3,6,-2,6,-7,2,-7,-2]]
2490584	r	2808	[[-44,700,9,-5,-2,-3,3,-2,-1,-2,5,1,-2,16,-7,-3,-4,0]]
2498543	r	6833	[[10,674,3,-6,7,-3,8,3,2,6,-2,6,-8,2,-7,-2]]
2478216	r	194651	[[62,456,4,-17,10,-15,16,-10,18,-3,19,3,16,10,10,15,4,17,-4,17,-10,15,-16,9,-19,4,-18,-4,-16,-9,-10,-15]]
2491911	r	158	[[42,729,5,-1,-5,3]]
2494073	r	4164	[[51,695,2,-2,19,8,-1,6,-11,-2,-1,-2,-2,2,-3,-1]]
2479247	r	3617	[[21,701,5,-4,7,-1,5,4,0,6,-6,2]]
2507901	r	2425	[[-31,706,1,-3,11,-3,3,9,-6,3,-4,-5]]
2503878	r	5196	[[146,695,3,-7,6,-4,2,4,8,5,1,8,-5,0]]
2502958	r	2198	[[71,728,2,-5,8,-1,3,2,1,4,-13,2]]
2508813	r	13483	[[-19,557,4,-8,9,-3,10,3,4,8,-4,9,-10,3,-9,-3]]
2484620	r	2412	[[134,713,9,0,4,10,-5,2,-4,-4]]
2481246	r	5191	[[65,715,4,-5,5,-1,8,3,2,7,-1,2,-14,3]]
2501404	r	3239	[[147,702,6,-4,8,3,-5,12,-6,-3]]
2475860	r	3700	[[28,714,4,-6,6,-2,7,5,-1,4,-3,3,-4,-1,-4,2]]
2508002	r	2045	[[125,717,6,-3,4,0,3,7,-10,3]]
2489865	r	12276	[[-19,671,3,-7,10,-4,9,2,5,8,-1,5,-2,3,-10,4,-10,-2,-3,-5]]
2487452	r	1850	[[117,729,1,-2,10,-2,2,9,-4,1]]
2487293	r	1022	[[-2,715,1,-6,8,2,-1,4]]
2479609	r	1405	[[-9,708,6,-4,2,5,-1,6,-4,-1]]
2491323	r	2218	[[48,718,1,-3,3,-3,6,2,0,2,2,0,-1,-2,-1,2,0,-2,3,0,1,4,-8,4,-5,-1]]
2495524	r	13043	[[76,663,11,-20,2,-1,7,8,3,-2,6,4,1,5,-2,5,-8,6,-11,1]]
2484933	r	5035	[[91,689,3,-6,6,-2,7,1,4,5,-13,9,-5,-3]]
2506385	r	453	[[-10,717,4,-3,4,1,-5,3]]
2498305	r	96164	[[14,621,15,-20,3,3,8,4,-2,-8,2,-11,-1,-1,11,-15,16,1,16,5,13,11,6,12,-17,20,1,3,-16,5,-24,14,0,-8,-13,4,-9,-4,-6,-7]]
2504099	r	1712	[[54,722,9,-5,2,3,1,3,-1,2,-4,2]]
2507877	r	2810	[[113,703,10,-2,3,3,-11,11,-2,-1]]
2485582	r	2501	[[11,721,7,-8,5,1,2,3,-7,8,-4,-1]]
2508228	r	5221	[[31,728,1,-2,-1,-1,2,-1,-2,-1,3,-5,3,-1,2,2,3,-1,0,1,4,-1,6,5,-2,2,3,2,-3,1,-8,1,-1,2,-10,0,1,-3]]
2503755	r	1122	[[72,730,14,-2,1,2,-12,4]]
2501541	r	1916	[[118,727,1,-10,6,0,3,7]]
2491335	r	3962	[[38,705,2,-5,6,-3,6,2,2,5,-4,6,-3,1,-3,0]]
2507979	r	2484	[[99,716,3,-3,9,0,3,4,-4,3,-8,3]]
2475612	r	3840	[[95,698,17,-12,3,2,-6,13,-9,1,-3,-1]]
2476301	r	163999	[[-174,546,81,-48,10,13,0,11,3,6,-4,4,-1,42,-22,22,-6,-6,-2,2,-13,-1,-8,-2,-7,1,-4,-2,-5,0,-21,-13]]
2497655	n	1960	[[113,679,2,-3,3,-2,4,2,2,3,-2,3,-4,2,-3,-2]]
2476403	r	92088	[[-44,585,0,-3,88,-22,7,12,-12,16,1,1,-2,11,2,8,-8,-4,-3,-3,-20,27,-2,0,-50,-35]]
2476028	n	769	[[43,732,1,-2,7,-2,2,2,-1,2]]
3652462	r	8223	[[-1579,4,2,-7,0,-8,13,-1,7,6,-10,7,1,2,-1,0,-1,2,-3,-1,-7,5,1,-4]]
3657509	r	5620	[[-1605,-44,3,-6,3,4,-2,-3,2,-1,-2,-1,3,0,1,8,1,-6,3,-2,-1,5,1,-4,4,1,4,3,1,4,-1,2,-10,1,-10,-3],[-1597,-51,2,0,-1,1]]
3658666	r	6521	[[-1587,-58,3,-6,6,-1,7,7,1,5,-4,4,-5,1,-7,-6]]
3651297	r	9487	[[-1595,-5,1,-5,13,-5,4,4,0,8,-2,7,2,1,-7,2,-5,-2,-5,-4]]
3660689	r	2350	[[-1578,-25,2,-4,7,-1,2,5,-1,3,-9,0]]
3652941	r	4404	[[-1614,-27,5,-2,6,2,2,6,-2,5,-6,3]]
3654533	r	3311	[[-1606,-67,3,-4,6,-1,4,3,1,6,-5,5,-4,-7,0,1,-2,-3]]
3654667	r	3807	[[-1591,-80,2,-5,6,-2,3,13,-4,2,-3,-1,-3,-3]]
3654410	r	952	[[-1618,-21,1,-3,3,-1,4,10,-2,-4,-5,0]]
3652350	r	2543	[[-1578,-37,4,-2,5,1,2,4,-2,4,-7,1]]
3655673	r	11827	[[-1579,11,8,-7,3,1,1,-2,1,0,-1,-2,10,-7,3,1,3,4,1,5,-20,18,-6,-5]]
3657990	r	2221	[[-1599,17,3,-4,6,0,3,4,0,5]]
3652567	r	5705	[[-1597,-21,2,-5,6,-2,6,3,1,4,-2,6,-5,2,-6,-2]]
3654870	r	4885	[[-1581,-18,1,-4,16,0,0,6,-2,4,-11,1,-3,-3]]
3658501	r	3226	[[-1606,-37,2,-5,9,3,-1,8,-3,1,-4,-1]]
3650472	r	2013	[[-1562,16,7,-7,5,1,0,3,-3,1,-1,3,-3,-1,-5,2]]
3660418	r	3490	[[-1596,-30,1,-9,11,-2,1,2,-4,10,-5,1]]
3655131	r	3451	[[-1620,-43,2,-3,5,-2,3,-4,3,3,-1,6,-2,7,-3,1,-3,1,1,-8,-3,-2]]
3652743	r	4043	[[-1547,-9,2,-5,5,-2,5,2,2,5,-2,5,-7,1,-3,-2]]
3652584	r	3956	[[-1567,-30,2,-4,5,-2,5,2,2,4,-1,4,-8,3,-3,-3]]
3655185	r	4647	[[-1546,2,1,-4,13,-3,3,7,-1,3,-8,0,-4,2,-3,0]]
3654541	r	4105	[[-1569,-46,2,-5,5,-2,4,2,2,5,-2,4,-4,2,-5,-2]]
3657571	r	3968	[[-1587,-29,4,-12,4,0,3,12,-5,6]]
3650721	r	6727	[[-1564,-22,13,-6,4,5,0,5,-5,6,-7,1,-5,-4]]
3649959	r	5237	[[-1584,-89,6,-2,5,2,-1,2,4,8,-4,6,-5,1]]
588409	r	3090	[[480,1187,6,-4,10,-2,9,2,5,6,-1,2,-7,-1,-6,1,-1,-2,-7,1,-5,-2,1,-1]]
588335	r	2891	[[524,1168,3,-4,8,-2,7,2,3,4,-3,3,-7,2,-8,-2]]
590031	r	791	[[550,1188,2,-3,4,-3,2,4,6,1,-4,3,-3,-2,-6,1]]
589580	r	2689	[[479,1168,3,-3,5,3,4,-1,-2,-3,0,-2,2,0,7,2,3,4,-4,4,-8,2,-7,-2]]
587577	r	2531	[[502,1167,3,-3,7,-2,7,2,3,3,-3,4,-7,1,-7,-1]]
360630	r	4517	[[615,605,1,-2,4,0,2,3,-5,1,-2,0],[620,603,5,-2,1,-6,12,0,-1,11,-3,-1,-5,4,-3,0,-2,-4,4,1,1,-3,-4,-1]]
361058	r	7327	[[573,620,3,-7,5,-5,11,7,0,-8,8,5,-2,6,2,-4,5,0,-1,8,5,4,-2,2,-3,-2,2,-1,-3,-1,-2,3,-17,-10,-3,0]]
360995	n	2392	[[615,600,2,-6,5,-1,8,2,-4,0,-1,6,-5,2,-4,0]]
349076	n	547	[[620,603,3,0,1,-1,5,1,-1,3,-2,-1,-4,1]]
358619	r	1635	[[639,624,2,-4,3,0,0,-3,8,2,0,2,-5,4,-3,1,2,-1,0,-2,-4,-2],[654,621,5,-2,1,2,-1,1]]
359796	r	25086	[[637,580,8,1,3,-5,6,2,-1,5,3,0,-5,9,0,3,2,1,1,-7,7,-7,19,9,2,5,-18,15,-19,-6,-8,0]]
360761	n	2742	[[621,624,1,-2,5,-3,-1,-2,4,-1,6,4,-2,6,-1,-1,-3,1,1,2,-4,1,-2,-4]]
360829	n	1435	[[616,621,7,-4,3,0,1,2,-5,3,-4,5,-2,-1]]
347497	r	2380	[[613,611,9,-1,1,3,4,0,-1,4,-3,0,-7,4,-2,-1,2,-6]]
359783	n	3073	[[615,545,3,-3,3,2,-2,-2,3,-3,5,0,4,5,-5,5,-5,1]]
361320	n	3114	[[608,587,4,-5,3,-1,5,4,3,5,-1,3,-5,1,-7,-3]]
355449	n	1642	[[646,506,1,-3,4,-2,3,5,2,0,-2,3,-4,1,-3,-1]]
359493	n	2304	[[625,611,1,-2,3,0,3,-3,3,3,2,0,-3,9,-4,-2,-4,1,1,-3]]
361055	n	1712	[[642,609,3,-1,3,0,2,3,0,3,-3,2,-4,0]]
360502	r	5689	[[642,512,12,-2,2,-4,13,0,-2,4,1,0,-4,2,0,2,-6,0,2,3,-1,4,-7,-1]]
353802	n	2198	[[653,488,2,-3,7,0,2,5,-2,3,-4,1,-3,-2]]
359792	r	127413	[[606,449,8,-9,88,0,9,9,4,9,-4,6,-2,12,1,4,6,-2,-4,2,-43,4,0,22,-15,0,-10,-20,-14,0]]
358448	n	3311	[[604,621,1,-7,5,-2,3,4,2,2,-1,2,2,1,0,5,-2,2,-9,-4]]
358048	r	738	[[630,626,3,-1,1,1,1,-3,3,5,-1,2,4,-2,-4,3,-6,-2,1,-1]]
350203	n	444	[[607,628,2,-2,5,2,-3,0,2,2,-6,0]]
360686	n	3001	[[609,566,3,-9,9,0,1,2,-3,6,-8,4]]
359173	n	2096	[[615,581,3,-1,0,-2,5,-3,4,4,1,4,-7,3]]
347796	n	2281	[[625,533,1,-3,7,-4,8,4,-4,5,-5,-3,-1,2]]
350550	n	1324	[[651,527,1,-7,7,1,1,3,-2,3,-3,1]]
353229	n	704	[[632,606,2,-1,3,1,0,-1,3,0,0,1,0,2,-3,1,-2,0]]
352951	n	1840	[[611,551,0,-1,10,0,1,4,-9,-1,9,1,-1,2,-9,1]]
361291	n	830	[[671,545,2,-4,5,0,-5,8]]
361546	n	1132	[[671,622,1,-3,4,-1,4,1,1,4,0,2]]
359280	n	612	[[622,611,0,-5,2,-1,2,7,-3,1]]
352733	n	999	[[540,627,3,-4,6,1,-2,4,-7,1]]
355026	n	1824	[[633,526,5,-5,7,4,-4,5]]
347634	n	946	[[627,534,4,0,1,-2,5,3,-3,3]]
360754	n	509	[[635,623,1,-3,5,0,-2,4,-2,1]]
352354	n	639	[[614,610,1,-3,7,0,0,1,0,2]]
353183	n	895	[[612,573,9,-2,1,2,-9,3]]
356989	n	1285	[[634,618,1,-4,2,-1,7,3,-1,4,-2,0,-5,0]]
359212	n	642	[[611,570,10,-2,0,2,-9,2]]
361329	n	504	[[613,576,9,-3,1,2,-5,3]]
347296	n	303	[[627,539,1,-3,6,2,-1,1]]
360526	n	829	[[611,549,4,-4,6,5]]
360923	n	1514	[[606,509,1,-2,8,0,1,2,-1,3,-4,2,-4,-2]]
12640357	n	1514	[[606,505,1,-3,4,-2,4,2,1,3,-1,2,-8,0]]
352628	n	569	[[611,569,8,-4,2,3]]
355635	n	1949	[[653,500,1,-4,4,-1,3,1,2,4,-2,3,-3,1,-5,-2]]
353223	n	1852	[[605,607,2,-3,3,-1,4,1,1,3,-2,4,-3,1,-3,-1]]
356933	n	843	[[638,521,2,-3,4,-1,0,7]]
361301	n	791	[[622,538,3,-5,3,3,-1,3,-5,0]]
347751	n	708	[[612,578,1,-2,5,2,0,2,-5,1]]
358115	n	1136	[[646,525,3,-7,1,0,2,2,-1,7]]
359900	n	1164	[[622,593,1,-3,6,-2,2,3,-1,3,-6,0]]
361360	n	147	[[616,629,2,-2,2,3]]
351434	n	765	[[644,517,5,1,-3,7,-2,-1]]
433774	n	841	[[637,613,0,-4,5,0,0,6,-3,0]]
361213	n	806	[[618,627,3,-3,4,1,2,4,-7,-1]]
360464	n	947	[[621,586,7,-2,1,3,-6,3]]
361478	n	510	[[627,539,6,0,0,2,-2,3]]
353828	n	538	[[610,612,3,-1,3,3,-1,3,-2,-1]]
358620	n	1158	[[674,535,2,-4,5,0,-2,3,1,3,-1,3,-4,-2]]
359304	n	415	[[620,628,7,3,-6,1,2,-2,-2,0]]
359678	n	1103	[[668,568,6,-6,3,1,0,3,-2,3,-4,0]]
2462881	r	100	[[-264,544,2,-2,-3,0]]
2463447	r	58	[[-319,474,1,0,0,1,-1,0]]
2463029	r	281	[[-286,521,-2,4,-2,-3]]
2461993	r	96	[[-268,542,-1,-2,2,0,0,2]]
343300	n	1960	[[774,307,1,-3,4,-2,3,2,1,3,-1,3,-3,1,-4,-1]]
333287	n	1960	[[764,316,2,-4,3,-1,3,1,2,4,-2,3,-3,1,-3,-1]]
334717	n	704	[[730,290,1,-5,6,2,-3,3]]
344783	n	1961	[[769,324,1,-3,4,-2,3,2,1,3,-1,3,-3,1,-4,-1]]
330546	n	1070	[[785,312,3,-4,5,1,-1,2,-3,-1,0,6,-3,-1]]
343386	n	848	[[850,260,3,-4,4,0,-6,7]]
344901	n	1960	[[772,298,1,-3,3,-2,3,2,2,3,-2,3,-3,1,-3,-1]]
342711	n	1960	[[747,302,2,-3,3,-1,3,1,1,3,-1,3,-3,2,-3,-2]]
3117735	r	6988	[[-87,811,3,-8,7,-2,7,2,5,0,2,3,-5,2,7,-2,1,1,-11,10,-16,-2]]
3128760	r	3160	[[34,830,3,-5,6,1,3,3,9,4,-6,4,-5,1]]
2509954	r	3832	[[-18,789,1,-4,4,-2,8,2,-2,5,4,6,-8,3]]
3104324	r	8365	[[-31,833,4,-7,9,-3,10,3,4,7,-17,10,-7,-4]]
2510911	r	8649	[[-128,748,0,-5,17,-8,7,4,1,3,-1,6,-2,0,-2,5,-6,2,-1,-1,-4,1,-5,-2]]
2514256	r	2571	[[-99,737,4,-7,7,4,3,0,-3,9,-5,-2]]
2513416	r	4634	[[-35,762,9,-7,8,2,1,2,2,-1,1,1,-3,0,2,3,-4,5,-8,3,-6,-3]]
2512989	r	3717	[[47,792,3,-3,3,2,3,-3,3,-1,2,-2,5,3,3,7,-6,0,0,2,1,1,-2,0,2,1,-8,-2],[58,783,1,-1,1,2]]
2515270	r	1561	[[-316,559,3,-4,4,1,2,3,-1,4,-6,0]]
2521978	r	595	[[-14,768,3,-2,1,-2,0,3,3,2,-5,2]]
3128026	r	2433	[[-68,865,3,-3,5,-2,8,3,1,2,-1,3,-2,-1,-1,2,-4,0,-1,-2,-7,1,1,-3]]
2519240	r	10339	[[-110,758,8,-10,9,-1,6,2,2,12,0,3,-10,5,-3,0,-9,-4]]
3106672	r	5456	[[-106,835,2,-7,7,-3,6,0,5,3,3,4,0,1,-19,7]]
3105976	r	3218	[[-181,851,6,2,-3,1],[-179,849,2,-1,4,1,-4,-4,5,2,-6,-5,0,-4,5,3,8,2,1,7,-2,2,-9,1,-2,-4]]
3121424	r	1883	[[-126,871,2,-4,8,3,8,-5,4,5,-10,1,-3,2,-1,-1]]
3104499	n	1930	[[-60,857,2,-3,5,-2,4,2,2,3,-2,3,-4,2,-5,-2]]
3119841	r	2914	[[-176,866,2,-3,8,-1,8,3,2,5,-3,5,-8,-4,0,-2,4,1,-3,-1,2,-1,0,-2,-3,2,0,-1]]
2518559	r	693	[[-19,766,4,-4,5,2,-4,4]]
2517117	r	3417	[[-80,744,0,-3,4,-2,10,1,2,4,-2,4,-5,2,-6,-1]]
3114711	r	2652	[[-127,867,3,-5,6,-2,6,1,4,4,-8,5]]
2520058	r	1132	[[-27,751,9,0,4,2,-2,0,0,3,-2,1,-8,-2]]
2516326	r	3694	[[-133,741,6,-5,-2,-2,4,-3,13,-1,3,2,-2,1,-1,-1,1,3,-16,8]]
2511174	r	620	[[-331,568,3,-3,1,3,5,3,-4,0]]
3114472	r	2778	[[-40,856,2,-3,5,-2,5,2,2,3,-2,4,-5,2,-5,-2]]
2521886	r	4790	[[-56,749,2,-10,0,-5,4,3,7,-2,5,4,1,3,-15,9]]
3110044	r	2229	[[-49,866,2,-4,6,-3,10,3,3,3,-5,0,-3,3,-7,-2]]
2519752	r	7578	[[-18,809,10,-6,-2,-4,7,-3,14,15,-7,4,-6,1,-9,-2]]
3127461	r	4238	[[-83,847,3,-5,6,-2,6,2,3,5,-3,5,-6,1,-6,-1]]
3109718	r	981	[[-79,869,4,-5,4,1,3,3,-3,2,-5,-1,0,1]]
2522258	r	12528	[[-52,780,1,-5,4,-4,10,-3,7,3,8,9,-4,8,-9,3,-12,-2,-4,-5]]
2514169	r	1062	[[-104,736,4,-7,5,1,-4,8]]
3118150	r	3307	[[-57,849,2,-4,6,-2,6,2,2,4,-1,4,-4,2,-11,-4]]
2521420	r	6023	[[-147,769,4,-4,11,1,-1,9,2,1,-2,1,-1,6,3,0,-4,1,-9,6,-2,-1,-1,-2,4,-5,2,0,2,-2,-2,-3,-4,-2]]
3111108	r	3228	[[-121,819,2,-4,6,-1,5,1,2,4,-1,4,-4,2,-7,-1]]
2516548	r	4298	[[-149,747,1,-3,6,0,5,-2,-2,2,2,1,-1,-2,5,-2,4,3,-1,6,-7,3,-7,-1]]
3108288	r	586	[[23,821,7,2,-2,5,-2,1]]
3118514	r	6673	[[1,832,3,-5,7,-3,13,8,-3,7,-9,2,-8,-2]]
3118532	r	3017	[[-119,852,2,-4,6,-2,5,2,2,4,-2,4,-5,2,-6,-2]]
2522013	r	1122	[[-117,723,5,-3,3,1,1,3,-4,4,-3,-2]]
2520600	r	19	[[-126,730,1,0,0,1,-1,0]]
2516395	r	4702	[[-86,752,4,-4,16,3,2,5,-20,5]]
3114965	r	4175	[[-166,845,4,-4,7,-1,5,3,2,5,-4,4,-7,1,-5,-2]]
3111933	r	1817	[[14,823,3,-4,6,2,3,7,-8,0]]
3121456	r	2870	[[49,840,2,-4,6,-2,6,3,1,3,-2,4,-5,1,-6,-1]]
3109642	r	4003	[[-181,858,0,-2,3,1,-2,-3,16,-2,3,6,-1,3,-15,3,-3,-3]]
3117814	r	5034	[[-161,860,3,-5,7,-2,7,2,3,5,-3,5,-7,2,-5,0,-4,-4]]
2520611	r	11587	[[-144,790,9,-6,4,-1,19,1,1,6,-2,6,-3,3,-5,3,-6,1,-11,-3,-2,-6,-3,0]]
2511388	r	144	[[-125,730,1,-2,4,3]]
3121070	r	3846	[[-70,819,2,-5,10,-8,4,3,1,6,-4,4,-6,2]]
2514891	r	6889	[[-48,753,3,-6,8,-4,4,4,6,4,1,4,-12,9,-7,-4]]
2510693	r	5724	[[-107,799,1,-3,3,-3,9,-2,4,2,3,10,-3,3,-10,1,-5,-3]]
2510409	r	3898	[[-89,794,3,-3,5,-2,5,1,4,3,-4,5,-1,0,1,1,-1,2,-10,2]]
2513947	r	19	[[-59,705,1,0,0,1,-1,0]]
2518494	r	1848	[[-64,740,1,-5,10,-1,-2,9,-5,0]]
2519513	r	1337	[[-124,728,3,-4,3,-1,4,5,-1,3,-5,0]]
6362987	r	40	[[-108,718,1,-1,1,1]]
2510253	r	399	[[-18,757,3,-1,0,2,-2,1],[-17,759,3,0,1,3,-2,0]]
3114531	r	3933	[[-100,840,15,-6,3,3,1,3,-3,5,-6,2,-7,-2]]
2521582	r	1278	[[-338,567,4,-7,3,0,2,3,1,2,-6,3]]
3117533	r	2249	[[29,835,1,-4,4,-1,9,8,-4,2,-5,0,-4,-2]]
2519402	r	4300	[[-88,780,16,-6,3,6,-3,5,-7,2,-7,-2]]
2509769	r	1717	[[-87,741,2,-7,9,1,0,4,-5,4]]
2517367	r	1526	[[-12,780,8,-5,7,1,-5,3,-3,6,-6,-2]]
2521088	r	805	[[-7,771,0,-2,5,1,6,5,-8,0]]
3113236	r	6481	[[-143,851,3,-5,6,-3,8,1,5,4,-1,7,-8,4,-9,-1,-3,-3]]
2520425	n	1960	[[-65,764,1,-3,4,-1,4,1,2,3,-2,4,-4,1,-4,-1]]
2517816	r	1530	[[-112,729,7,-3,1,2,4,1,-4,7,-5,-2]]
3105184	r	883	[[28,828,2,-5,7,2,-3,5]]
2515812	r	393	[[-112,728,5,-5,2,3]]
3104342	r	5519	[[-126,830,4,-6,16,2,2,4,-3,6,-8,2,-8,-2]]
2522098	r	1923	[[-18,776,6,-5,5,0,3,4,-9,6]]
2521570	r	819	[[-277,578,2,-1,4,2,3,5,-8,-3]]
2513477	r	1519	[[-76,735,8,-1,5,1,-1,3,-1,2,-11,-1]]
2513917	r	6633	[[-134,783,1,-6,2,-1,-2,-1,1,-6,11,0,4,2,3,5,1,4,-3,4]]
3129136	r	5162	[[-105,813,4,-6,11,-1,3,2,0,7,-6,6,-8,-2]]
2515045	r	3279	[[-81,762,0,-1,14,-4,2,2,-2,8,-4,1,-7,-1]]
3107775	r	1636	[[-89,867,2,-3,4,-2,4,0,4,2,-4,5]]
2518505	r	1734	[[-23,770,1,-3,3,-1,5,2,2,3,-5,4,-5,-2]]
3124132	r	15751	[[-57,799,0,-7,6,-3,23,3,3,5,1,5,-2,6,-4,4,-7,3,-8,1,-11,-12]]
3129857	r	3041	[[-78,799,2,-1,5,-7,8,3,3,6,-10,3,-7,-2,1,-2]]
3120514	r	4471	[[-17,843,0,-3,9,-4,6,2,3,5,-3,5,-6,2,-7,-2]]
2512177	r	4359	[[-92,774,3,-6,7,-2,8,3,2,5,-17,6]]
3109256	r	4466	[[-93,822,6,-7,12,2,4,3,-3,5,-7,2,-6,0]]
344979	r	4146	[[768,178,2,-3,4,-1,9,9,-3,5,-5,0,0,-3,-6,-2]]
333795	n	1960	[[851,187,2,-3,3,-2,3,2,2,3,-2,3,-3,2,-3,-2]]
336014	n	1960	[[745,252,1,-3,3,-2,4,2,1,3,-1,3,-4,2,-3,-2]]
331180	r	2322	[[784,270,2,-4,4,-1,3,1,2,4,0,1,-8,4]]
330186	r	3033	[[778,171,2,-3,5,-3,4,2,2,4,-2,4,-4,2]]
326282	n	1960	[[902,139,2,-3,3,-1,3,1,1,3,-1,4,-3,1,-3,-1]]
343137	n	2203	[[765,141,1,-2,6,-2,5,7,-8,3]]
342884	r	2606	[[743,232,1,-4,4,-1,4,1,1,4,-1,3,-4,2,-4,-2]]
338832	r	9832	[[823,192,1,-6,3,-4,11,7,4,0,1,3,4,2,-3,1,-7,11,-1,0,-9,-5]]
339219	n	2613	[[788,223,2,-4,4,-2,4,1,1,3,-1,4,-5,2,-3,-1]]
333772	r	17881	[[717,157,3,-2,1,-4,11,-4,5,-7,2,0,9,8,1,3,-1,9,4,-1,0,5,-3,1,-6,9,2,1,-1,2,-3,-1,-1,-3,-7,-3,3,-7,-1,-2,2,-3,-5,-5,-4,4,3,4,-3,0,0,2,-1,2,-9,-2]]
339666	n	1419	[[775,175,3,-4,6,5,-2,2,-3,2]]
7910079	n	3044	[[748,138,2,-3,6,-2,5,2,2,5,-2,2,-4,0,-2,-3,-6,2]]
343663	n	1961	[[746,121,2,-4,3,-1,3,1,2,4,-2,3,-3,1,-3,-1]]
334609	n	1690	[[752,151,2,-3,4,0,4,3,-2,3,-3,2,-3,-2]]
338998	n	1529	[[762,128,1,-3,3,-1,4,1,1,3,-7,4]]
335035	r	4434	[[836,188,3,-4,-3,-3,3,-2,6,-1,4,4,0,9,-3,2,-2,-3,-1,1,-1,-2,-2,1]]
330118	n	1960	[[726,182,2,-4,3,-1,3,1,2,4,-2,3,-3,1,-3,-1]]
343749	n	1961	[[845,199,2,-3,3,-1,3,1,1,3,-1,3,-3,2,-3,-2]]
339734	n	1960	[[786,194,1,-4,4,-1,3,1,1,4,-1,3,-3,1,-4,-1]]
339708	n	1960	[[750,207,1,-3,4,-2,3,2,1,3,-1,3,-3,2,-4,-2]]
343370	n	1848	[[778,159,1,-3,3,-1,3,1,2,3,-1,3,-3,2,-2,-1]]
339686	n	1961	[[756,237,1,-3,3,-2,4,2,1,3,-1,3,-4,2,-3,-2]]
345149	n	1956	[[785,286,1,-4,3,-1,3,1,2,4,-2,3,-3,1,-3,-1]]
326406	n	1960	[[787,237,2,-4,3,-1,3,1,1,4,-1,3,-3,1,-3,-1]]
334227	n	1948	[[761,282,1,-3,3,-1,3,0,2,3,-1,4,-3,2,-3,-2]]
335288	n	1961	[[752,180,2,-4,3,-1,3,1,2,4,-2,3,-3,1,-3,-1]]
8643798	r	4337	[[767,150,0,-2,8,-5,9,-2,1,1,1,5,-9,7,-6,-1]]
337405	n	1848	[[687,165,1,-3,4,-2,3,2,1,3,-4,5,-4,-2]]
344420	n	1452	[[770,284,2,-5,5,0,-2,8,-3,-1]]
325579	n	1542	[[770,159,1,-3,3,-2,3,1,2,2,-1,2,-6,3]]
341297	n	1738	[[763,162,0,-1,6,-3,3,4,-1,4,-4,1,-3,-1]]
344797	n	1463	[[775,287,2,-8,4,1,2,3,-1,3,-4,2]]
343593	r	1022	[[749,141,6,-2,2,3,-4,4,-3,-1]]
325780	n	1201	[[764,135,0,-1,9,0,0,1,-1,3,-6,1]]
336372	n	1770	[[755,171,5,-5,3,2,1,3,-1,3,-4,1,-3,-1]]
326355	n	1734	[[751,166,1,-4,4,-1,3,1,1,4,-5,4,-3,-2]]
331163	n	1529	[[772,163,6,-4,3,4,-1,3,-4,2,-3,-2]]
330134	n	1960	[[787,106,1,-3,4,-1,3,1,1,3,-1,4,-3,1,-4,-1]]
332880	n	1440	[[758,148,3,-6,5,2,0,4,-2,2,-2,1]]
344357	n	1961	[[787,248,1,-3,3,-1,3,1,2,3,-2,4,-3,1,-3,-1]]
340573	n	1787	[[760,157,1,-4,4,-1,3,1,1,4,0,1,-6,3]]
343292	r	22757	[[681,191,1,-7,18,3,13,18,-7,14,-6,4,-1,-6,-2,-2,-2,-1,1,1,-4,3,-4,-2,-2,-5,0,-9]]
336259	n	1960	[[866,119,2,-3,3,-2,3,2,2,3,-2,3,-3,2,-3,-2]]
327694	n	1620	[[704,144,3,-4,7,4,-2,3,-3,2,-3,-2]]
336350	n	1960	[[795,140,1,-3,4,-1,3,1,1,3,-1,4,-3,1,-4,-1]]
338404	n	941	[[753,146,4,-4,4,0,-3,6,-4,0]]
336496	n	1960	[[712,183,2,-3,3,-1,3,1,1,3,-1,4,-3,1,-3,-1]]
326116	n	1769	[[787,276,1,-2,6,-2,3,4,-2,3,-3,1,-3,-1]]
330534	n	1620	[[707,140,2,-3,3,-2,3,2,1,3,-2,4]]
339448	n	1848	[[691,171,5,-5,3,1,2,4,-2,3,-3,1,-3,-1]]
337853	n	1960	[[733,126,1,-3,4,-2,3,2,1,3,-1,3,-3,2,-4,-2]]
330764	n	1961	[[707,166,1,-3,4,-2,3,2,1,3,-1,3,-3,2,-4,-2]]
326321	n	955	[[764,132,7,-4,2,4,0,2,-9,0]]
330425	n	1960	[[753,222,1,-4,3,-1,4,1,1,4,-1,3,-4,1,-3,-1]]
337712	n	1961	[[741,214,1,-3,3,-2,4,2,1,3,-1,3,-4,2,-3,-2]]
344620	n	1960	[[760,113,2,-4,3,-1,3,1,1,4,-1,3,-3,1,-3,-1]]
337771	n	1961	[[770,196,1,-3,4,-2,3,2,1,3,-1,3,-3,2,-4,-2]]
8620932	n	1960	[[792,201,2,-4,3,-1,3,1,2,4,-2,3,-3,1,-3,-1]]
340008	n	1957	[[732,225,2,-3,3,-1,3,1,1,3,-1,4,-3,1,-4,-1]]
341742	n	1849	[[720,146,2,-3,3,-2,3,2,1,3,0,2,-5,2,-3,-1]]
333750	n	1960	[[728,113,2,-3,3,-2,3,2,2,3,-2,3,-3,2,-3,-2]]
344661	n	1643	[[728,157,1,-3,3,-1,5,5,-1,2,-3,2,-3,-2]]
11048860	n	1957	[[726,219,1,-3,3,-1,3,1,2,3,-2,4,-3,1,-3,-2]]
328962	n	1960	[[776,253,1,-4,4,-1,3,1,1,4,-1,3,-3,1,-4,-1]]
6913519	n	1960	[[816,236,1,-3,3,-2,3,2,2,3,-2,3,-3,1,-3,-1]]
658225	r	4030	[[477,1204,2,-4,8,1,-1,-1,3,1,-1,-1,4,1,-1,2,2,-1,3,2,3,-1,1,1,1,-1,3,2,4,0,-6,8,-2,0,-17,-3,-4,-3]]
634963	r	9552	[[456,1236,0,-12,9,-4,34,10,-1,4,-4,3,-12,4,-15,-1]]
643492	r	16696	[[482,1304,17,-1,4,-2,-2,-1,6,-2,-2,-2,-3,2,-11,-2,0,-1,-7,-6,11,-5,14,-1,10,1,30,19,-7,7,-11,4,-37,2,-3,-1,3,-2,7,-1,6,-2,-2,-2,2,-1,-1,-2,-23,0],[491,1301,4,-2,2,0,-3,1,2,1,5,0,-4,1]]
633679	r	4731	[[427,1211,2,-2,1,2],[427,1214,2,-2,-1,0,4,-1,-2,0,2,-1,5,3,-1,-3,2,1,4,-2,-1,-2,11,1,-3,-3,4,1,-2,-2,2,0,4,14,-17,1,-9,-2],[434,1202,4,2,-3,0],[436,1208,4,-1,-3,2],[447,1201,2,-1,0,2],[448,1203,4,0,1,1,-4,0],[448,1202,1,-2,3,3]]
655194	r	13552	[[487,1245,2,-4,13,-7,14,-2,3,0,22,14,-14,10,-14,1,-18,-3,-6,-4]]
650224	r	17088	[[519,1261,22,-15,27,-2,14,23,-8,4,-40,0,-10,-4]]
649360	r	5020	[[501,1214,20,0,6,12,-13,3,-12,-2,0,-2,3,-2,-4,-2]]
640999	r	9091	[[424,1218,3,1,-1,0,0,-1],[425,1240,3,-2,1,-3,3,-1,-2,0,1,-1,3,-2,-4,0,2,-1,-4,0,3,-2,-2,0,1,0,1,-2,-1,-1,1,-1,-2,-1,1,-2,-4,0,3,-3,27,3,-1,19,-13,4,-8,0,-7,-1]]
655808	r	21146	[[568,1244,13,-8,19,-1,25,15,6,8,-7,6,-12,4,-14,1,-15,-1]]
650859	r	4710	[[521,1214,4,-2,6,0,2,1,2,-1,0,1,3,0,13,2,-5,10,-18,2]]
648900	r	6587	[[546,1225,5,-10,7,-3,29,15,-6,4,-9,2,-17,-6,-3,0,0,-2]]
632978	r	3596	[[422,1254,14,-2,17,14,-8,4,3,-2,-4,1,3,-3,-7,-1,0,-2,-2,1,0,1,-8,0,0,-2,4,-2,-4,0,-2,-3,-3,-1],[422,1266,3,-3,4,1,-1,1,-2,-1,-2,1,1,1],[425,1267,1,-1,1,1]]
659180	r	6460	[[464,1219,17,-8,9,1,11,2,0,7,4,2,-3,2,0,6]]
637219	r	14354	[[431,1247,7,-3,15,-3,23,4,9,5,3,7,-2,4,-5,4,-27,2]]
638936	r	31854	[[473,1329,1,-5,4,-1,6,-7,6,0,4,2,-3,-2,51,-2,16,7,4,5,1,4,-4,8,-11,6,-18,5,-19,1,-19,-2,-17,-6,-1,-1,6,-5,-2,-1,0,-4]]
660561	r	2225	[[502,1214,6,-9,5,2,2,-2,2,0,-2,1,4,-1,-2,3,5,-2,-4,4,8,-2,-1,4,-4,2],[511,1206,2,-2,1,1]]
646005	r	11777	[[518,1232,10,-5,19,-3,29,11,-3,5,-6,4,-26,2]]
637948	r	6368	[[451,1201,4,-1,3,5,0,-2,-2,-2,1,-1,2,0,1,2,1,-1,4,0,-3,-3,5,3,-2,-3,-7,-2,7,1,-1,1,6,3,-1,-2,5,0,7,12,-17,8,-6,1,-5,-16,5,2,-5,-2]]
650946	r	1778	[[525,1212,2,-4,3,1,1,3],[529,1210,5,-2,2,2,3,-1,5,3,2,-1,-1,-1,5,-1,-1,1,4,-1,4,2,-6,4,-13,-2,-3,0,1,-1,-3,0]]
651943	r	11457	[[448,1269,6,-2,38,-3,9,7,2,7,-1,3,-18,8,-4,-1,-1,-3,-8,-3,1,-1,-4,0,-1,-3,-6,-1,-1,-2,-2,1,1,-1,-2,0,1,-1,-3,-1,-3,1]]
654899	r	17387	[[524,1285,3,-6,7,-5,11,-2,13,-1,20,5,6,4,2,5,-3,5,-7,4,-10,3,-11,1,-18,-2,-13,-8]]
8740209	n	791	[[3566,-359,6,-4,2,3,-3,3]]
2198148	n	425	[[3564,-363,0,-1,4,2,2,-1,-4,4]]
2204506	n	630	[[3548,-353,5,-2,1,4,-2,2]]
2202064	n	1037	[[3545,-359,6,-1,2,2,0,3,-4,1]]
2204582	n	1364	[[3583,-329,1,-3,3,-1,4,1,1,3,-1,4,-3,-2,0,-1]]
3426691	r	864	[[-1166,-1034,1,-2,10,2,-3,0,3,1,-1,1,-7,1,8,1,-2,2,-5,-1]]
2081986	n	341	[[3163,138,1,-2,3,1,-1,2]]
2611396	r	805	[[-147,1241,3,-1,3,2,-3,1],[-144,1243,10,-4,0,2,-3,0,1,0,-2,1,1,1,-4,2],[-141,1245,6,-3,-1,2,1,0,2,-3,1,1,-1,1,2,0,-3,1,2,0,-3,1],[-138,1238,5,-3,0,2]]
2988507	r	9024	[[33,981,1,-2,2,0,-2,-3,1,-3,7,-2,-3,-4,14,-5,7,2,4,5,-9,4,4,2,-5,4,-1,4,-2,1,-15,1]]
2995469	r	4115	[[99,869,2,0,0,2,3,-1,-3,-2,0,-1,5,0,1,-3,5,-1,7,6,0,2,-4,5,-8,2,-5,-4]]
2996944	r	3141	[[89,915,8,-6,5,1,3,4,-1,4,-5,3,-8,-2]]
2972315	r	3150	[[21,872,2,-4,6,-2,6,2,2,4,-3,5,-12,-1]]
2990440	r	1506	[[138,877,4,-6,1,2,7,2,1,4,-7,1]]
2990969	r	3082	[[-38,941,4,-2,8,0,4,7,-6,4,-7,0,-2,-1,-1,-3,3,-2,-3,1]]
2973783	r	2324	[[146,972,1,-4,7,-2,3,7,5,3,-5,2,-6,-1,-4,-2]]
3031582	r	4196	[[-21,897,1,-5,7,-2,7,2,3,5,-3,4,-6,2,-1,0,3,-3,-2,0,1,-2,-3,5,-5,-2]]
2992166	r	2227	[[70,872,3,-4,7,3,4,-2,1,2,-7,7,-6,-1]]
2998324	r	2086	[[52,1013,2,-4,5,-2,7,0,5,3,-5,0,-1,4,-3,2,-4,-2,-4,2]]
2983990	r	3179	[[-42,962,3,-4,6,-2,6,2,2,4,-2,4,-6,2,-6,-2]]
2984114	r	3166	[[71,985,2,-3,5,-3,12,6,-3,5,-6,2,-7,-2]]
3003796	r	1585	[[-2,986,3,-2,6,1,4,3,0,3,-3,3,-3,1,-4,-4,1,-2,8,1]]
2980291	r	3664	[[78,909,3,-5,6,-2,8,3,2,3,-10,7,-6,-2]]
2972328	n	2085	[[112,863,4,-2,3,0,-1,1,1,1,4,-2,1,1,4,0,3,2,-9,7,-1,-1,0,-3,-6,-1]]
3037656	r	2963	[[-19,949,1,-2,8,-3,5,2,2,3,-2,4,-6,2,-6,-2]]
3021372	r	3444	[[91,946,3,-4,6,-2,6,2,3,4,-3,4,-6,2,-6,-2]]
3014728	r	2567	[[107,904,2,-4,5,-2,6,2,2,4,-1,2,-9,3,-4,-2]]
2990363	r	2163	[[78,878,7,-6,7,5,-4,6,-6,-1]]
3024635	r	3142	[[54,916,2,-4,6,-2,6,2,2,4,-2,4,-6,1,-6,-1]]
3030300	r	1828	[[-96,969,1,-2,9,2,-3,-2,4,0,-1,-1,2,0,-7,1,-2,-1,2,-2,2,1,3,-1,5,3,-1,4,-5,2,-7,-2]]
3003603	r	3439	[[-5,960,3,-4,6,-2,6,2,3,4,-3,4,-6,2,-6,-2]]
3037854	r	2953	[[37,998,3,-4,8,-2,5,2,2,4,-3,4,-6,2,-6,-2]]
2972191	r	2851	[[6,948,2,-4,5,-2,6,2,3,3,-3,6,-4,1,-7,-2]]
2998286	r	4189	[[16,917,2,-5,7,-2,7,2,2,5,-2,4,-7,2,-7,-2]]
3033123	r	3525	[[112,945,2,-4,6,-2,7,2,2,4,-2,4,-7,2,-6,-2]]
2994160	r	2970	[[115,982,3,-4,11,0,3,4,-2,4,-7,2,-6,-2]]
2989317	r	3618	[[29,958,7,-6,2,0,7,2,2,4,-2,4,-7,2,-7,-2]]
2982652	r	2671	[[14,989,3,-5,11,1,2,4,-2,4,-6,1,-6,-1]]
2991214	r	1577	[[140,958,4,-8,5,0,3,2,-2,2,2,4]]
2987914	r	2230	[[50,854,2,-3,3,-2,8,1,-2,1,0,8,-7,0]]
3029241	r	2152	[[-15,984,2,-4,6,-1,5,1,3,4,-3,2,-9,1,-2,0]]
2990999	r	2530	[[116,974,2,-4,6,-2,5,2,2,4,-3,4,-9,0]]
3035681	r	2880	[[89,883,3,-6,10,-3,3,3,-1,5,-4,3,-6,0]]
3020686	r	1129	[[42,1020,2,-5,6,0,4,1,-2,1,0,2,-2,3]]
2986495	r	3561	[[-2,932,3,-5,6,-1,6,1,3,5,-3,4,-6,2,-6,-2]]
2988358	r	2490	[[-15,866,4,-4,6,-1,4,9,-4,2,-5,-1,-3,-1]]
3006787	r	1658	[[-29,927,7,-1,-2,-3,3,-2,-1,-3,4,1,3,3,-2,5,-2,1,-5,1],[-28,921,1,-2,3,-1,-1,2]]
3028808	r	647	[[134,874,4,-5,3,2,-3,5]]
3029162	r	1206	[[32,1015,6,-2,6,2,-2,5,-10,-3]]
3032833	r	2176	[[56,869,8,-5,9,4,-5,5,-3,0,-5,-1]]
3031005	r	3229	[[40,942,2,-5,6,-1,6,1,2,5,-2,4,-6,1,-6,-1]]
2977921	r	1735	[[-51,948,2,-2,-2,0,5,-1,3,1,5,0,1,2,-8,3,-5,-2,2,-1],[-45,943,4,-1,1,-2,2,1,0,4,-5,1]]
3024297	r	2666	[[137,962,2,-3,13,-1,-1,4,3,4,-10,2,-5,-3]]
2971053	r	2996	[[90,899,3,-4,5,-2,6,2,2,4,-2,4,-6,1,-5,-1]]
2984701	r	2357	[[-91,960,4,-2,0,-2,2,0,2,2,7,-2,3,4,-2,4,-6,2,-5,-2,0,-2,-4,0]]
3027422	r	2751	[[111,911,1,-2,9,-3,4,2,1,3,-2,4,-6,2,-5,-2]]
2971549	r	2600	[[74,966,2,-4,6,-1,5,1,2,4,-2,4,-5,1,-6,-1]]
3006767	r	3214	[[-37,933,1,-3,7,-3,7,2,2,4,0,3,-6,3,-8,-1]]
2997577	r	1424	[[-75,956,6,-2,3,2,-1,-2,1,0,-1,0,3,-1,1,2,-1,-2,1,-2,3,6,-4,2,-4,1,-4,-1]]
3019265	r	2569	[[15,980,2,-3,6,-2,6,2,2,3,-4,5,-9,-1]]
2977295	r	2752	[[58,997,2,-4,6,-1,6,1,2,4,-2,4,-6,1,-6,-1]]
2990355	r	3021	[[-17,927,2,-5,5,-1,6,1,3,4,-2,4,-6,2,-5,-1]]
3033791	r	2330	[[129,953,2,-4,4,-1,2,-1,3,3,4,0,-5,8,-7,-1]]
3038334	r	2530	[[171,845,4,-4,-3,-2,0,-1,4,0,-3,-3,5,-1,-2,-3,7,4,1,4,-2,4,-5,2]]
2970777	r	2001	[[-62,952,3,-1,0,2,1,-1,4,1,-1,-2,-3,0,1,-1,8,0,2,4,-3,4,-7,1,-3,-1]]
2994798	r	1894	[[53,983,1,-4,6,-5,5,3,0,4,-2,2,-6,2]]
3032213	r	2939	[[18,953,4,-6,3,-1,7,1,3,4,-7,7,-6,-1]]
3029974	r	3236	[[22,903,3,-4,6,-2,5,2,3,4,-3,4,-5,2,-6,-2]]
3036938	r	2310	[[85,872,1,-3,4,0,2,-2,5,0,-2,2,2,-2,5,7,-10,3]]
3034006	r	2612	[[33,989,3,-4,10,0,3,1,1,3,-2,3,-8,2,-5,-2]]
3026204	r	2659	[[26,936,2,-4,6,-1,5,1,2,4,-2,4,-5,1,-6,-1]]
3025053	r	3209	[[-26,939,7,-4,3,0,6,2,2,5,-1,1,-11,4,-2,0]]
3017253	r	2044	[[125,869,7,-6,2,2,-2,1,3,2,3,1,-6,7,-5,-3]]
2981280	r	2113	[[-63,970,2,-3,6,-2,5,2,3,3,-2,3,-5,-3,-5,5,-3,-2]]
2993002	r	3195	[[19,880,3,-4,12,1,1,4,-2,4,-7,1,-5,-1]]
3026613	r	2435	[[86,995,2,-3,5,-2,6,1,4,3,-6,2,-1,5,-9,-2]]
3038261	r	3524	[[35,878,2,-4,7,-1,5,2,2,4,-2,4,-7,2,-5,-2]]
2973385	r	2301	[[-4,862,4,-2,5,0,3,2,0,4,-3,3,-6,0]]
3027487	r	2720	[[79,979,2,-4,6,-2,6,2,3,4,-2,4,-5,2]]
2990919	r	2269	[[50,864,2,-5,9,0,3,5,-9,6,-4,-3]]
2978640	r	1475	[[-48,973,2,-4,6,-2,6,2,2,4,-4,-1,-1,2,-3,0,-1,-1,1,-3,-1,3,-3,-1,-3,1,1,1]]
3005866	r	2878	[[-24,961,3,-3,6,-2,5,2,3,3,-3,4,-5,2,-6,-2]]
2399697	r	1377	[[186,6,2,-4,5,1,-3,1,0,-2,-2,2,-1,0,0,3],[186,11,4,-5,4,-2,-2,8,-3,0,2,0,0,2,-5,-1]]
2396518	n	521	[[174,-12,3,-6,1,0,2,2,-1,2,-1,0,-1,-2]]
2400555	n	1898	[[267,-34,3,-3,3,0,3,3,0,3,-3,3,-3,0,-2,-2]]
2396646	n	1960	[[227,32,1,-3,4,-2,3,2,1,3,-1,3,-3,2,-4,-2]]
2398269	n	1898	[[260,-31,1,-4,4,-1,2,2,1,4,-2,3,-3,0,-2,-2]]
2397169	n	1584	[[192,8,2,-4,2,0,4,3,-1,3,-3,2,-3,0]]
2399888	n	1960	[[200,-14,2,-3,3,-2,3,2,1,3,-1,3,-3,2,-3,-2]]
2398073	n	1960	[[217,-37,1,-4,3,-1,3,1,2,4,-2,3,-3,1,-3,-1]]
2396253	n	1961	[[215,-59,1,-3,4,-1,3,1,1,3,-1,4,-3,1,-4,-1]]
2399959	n	1960	[[245,-23,1,-3,3,-1,3,1,2,3,-2,3,-3,2,-3,-2]]
2399371	n	1960	[[253,11,1,-3,3,-1,3,1,2,3,-2,4,-3,1,-3,-1]]
2643743	r	3806	[[-14,1027,3,-2,2,2,2,-2,3,2,9,-1,5,4,-2,-1,1,1,-2,1,1,2,-2,2,0,2,-1,3,-3,0,-3,-3,0,-3,-11,-1]]
2655603	r	3638	[[-52,1048,1,-3,8,1,7,-4,1,4,6,1,1,3,-1,4,-9,2,-7,-2,-2,-3,-5,-2]]
2648579	r	3961	[[-97,1117,3,-4,9,-2,7,0,5,2,-3,4,1,3,-3,3,-8,-1,-1,2,-4,-1,1,-2,-4,-1,4,-1,-5,0]]
2643123	r	2562	[[-57,1071,5,-2,-1,-1,2,-3,3,0,4,-2,8,0,-4,2,-1,4,3,2,-3,4,-4,-3,-7,1]]
2638077	r	3487	[[-41,1067,1,-3,4,-2,7,0,6,4,6,2,0,5,-2,2,-4,0,-3,-3,-12,-1]]
2644688	r	3140	[[-41,1077,0,-2,4,-5,5,2,6,0,3,3,-3,3,0,5,-3,1,-7,-1,-2,-3,-2,0,0,-3]]
2650225	r	4415	[[-77,1125,2,-4,7,-1,5,1,4,3,3,0,-13,3],[-76,1117,3,-3,8,0,1,-3,3,0,8,3,3,6,-6,0,0,1,-6,-2,-13,2]]
2644210	r	2119	[[-69,1063,2,-3,8,3,5,-2,3,4,-2,3,1,1,-10,2,2,-3,-4,0,2,-3,-5,2]]
2654675	r	2856	[[-58,1023,2,-1,9,0,1,1,4,1,3,3,-4,4,-8,2,-6,-4,2,-2]]
2653822	r	2029	[[-72,1029,8,-1,3,2,5,1,4,3,-1,2,-9,2,-3,-6],[-64,1024,6,-1,3,4,-2,2,-3,-3,0,-2]]
2644668	r	1573	[[-30,1053,5,-4,5,0,6,7,-12,1]]
2655984	r	2237	[[-126,1094,4,-8,9,2,0,2,-1,2,3,-3,2,1,-2,4,-7,-1,4,2,-3,3,-6,-1]]
2641170	r	960	[[-27,1060,1,-3,12,-1,1,3,-4,3]]
2639577	r	3076	[[-29,1025,0,-1,7,-3,5,0,5,7,-1,3,1,2,-1,2,-7,-1,-8,-4,0,-1,1,0]]
2645425	r	1348	[[-15,1077,4,-3,5,1,3,-2,3,2,-4,5,-8,0],[-10,1074,3,-3,3,2,-2,1]]
2639912	r	1551	[[-62,1071,14,2,1,2,-2,5,-11,-1,-1,-4,3,0]]
2636432	r	2926	[[-94,1033,7,3,1,-2,4,-1,-3,0,-2,-2,10,1,3,-3,-2,13,-12,-2,-4,-3],[-85,1024,6,-1,2,2]]
2641673	r	2295	[[-44,1099,2,-5,10,1,1,3,1,1,-1,1,3,0,-2,5,-3,-1,-2,2,-7,-2]]
2637433	r	1105	[[7,1031,8,0,4,1,-4,2,-4,-2,-3,1],[7,1027,6,0,3,-2,3,2,-8,1,3,1,-3,1]]
2654710	n	540	[[-9,1018,0,-2,10,0,2,3,-6,0,-2,-2]]
2651347	r	1370	[[-38,1059,1,-4,8,-1,3,3,-1,3,-2,2,-7,0]]
2637487	r	1899	[[-38,1021,2,0,-1,-1,6,-5,5,1,-3,2,3,-1,4,4,-11,4],[-30,1014,1,-1,1,2]]
2640194	r	1683	[[-92,1007,8,-1,-2,2,3,1,-1,-2,8,-3,-2,8,-2,1,-9,-1]]
2636841	r	2310	[[-54,1061,0,-2,6,-2,3,-3,7,2,2,6,-8,1,-4,2,-5,-1]]
2642465	r	1754	[[-25,1041,3,-2,8,-1,11,4,-2,5,-1,0,-7,-2,-1,-2]]
2641430	n	1397	[[-24,1043,2,-1,8,1,1,2,6,2,-13,3]]
2643339	r	1705	[[-14,1038,2,-5,8,0,3,1,0,3,3,3,-5,2]]
2639996	r	1151	[[-29,1013,3,-1,5,2,-5,1],[-26,1017,3,-2,0,2,2,0,-1,-1,2,1,3,-1,3,4,-8,1]]
2636389	r	2103	[[-43,1031,6,-7,4,1,5,5,-6,6]]
2657832	r	2829	[[-56,1143,3,-4,6,-3,7,7,-1,1,1,2,5,3,-14,0,-5,-2]]
2646057	r	1780	[[15,1043,7,-4,4,0,-5,0,4,0,-2,2,4,-2,5,3,-3,3,-5,2,-6,-1]]
2643097	r	870	[[-29,1062,2,-2,10,2,-1,4,-4,0]]
2636531	r	362	[[-32,1095,6,1,-1,4,-4,0,1,-1,-1,-1]]
2655095	n	1201	[[-46,1016,2,-4,3,0,2,1,-3,1,1,1,10,0,-5,4,-7,-1]]
2640354	r	3086	[[-12,1057,4,-9,2,-1,14,4,-2,4,-5,3]]
2640729	r	1773	[[-34,1036,6,-6,8,4,-2,5,-3,2,-6,-2]]
2633352	r	2090	[[-26,1078,3,-3,4,0,4,2,3,3,-7,6,-5,-1,-1,0]]
3345439	n	2150	[[-62,1054,2,-3,8,-2,5,2,2,3,-3,3,-6,2,-7,-2]]
2654264	r	1225	[[-49,1080,2,-5,-1,-2,3,-1,4,3,1,2,-1,5,-6,0]]
2650752	r	2455	[[-71,1129,2,-2,16,-3,1,2,-4,1,-2,2,-8,-2,11,2,5,3,-5,3,-7,0,-6,-2]]
2653941	r	2031	[[-5,1047,2,-5,5,-2,9,3,-1,4,-5,2]]
2641181	r	3256	[[13,1053,3,-5,11,-1,4,4,0,5,-11,3,-5,-2]]
2642607	r	1324	[[-31,1094,5,-8,2,-1,5,1,5,5]]
2648404	r	1624	[[-53,1036,2,-2,2,1,-2,-2,4,-1,4,-1,5,4,-5,1,-2,5,-3,0]]
2649808	r	2017	[[-80,1014,2,-2,4,0,13,2,-11,6,-5,-2]]
2652618	r	737	[[14,1038,1,-3,2,0,3,1,0,1,2,2,-8,4,2,-4]]
2638703	n	202	[[24,1027,4,-3,1,4]]
2652053	r	1643	[[-14,1020,3,-1,0,-1,6,-1,0,2,6,1,0,3,1,3,-6,1]]
2653261	r	1109	[[-45,1041,2,-5,5,-1,5,3,-3,4]]
2653266	r	1544	[[5,1040,1,-3,0,-2,2,-2,3,-1,4,2,-1,4,2,1,-3,5]]
2643179	r	561	[[5,1026,6,-4,5,3,-3,2]]
2644487	r	2212	[[-18,1066,1,-4,4,-3,8,1,3,4,0,2,-6,3]]
2650497	r	398	[[1,1016,4,-1,3,2,-2,2,-3,0]]
2633563	r	887	[[-51,1045,3,-4,10,1,-5,4]]
2647356	r	522	[[6,1019,2,-2,11,1,-8,3]]
2651513	r	2370	[[-43,1090,4,-5,14,0,-3,7,-3,3,-10,-1]]
2647400	r	241	[[-31,1095,4,-2,4,0,-3,3]]
2643734	n	907	[[-150,1096,8,0,3,2,0,3,-1,2,-1,-2,-6,0]]
2647878	n	998	[[-8,1069,6,-2,6,1,-8,5,-3,-2],[-3,1073,5,-1,0,-1,1,1,-3,3]]
2638324	n	1188	[[-19,1074,2,-1,0,-5,9,1,1,2,-5,3,-3,0,3,1,-2,1]]
2653775	r	2722	[[-68,1097,3,-3,7,-1,6,1,3,4,-3,4,-7,1,-6,-1,-3,-2,8,-1,-6,0]]
2638978	r	772	[[-29,1047,5,-4,4,5,0,1,-8,2]]
2656719	n	655	[[-22,1039,2,-5,7,2,-1,2]]
2647793	r	631	[[-17,1021,3,-1,7,4,0,1,-2,2,-2,-2,-3,1]]
2643490	n	512	[[28,1048,5,-3,2,5,0,1,-5,0]]
2639447	n	1404	[[-75,1036,1,-7,2,0,7,3,2,4,-6,2]]
2639022	n	971	[[1,1023,0,-3,2,-1,8,2,-6,5,-3,0]]
2652381	n	823	[[-20,1050,12,-2,-3,6,-1,0,-4,0]]
2640681	n	838	[[-78,1011,2,-5,3,-2,3,4,-1,1,2,3,-8,0]]
2649258	n	332	[[18,1019,2,-1,1,3,7,3,-7,-1]]
2633485	r	1880	[[-76,1058,4,-4,18,5,0,2,-5,2]]
2636177	n	1531	[[-69,1020,0,-1,5,-3,3,0,2,0,3,6,-8,2,-4,-1]]
2655262	n	278	[[-18,1015,6,1,-3,4]]
2647984	r	381	[[30,1051,5,0,-1,4,-3,1]]
2656955	r	743	[[11,1022,7,-3,3,4,-3,2]]
2638419	n	1094	[[-16,1086,2,-3,3,-2,9,2,-5,2,-4,5]]
2647074	n	1696	[[-62,1041,3,-3,4,-1,3,0,4,4,-3,4,-2,1,-6,-2]]
3345440	n	1554	[[-136,1089,2,-3,3,-1,9,1,-4,7,-7,-1]]
2644319	n	239	[[-15,1020,3,-4,3,0,-1,2,-1,0,0,1]]
2656241	n	439	[[-68,1086,2,-2,2,1,-1,-3,2,-1,3,5]]
2653877	r	470	[[18,1025,3,-2,6,1,-3,4,-5,-1]]
2634202	n	541	[[-56,1014,7,-3,0,2,5,-1,-2,4]]
2642214	n	924	[[-60,1084,1,-1,3,2,-1,-1,1,-1,-2,-2,1,-1,-1,-1,7,0,1,2,0,2,-4,2,-6,1]]
2644737	n	895	[[-35,1042,5,-1,6,2,-5,4,-4,0]]
2652974	n	222	[[18,1034,1,0,0,1],[20,1036,3,0,3,1,-2,1,1,1,-3,0]]
2633373	n	1440	[[-59,1017,4,-2,8,1,1,3,-1,3,-9,0]]
3579925	n	313	[[-1236,240,3,1,1,3,-1,1]]
611717	r	5293	[[886,832,4,-4,2,1,4,-4,11,4,1,2,-9,11,-2,0,-4,-1]]
615532	r	1565	[[830,830,6,-2,5,2,0,5,-6,4,0,-4]]
613607	r	3526	[[846,845,2,-4,6,-2,6,2,2,4,-2,5,-6,1,-6,-1]]
611847	r	1883	[[812,862,8,-2,3,-4,3,0,1,3,-1,4,-5,3,-5,-1]]
614455	r	2740	[[875,840,2,-4,5,-2,5,2,2,4,-2,3,-5,2,-5,-2]]
610824	r	2635	[[830,851,2,-4,4,-2,6,1,2,4,-1,4,-5,1,-5,-1]]
611694	r	2885	[[902,838,4,-5,3,0,6,1,2,4,-2,4,-6,2,-5,-2]]
615860	r	2473	[[853,833,3,-2,-1,-1,5,-3,5,2,2,4,-2,4,-5,1,-5,-1]]
3382160	n	2401	[[-1053,96,2,-3,3,-3,5,1,3,3,-5,4,-1,-2,1,2,-3,0,-2,3,-1,-4]]
3380387	r	17420	[[-1090,98,3,-17,14,0,7,30,-13,4,-1,-4,-6,-6]]
3381303	r	8492	[[-1069,96,7,-8,5,4,1,-2,6,11,-8,7,-8,3,2,-1,-2,1]]
3042287	r	67	[[-53,989,2,0,1,1]]
2298890	n	3844	[[-41,134,1,-4,15,-2,1,4,-4,1,0,4,-4,2,-3,-1,-2,-3,-4,1]]
2306104	r	3131	[[-12,109,2,-1,15,7,-4,3,-7,0,-4,-1]]
2294877	n	1960	[[-21,188,1,-3,3,-2,3,2,2,3,-2,3,-3,2,-3,-2]]
2294915	n	1182	[[-40,99,1,-3,9,5,-3,2,-3,0,-3,-2]]
2302357	n	952	[[-30,102,1,-1,8,3,-5,3,-2,-2]]
2296606	n	1960	[[-38,124,1,-3,4,-2,3,2,1,3,-1,3,-3,2,-4,-2]]
2299522	n	2859	[[-14,121,4,-4,8,2,1,3,-1,3,-4,1,-6,-1]]
2300379	n	1838	[[5,132,1,-3,3,-2,4,2,1,3,-5,5,-3,-2]]
2294308	n	1960	[[-36,112,2,-3,3,-1,3,1,2,3,-2,3,-3,2,-3,-2]]
2300182	n	1333	[[-59,149,3,-2,4,7,-5,2]]
2295021	n	1685	[[-51,145,3,-3,4,1,2,2,-1,4,-5,2]]
2300372	n	1646	[[5,143,2,-3,4,-1,-1,0,2,2,1,5,-5,1]]
2300068	n	1815	[[-58,212,3,-6,3,1,2,2,0,4,-3,2,-3,0]]
2294727	n	1960	[[-43,152,1,-3,3,-2,3,2,2,3,-2,3,-3,1,-3,-1]]
2302821	n	1920	[[-22,216,2,-3,3,-2,3,2,2,3,-2,3,-3,1,-3,-1]]
2294206	n	1960	[[-55,201,2,-3,3,-1,3,1,2,3,-2,3,-3,2,-3,-2]]
2303287	n	1242	[[-9,220,1,-2,4,-1,3,1,1,4,-6,1]]
2294034	n	497	[[-17,107,1,-3,6,4,-2,1]]
2301217	r	6616	[[-35,145,3,-2,2,2,14,-2,0,9,-3,4,-4,3,-8,-5]]
2303125	n	1351	[[-56,147,2,-2,3,0,3,6,-4,3]]
2305677	n	401	[[19,122,2,-3,3,4,-4,2]]
2293801	n	1961	[[-5,189,2,-3,3,-2,3,2,1,3,-1,3,-3,1,-3,-1]]
2296564	n	1960	[[-24,119,1,-4,3,-1,3,1,2,4,-2,3,-3,1,-3,-1]]
2294962	n	1293	[[-19,111,2,-4,5,2,1,6,-5,0]]
2299625	n	1960	[[-39,161,1,-3,3,-1,4,1,1,3,-1,3,-4,2,-3,-2]]
2298264	n	1733	[[-33,141,1,-2,4,-2,3,1,2,3,-2,3,-5,1]]
2302002	n	1960	[[-41,182,1,-4,4,-1,3,1,1,4,-1,3,-3,1,-4,-1]]
2301424	n	1960	[[-1,161,1,-3,4,-1,3,1,1,3,-1,4,-3,1,-4,-1]]
2300749	n	1961	[[-55,136,1,-3,4,-2,3,2,1,3,-1,3,-3,2,-4,-2]]
2297661	n	1960	[[-12,211,1,-4,4,-1,3,1,1,4,-1,3,-3,1,-4,-1]]
2411585	r	93	[[-108,723,1,-2,1,2]]
3421319	n	764	[[-1043,1285,2,-1,4,1,5,3,-7,0],[-1035,1284,6,0,2,-1,-6,0,4,-1,4,0,1,2]]
2411989	n	2808	[[-337,267,2,-6,2,2,17,0,-2,3,-6,-1,-1,2,-5,0,-1,2,-3,1],[-331,272,1,-5,4,0,-1,5]]
2422465	r	524	[[-275,190,3,1,2,-1,1,8]]
2416969	r	2577	[[-182,155,2,-4,4,-1,1,0,1,4,3,-1,0,2,-2,4,-3,2,-4,-2]]
2419992	r	69544	[[-218,217,4,-2,5,-5,3,1,2,-2,1,2,1,-3,-3,-2,1,-2,-3,-4,-1,-8,2,0,4,2,6,-3,4,1,-2,-6,3,-2,-1,-2,3,-2,6,-3,7,2,2,2,1,7,15,-1,1,1,-4,0,-2,3,1,6,-1,2,4,6,-3,4,-3,-1,-2,4,1,8,-4,1,-3,-2,2,5,4,2,-1,1,1,1,-5,2,-2,3,-3,0,2,7,-3,1,0,3,-2,0,1,2,-2,3,-6,1,-1,-1,2,-2,-1,-2,-6,-1,-1,-3,-7,2,-3,-1,1,-4,-2,-7,5,-3,-3,-1,-2,1,-2,-1,1,1,-3,-2,1,-4,-6,2]]
2417786	n	330	[[-271,193,1,-2,3,3,-1,0,2,4,-1,1]]
2419533	r	25684	[[-280,215,1,-1,1,1,5,-1,4,2,0,-2,2,-1,-4,-7,-4,0,-4,-3,6,-3,-2,-5,3,1,1,-2,2,4,1,0,-1,-3,2,4,1,-1,-2,-4,1,0,-1,0,-2,-4,1,-2,0,-3,2,1,1,-5,2,1,2,-1,3,3,0,2,3,0,6,11,6,2,2,-2,0,5,-3,3,-3,0,0,4,-2,4,-4,-4,-2,2,-3,-1,0,8,3,3,-2,4,-7,-2,-1,4,-10,-1,0,-7]]
2415703	n	1960	[[-188,228,1,-3,4,-1,3,1,1,3,-1,4,-3,1,-4,-1]]
2419472	n	1960	[[-207,184,2,-3,3,-2,3,2,2,3,-2,3,-3,1,-3,-1]]
2416402	n	908	[[-296,215,1,-1,2,2,-1,-3,3,3,-2,1],[-293,210,2,0,0,-1,3,2,-3,5]]
2418362	r	22828	[[-260,225,4,-3,3,5,3,-1,1,-4,3,2,1,-1,5,3,3,-2,0,-3,2,-1,12,9,1,2,-2,1,2,2,1,4,-2,1,0,3,-2,-2,-5,3,1,5,2,0,-2,1,-6,-1,-6,1,-6,-3,-3,2,-6,-3,-1,-4,2,-3,-1,-4,2,-3]]
2420562	r	4208	[[-215,166,4,0,3,4,5,1,1,-2,2,0,2,1,-1,3,1,3,-2,0,-1,2,-3,0,-3,3,-3,-1,0,2,-1,-1,-1,-5,2,-3]]
2417833	r	16406	[[-259,212,0,-2,3,1,2,-2,4,4,2,-4,0,-4,3,0,3,-3,0,-5,4,1,0,2,9,0,0,6,-2,4,2,5,-3,1,0,2,4,3,1,2,-2,2,-6,-5,-2,1,0,3,-3,2,-2,0,-3,-3,-1,1,-3,-2,-1,4,-3,1,-3,-7,-3,-2,1,-4]]
2421273	r	38735	[[-232,218,0,-2,3,-2,-2,-3,2,-5,-1,-6,6,-1,7,-11,4,-2,-2,-4,5,0,0,-2,3,1,1,-2,5,-1,1,-2,7,1,1,-3,8,-3,6,2,-1,2,5,4,0,1,-9,-3,-6,3,-3,2,1,2,-3,2,2,6,-4,-1,-6,3,-4,-2,-2,0,1,8,3,4,-1,2,2,1,1,3,-1,1,-1,-2,-2,2,-3,-1,-5,5,-4,2,4,7,6,-2,-1,4,3,2,-1,-1,2,1,2,-1,3,1,-5,3,2,7,-1,4,2,2,-5,1,-3,-2,-3,-5,-2,1,-1,3,-2,2,-3,0,-2,-3,0,-2,2,-1,-3,-6,2,-1,-1,-2,-4,-4,-2,0,2,-3]]
2417988	r	8813	[[-199,173,1,-3,3,1,1,-2,1,0,-1,-1,4,-1,-1,-3,4,-9,7,7,2,5,9,7,-4,10,-1,-5,-5,-4,1,-2,-4,-1,-10,2,-1,3,-5,-1]]
2420884	n	1011	[[-276,207,0,-2,5,1,1,3,2,1,-5,2]]
2422924	r	30917	[[-302,217,3,-2,3,3,0,-4,4,-2,2,6,-4,-5,1,3,-2,-2,-1,1,6,5,6,-5,-6,-6,-3,0,4,-2,0,-3,2,0,12,-8,2,4,-6,3,3,2,0,5,4,2,4,-2,1,3,-2,1,0,2,-4,-2,-5,1,-1,-1,-1,1,2,3,-2,3,0,3,3,2,6,2,5,-1,1,-4,5,1,2,4,4,3,-2,3,1,4,-2,3,1,4,4,3,-3,1,-3,2,-1,-1,-2,0,0,3,-13,1,1,-8,-6,-2,5,-4,0,-6,-3,1,0,-2,-5,0,-3,1,-5,-4,-4,0]]
13562381	n	1119	[[-292,217,1,-1,1,2,-1,-2,3,-5,4,4,-6,5]]
2416085	n	809	[[-280,222,2,-4,2,1,1,4,-2,2,2,1,-3,-1]]
3578959	r	978	[[-1236,325,5,-4,0,4],[-1231,326,3,-2,5,1,-4,2,-2,3]]
3579767	n	275	[[-1236,325,5,0,-4,2]]
3578978	r	46	[[-1230,324,1,0,0,1,-1,0]]
3579732	r	260	[[-1235,323,1,-4,3,2]]
2310046	r	4976	[[190,29,7,-2,6,4,2,6,-2,6,-6,1,-1,3,0,-8,-4,-6,3,-1,-3,0]]
2309527	n	749	[[172,72,5,-1,2,3,-5,1]]
2309332	r	4180	[[214,43,4,-9,9,-4,0,5,1,3,-1,1,0,4]]
264371	r	2649	[[466,760,6,1,-1,-1,3,-1,5,-5,2,0,-1,8,2,1,-3,3,-9,-1],[468,758,3,1,-2,1,1,-1],[468,755,2,-1,1,1]]
734077	r	2640	[[451,813,2,-3,6,3,1,-2,-4,-1,4,-3,5,2,1,5,-4,4,-4,1,-5,-2]]
255683	n	1386	[[429,764,2,-3,5,0,3,1,1,3,-3,2,-5,-4],[429,766,10,2,-6,1]]
258576	n	1960	[[443,793,1,-4,4,-1,5,1,1,4,-1,3,-5,1,-4,-1]]
261745	n	1171	[[497,707,2,-4,4,-1,4,1,1,3,-6,1,-3,1,-1,0]]
251833	r	2628	[[450,785,9,-6,2,2,-2,-1,1,1,-4,4,3,2,4,-1,1,-2,-3,-2,6,2,-10,11],[460,778,7,2,-4,0]]
261779	r	5985	[[407,796,1,-7,9,-4,8,3,2,8,-4,4,-6,1,-6,-1]]
252664	r	6030	[[425,786,4,-3,6,-2,8,4,-2,13,-14,0]]
260133	r	4603	[[460,769,2,-5,2,0,13,2,-3,1,-2,2,9,-2,3,1,0,2,-1,3,-11,2,-3,4,-5,-2,8,-6,0,-1,-5,0,-1,3,-4,0,-1,1]]
734330	r	5657	[[459,823,10,-9,4,-2,2,1,-1,1,1,1,3,0,4,12,-4,2,-6,-2,-7,1,-1,-2,-4,1]]
400666	r	1702	[[544,736,3,1,-2,1],[546,729,3,-1,-2,2],[554,723,1,-1,0,-4,2,0,2,3,3,0,3,8,-7,-2],[555,732,2,-1,1,1]]
261604	r	4252	[[432,741,2,-2,0,-3,3,-1,2,1,0,4,4,0,0,-2,4,-4,4,3,2,4,-1,2,-15,5,-3,-3]]
735861	r	4437	[[478,815,4,0,8,4,3,-2,3,0,3,2,-2,5,-7,3,-7,-1,-2,0],[490,813,3,-2,3,1,0,3,-3,1]]
260114	r	2496	[[471,708,3,-3,12,-1,4,4,-5,-1,0,3,-4,0,3,0,-1,2,-2,-2,-5,1,-1,3,-1,-4,-2,0,0,2]]
735914	r	3032	[[442,804,1,-4,11,-1,-3,4,2,4,-1,2,1,1,-9,5]]
736928	r	3087	[[509,810,2,-2,3,1,-2,1],[511,817,8,0,2,-2,2,0,4,4,-1,6,3,1,-6,2,-4,-2]]
258620	r	7244	[[435,778,1,-3,12,-7,0,1,2,-1,6,1,5,6,-10,2,8,2,-9,6,-7,0,-7,-4],[457,777,5,0,-2,1]]
735640	r	3077	[[496,827,3,-8,4,1,0,-1,8,-2,8,9,-14,-1,-7,3]]
2463679	n	590	[[393,794,5,-5,4,0,-3,0,0,4,-2,0,2,3,-4,0],[400,794,4,-2,-1,-1,1,0,0,2]]
735563	r	7427	[[423,806,0,-4,4,-3,14,-1,2,2,1,14,-7,2,-7,-1,-5,-3]]
256866	r	1514	[[519,783,3,-1,3,2,1,0,-4,-2,1,-1,5,-2,4,1,-5,8,-7,-2]]
252601	r	8189	[[433,750,24,-9,1,3,-3,7,5,-2,2,1,-4,8,-9,4,-15,-8]]
3426466	n	1168	[[-738,-1086,2,-2,4,-2,5,0,4,3,-5,2,1,-2,-3,0,0,2,-4,-1,4,2,-4,1,1,1,-3,-1]]
3598132	r	2811	[[-1816,299,3,-7,9,-2,-2,8,-2,-1,-7,5]]
3587902	r	1633	[[-1818,290,7,-6,6,5,-9,4]]
3598119	r	9831	[[-1820,321,1,-10,4,-7,15,3,1,16,-10,3,0,-4]]
3590979	r	1517	[[-1835,296,3,-2,4,0,-1,4,2,5,-4,0]]
3595237	r	1614	[[-1804,294,2,-6,8,3,-2,5]]
3595803	r	1943	[[-1820,278,9,1,0,5,-7,5,-1,-1,1,-1]]
3595069	r	2640	[[-1802,288,1,-10,11,7,-2,2,2,1,-4,3]]
3598655	r	1452	[[-1827,294,4,-2,2,4,5,3,0,4,-9,-4,1,-1]]
3589289	r	2469	[[-1828,282,3,-3,5,-1,2,9,-1,1,1,1,-4,1]]
3598465	r	2657	[[-1796,296,2,-5,4,-3,3,1,4,5,-2,3,-11,1]]
3598122	r	1272	[[-1845,291,7,-1,4,4,-4,3]]
3588258	r	504	[[-1829,298,1,-4,4,4,-2,4]]
3591062	r	4576	[[-1784,316,3,-9,3,-3,13,10,-7,5,2,-2,-1,0,-1,-3,-6,4,-6,0]]
3598572	r	625	[[-1819,290,5,3,-2,6,-2,-2]]
3592753	r	1263	[[-1844,305,3,-4,-2,-1,-1,-8,6,5,-4,9]]
3590858	r	2065	[[-1843,290,11,-8,0,12,-2,0,-4,-4,-3,1]]
3595416	r	3491	[[-1837,309,6,-6,4,0,5,5,-2,4,-5,2,-5,-1]]
3589404	r	1567	[[-1827,303,2,-4,9,3,-3,4,-4,1]]
3592609	r	1117	[[-1832,284,4,0,-1,10,-3,0]]
3591676	r	6532	[[-1800,307,3,-5,4,0,10,4,1,3,-4,7,-8,2,-5,-2]]
3590616	r	2556	[[-1815,304,0,-2,8,-5,8,7,-1,3]]
3598678	r	1169	[[-1829,294,1,-11,6,7,-5,4]]
3587587	r	2588	[[-1797,302,1,-4,5,-1,6,0,3,5,-2,4]]
3598025	r	1542	[[-1841,305,2,-3,6,-2,2,3,-5,5]]
3591512	r	776	[[-1823,292,1,-2,3,0,1,7,-3,-1]]
3589805	r	578	[[-1839,302,1,-5,3,-1,2,4]]
3597804	r	2478	[[-1811,280,5,-2,4,1,0,9,-2,2,-7,-5]]
3596421	r	1774	[[-1806,298,2,-4,8,2,-1,6,-2,2]]
3595725	r	32079	[[-1824,342,9,-7,2,-5,5,-2,-1,-2,10,-3,12,2,3,3,1,28,-34,0,-3,-3,0,-8,-4,0]]
4043909	n	561	[[2892,269,1,-3,2,-1,4,7,-2,1]]
2374775	n	1360	[[-317,238,0,-2,1,2,1,-1,-2,-2,9,4,-5,3,-3,-2,2,0,-2,0],[-311,235,2,-1,2,4]]
2372532	n	1959	[[-289,246,1,-4,4,-1,3,1,1,4,-1,3,-3,1,-4,-1]]
2375254	n	1959	[[-298,243,2,-3,3,-1,3,1,1,3,-1,4,-3,1,-3,-1]]
3378644	r	1782	[[-1169,136,1,-3,4,-3,4,1,2,3,-8,4]]
3377408	r	4904	[[-1173,120,2,-5,5,-2,5,2,2,5,-2,5,-5,2,-5,-2]]
3376762	r	2339	[[-1156,125,1,-4,4,-2,4,1,2,4,-4,3,-2,-2,-2,5]]
1819729	r	2753	[[2276,444,2,-1,12,0,-1,8,-9,-1,-3,-1]]
3600949	r	3707	[[-1751,281,3,-4,5,-2,4,3,1,5,-2,4,-5,1,-3,-2]]
3601782	r	3949	[[-1773,308,15,-4,2,1,2,5,-2,4,-3,1,-3,-3,-6,-1],[-1755,314,3,-4,4,5]]
3612907	r	6322	[[-1738,274,3,-3,0,4,8,0,7,6,4,-4,0,3,-6,4,-2,3,-5,-1,-8,6]]
3608248	r	1202	[[-1741,315,1,-3,4,-1,7,5]]
3600026	n	1316	[[-1769,310,7,2,3,3,4,-1,1,4,-5,-1,0,-1,-5,3,-1,-5]]
3613974	r	15101	[[-1726,302,5,-7,2,0,-1,-1,1,-2,-1,-3,4,-2,-2,-4,4,1,2,-4,4,2,1,3,3,0,1,6,2,0,0,2,3,3,2,0,1,-1,0,6,-2,7,-26,-3]]
3601311	r	2517	[[-1765,290,2,-5,6,3,0,2,2,0,0,1,5,6,-11,-2]]
3604251	r	4769	[[-1743,309,1,-2,4,1,5,-8,10,5,-4,10,-2,1,-6,-5,-5,0]]
3600704	r	5870	[[-1727,315,4,-10,10,1,3,5,0,6,-4,3,-6,1,2,-1,-1,-1]]
3601627	r	2310	[[-1762,304,1,-9,12,2,-1,3,-8,5]]
3613528	n	1953	[[-1748,266,1,-3,3,-1,4,1,1,3,-1,3,-4,2,-3,-2]]
3601787	n	1448	[[-1782,292,1,-3,3,-1,4,1,1,3,-7,4]]
3613321	r	5367	[[-1762,286,3,-6,7,-2,9,13,-1,1,-5,5,-6,-6,0,-1,-2,0,0,-2]]
3611150	r	2256	[[-1758,304,8,-4,1,3,-2,1,2,1,-2,3,1,2,1,1,1,-2,2,3,-2,3,-4,-5,-3,4,1,-5]]
3608503	r	6494	[[-1737,292,8,-6,5,1,2,-3,4,-3,4,3,-4,-1,2,4,-4,2,1,3,-1,2,1,1,-2,0,-5,7,-7,-2]]
3601494	r	3399	[[-1784,298,15,-8,1,1,-4,12,-7,0]]
3600195	r	6852	[[-1751,304,2,-1,0,-6,7,-5,5,0,4,8,-5,8,-4,-1,-1,2,2,1,-5,2,-2,-3,-1,2,-1,-1,-1,-2,2,-3]]
3601691	r	3745	[[-1772,303,4,-12,3,-1,4,5,-1,9,-6,2]]
3186886	r	3066	[[310,916,9,-6,10,6,-1,3,-13,5,-3,-1,2,-2,0,-4]]
3190261	r	1948	[[321,870,8,1,-1,-1,8,-2,1,2,-3,5,-6,1,-2,0],[328,867,5,-2,3,2,-7,1]]
3191648	r	2410	[[280,907,4,-5,3,5,4,-1,4,-3,2,4,0,2,-6,4,-4,-3,-6,0],[286,903,2,-2,-1,2],[289,902,2,-1,3,1,-3,3]]
3193935	r	2435	[[365,911,2,-4,5,-2,7,6,-1,0,1,2,-2,4,-5,0,-5,-2]]
3186952	n	935	[[302,885,7,-6,1,2,-1,4,-4,2,1,-2]]
3192224	r	1205	[[272,903,3,0,-3,-2,6,-6,0,2,2,-1,1,5,0,-2,2,1,0,2,-3,2]]
3190586	r	1408	[[355,903,2,-2,3,2,9,-1,0,1,-2,4,-6,2]]
3345300	r	2842	[[303,909,3,-4,6,-1,6,2,1,4,-9,6,-5,-2,2,-1,-2,-1,2,-2]]
3188383	r	2185	[[319,926,2,-4,7,-2,7,8,-8,3,-2,-1,1,-2,-5,0]]
3190941	n	1284	[[312,877,7,-3,0,-4,5,4,-1,3,-3,2,-5,0]]
3190813	r	2658	[[320,909,2,-3,6,-2,5,2,2,3,-2,4,-5,2,-8,-4]]
3201047	r	270	[[362,853,1,0,0,1,-1,0]]
3203982	r	3030	[[328,919,1,-3,8,-5,7,2,3,5,-2,3]]
3197728	r	1310	[[329,920,16,1,-10,7]]
3187047	r	1529	[[372,905,3,-3,4,-1,3,0,-1,2,1,1,5,-1,1,2,-8,2,0,3,2,0,-2,1]]
3190589	r	2904	[[344,907,1,-3,3,-1,7,0,7,7,-4,3,-6,0,-5,-2]]
3718426	n	3567	[[-1453,378,6,-4,0,-7,2,-2,5,0,1,1,-2,2,3,2,-2,2,3,0,-1,4,-4,2,-4,-2,-1,2,-2,2]]
6201369	r	695	[[-1455,369,1,-2,7,1,-1,3,-5,0]]
3718420	r	2386	[[-1467,397,2,-4,2,-1,12,3,1,2,-6,2,-7,0],[-1459,401,6,-1,-3,2]]
3717588	r	933	[[-1461,378,2,-2,2,0],[-1456,381,3,-3,4,2,-5,6,-2,-1,2,-3]]
3726540	r	1077	[[-1454,386,5,-6,3,0,1,4,-2,1,-3,4]]
3723779	n	806	[[-1456,364,1,-1,9,2,-4,3,-4,-1]]
3728474	n	892	[[-1449,395,2,-3,4,-1,4,4,-6,1,-1,-2,-3,2]]
3728097	n	1185	[[-1480,364,2,-3,2,0,0,2,3,2,0,-1,3,1,-2,2,-3,1,-3,-1]]
3718962	n	695	[[-1460,365,4,-1,2,3,-1,2,-4,0]]
3723593	r	2109	[[-1490,369,3,-3,4,-1,8,6,-10,2,-3,-1]]
3717560	n	1347	[[-1450,389,3,-4,2,-1,-1,-1,4,4,-1,4,-4,1,-3,-1]]
3720824	n	860	[[-1467,369,3,-4,4,0,1,4]]
3724696	n	1113	[[-1458,391,4,-2,-1,-2,1,-1,-1,0,1,0,4,3,0,2,-4,3]]
3723841	n	1889	[[-1445,383,1,-3,4,-2,3,2,2,3,-2,3,-3,1]]
3054643	r	5067	[[371,948,4,-4,10,0,7,3,1,4,-1,3,-7,4,-7,0,-2,0,-1,-6]]
721472	r	4497	[[420,951,4,-7,10,-1,2,0,4,5,0,2,4,3,-21,3]]
715429	r	3660	[[392,925,0,-2,13,-1,8,1,1,2,-3,5,-8,3,-8,-3]]
717582	r	4596	[[406,965,12,-11,5,2,4,10,-5,3,-7,2,-5,-2]]
3046526	r	3134	[[355,921,4,-5,7,-1,5,2,3,4,-9,7]]
3052009	r	3128	[[343,954,2,-5,6,-2,8,1,2,7,-6,0,-8,5,-3,-3]]
716935	r	3854	[[424,959,2,-3,15,-2,4,5,-4,5,-7,2,-7,-3]]
3050434	r	3991	[[385,934,5,-3,6,0,5,2,3,3,-10,10,-2,-1,-5,-1]]
3044774	r	2080	[[361,948,5,-11,4,0,5,7,-4,4]]
3044310	r	2015	[[327,940,2,-1,12,3,0,4,-3,3,-9,-1,-1,-4,2,-1,-2,-3,2,0]]
715126	r	3618	[[395,945,8,-8,7,2,3,4,-2,5,-6,2,-7,-1]]
3044082	r	2247	[[359,948,12,0,5,8,-15,-1]]
3050616	r	3368	[[347,927,2,-4,6,-2,10,7,-3,4,-6,2,-6,-2]]
3045190	r	986	[[328,953,5,-1,1,-1,-1,-2,7,0,2,5,-2,3,2,-3,-6,0,-4,1]]
3042638	r	3075	[[328,937,3,-4,6,-2,6,2,2,4,-1,3,-4,2,-11,-3]]
722437	r	3903	[[412,934,3,-6,8,-1,3,1,0,4,4,2,1,3,-5,3,-7,0,-5,-2]]
3042929	r	3578	[[348,942,2,-4,4,-3,6,0,6,2,-5,11,-2,0,-8,-1]]
721239	r	2915	[[398,956,4,-3,5,-2,6,2,3,2,-9,10,-2,-1]]
3053438	r	2882	[[370,938,4,-4,8,0,4,2,1,6,-2,2,-10,0]]
3045643	r	2150	[[386,962,4,-5,8,-1,7,8,-2,1,-5,-3,-6,3]]
3044760	r	3626	[[365,928,9,-8,6,2,4,5,-3,4,-6,3,-7,-2]]
1642911	r	670	[[2134,-122,2,-5,2,0,1,5]]
1625822	r	2970	[[2250,-146,1,-7,4,2,2,5,-1,2,-3,0,-2,7],[2253,-141,1,-2,7,-1,2,6,-6,0]]
1649378	r	2022	[[2138,-128,1,2,2,-1,2,-3,2,5,6,2,-4,3,-5,-1,-1,3]]
1650357	r	3323	[[2146,-140,8,-5,3,4,2,0,-1,2,5,-2,1,2,-1,5,-6,2,-1,-4,-4,1,-1,-4]]
1214520	r	5038	[[1964,72,2,-5,10,-2,8,6,-8,4,-3,4,-7,-2]]
1645524	r	1304	[[2131,-129,9,-4,3,3,-4,4,-1,-2,-2,2]]
1625084	r	1893	[[2125,-124,2,-1,2,-5,4,3,0,2,2,0,-1,2,1,2,-10,2]]
1633070	r	6745	[[2086,-58,1,-2,6,-7,2,0,6,3,3,6,-3,6,-6,2,-4,-5,3,5,-5,-2]]
1627896	r	1447	[[2204,-143,9,0,1,3,-2,4,-2,-3,-5,1]]
1622786	r	5022	[[2387,-107,2,-5,3,2,1,4,-6,1],[2387,-105,13,-3,1,6,-8,10,-1,0,-2,-2,0,-4]]
8581443	r	187	[[2133,-127,2,0,0,2,-2,0]]
6295587	r	1404	[[2066,21,3,-1,-1,3],[2067,16,2,-3,0,3,-1,2],[2078,22,4,-2,1,3,-2,1],[2082,18,2,-2,1,1,-3,2],[2084,15,2,-1,-1,2],[2085,22,0,-1,1,1]]
1642548	r	1924	[[2208,-117,1,-1,1,3],[2212,-136,2,-4,6,3,-2,4,2,5,-7,-2]]
1631761	r	5936	[[2021,10,2,-5,6,-3,6,3,2,5,-1,5,-3,2,-12,-3]]
1624917	r	2913	[[2098,-109,2,-4,4,-2,0,3,1,3,5,-4,2,4,0,3,-12,2]]
1648473	r	2149	[[2128,-133,7,-6,5,6,-9,4]]
1633419	n	880	[[2005,-15,3,-6,-1,-2,2,0,2,3,-2,5]]
1636722	r	3715	[[2247,-159,0,-6,4,-2,3,1,2,3,1,0,1,1,-1,2,1,3,-5,4,-5,-1,1,-2,-1,1]]
1629001	r	5029	[[2335,-6,4,-2,-2,-4,3,-4,4,0,2,3,4,-3,1,2,-1,0,1,1,1,5,-3,-3,1,4,-1,2,-8,4]]
1624647	r	3249	[[2160,-152,5,-2,5,3,3,3,-2,1,1,3,-9,2]]
1627549	r	6061	[[2102,-132,2,0,0,-1,1,2],[2104,-135,1,-2,13,0,2,1,2,5,3,-1,3,1,1,2,-4,5,0,5,-1,-1,-4,2,-3,-4,-1,-8,-3,0,-3,-6,-3,3]]
1650527	r	2129	[[2327,-26,3,-7,1,3,4,3,1,2,-2,2],[2335,-22,1,-4,2,0,5,6,-5,-1,-1,1]]
1630789	r	2785	[[2182,-4,4,-3,4,2,2,4,-1,4,-4,2,-4,-1,3,-4,-3,0,1,-5]]
1626801	r	1366	[[2276,-156,5,1,2,-5,6,2,0,2,-8,4,-4,-2]]
1645528	r	3277	[[2297,-168,6,-5,1,-2,-2,-2,2,0,2,5,8,4,-5,5],[2309,-175,3,-1,1,1,-2,2]]
1650213	r	2424	[[2286,-66,1,2,-1,-4,3,-2,2,3,-1,-3,2,-3,4,11,-3,2,-4,-1]]
1642858	r	4490	[[2065,-32,2,-5,5,-2,5,2,2,5,-3,6,-8,0]]
1646448	r	694	[[2146,-140,5,1,0,4,-5,0]]
1625812	r	4099	[[2208,-150,3,-3,1,2,3,-1,1,-5,5,4,4,1,2,5,-3,3,-6,-2,-1,1,0,1,-2,-1,0,2,-1,-2,-1,1,0,-4,-4,0]]
2057087	r	2191	[[2466,-206,2,-1,0,2,2,2,-2,0],[2469,-207,7,0,3,1,0,4,-3,4,-3,2,-1,-5,3,-1,-4,-2]]
1636544	r	2372	[[2490,24,4,-3,5,0,2,14,-5,-4,1,-2,-6,-2,1,-2]]
1635882	r	1771	[[2317,-175,4,-2,5,1,1,8,-3,2,-3,-3,1,-6]]
2082600	r	6664	[[2802,-51,1,-5,4,-5,7,-2,5,1,1,10,-5,-1,0,3,-7,2,-1,-1,-4,3]]
1649150	r	3366	[[2040,-70,5,-3,1,-6,5,-3,3,7,-4,6,-6,1]]
1633034	r	6977	[[2388,-23,5,-4,6,-1,6,3,2,7,-2,0,-3,5,-1,4,-6,1,2,-9,-2,4,-4,-4]]
1621177	r	2309	[[2200,-158,8,-4,3,5,-3,7,1,0,-1,1,-7,-5]]
1626381	r	5018	[[2135,-139,1,-5,4,0,-4,-5,12,-1,2,5,-5,1,1,2,-1,1,2,4,-4,6]]
1640344	r	3250	[[2443,-80,2,-4,4,-3,5,1,3,4,-1,1,1,-2,-3,0,-1,3,-2,1,2,1,-7,4]]
1645133	r	11883	[[2011,31,33,-8,-2,5,-8,6,-2,-1,-4,2,-1,6,-6,5,-3,0,-2,-2,3,-7,-5,5],[2028,39,1,-4,3,-1,2,2,2,3,-3,4,-4,-2],[2040,32,2,-2,5,-2,0,3],[2044,26,1,-2,2,3,-3,1]]
1651531	r	1008	[[2558,-74,2,-1,4,2,-2,-3,3,1,2,4,-6,-1],[2568,-73,3,1,-1,1,-1,1]]
1646170	r	1301	[[2166,-132,2,-4,2,0,5,-4,2,0,0,4,-5,1,-1,5]]
1631766	r	1556	[[2189,-142,6,-2,2,2,0,4,-7,2]]
1633118	r	22685	[[2264,-33,10,-29,17,10,3,18,-5,5,-6,3,-7,0,-7,-2]]
1641134	r	1260	[[2142,-120,1,0,-1,1],[2143,-130,1,-2,7,4,2,4,-2,1,-6,-2]]
1640660	r	1430	[[2235,-157,6,-3,6,1,1,4,-4,2]]
1642588	r	3399	[[2266,-166,11,-5,4,8,-3,3,-3,-1,-2,2,-3,0,-1,-1,-2,-1]]
1624494	r	1523	[[2177,-138,5,-6,2,0,2,4,-1,3,-5,1,-1,-1,-1,1]]
1650217	r	3174	[[2292,-73,0,-2,5,-2,4,1,3,3,-3,2,0,5,-4,2,-1,0]]
1214204	r	3168	[[1975,59,2,-4,3,-2,4,1,3,2,0,6,-10,2]]
1215502	r	1744	[[1904,111,1,-3,-1,-2,2,-1,5,1,2,4,-1,2,-3,1]]
1646559	r	2696	[[2171,-146,3,-3,-2,-5,4,1,0,-2,5,-1,1,2,6,-1,-1,2,-9,4,1,2,-3,3,-4,1]]
1624725	r	1434	[[2345,66,0,-2,8,-3,-8,4,2,0,2,4,-4,1],[2346,70,4,0,-2,1],[2350,68,3,-3,0,4],[2356,71,2,-2,-1,3]]
1626916	r	2847	[[2177,17,1,-7,3,0,5,3,2,6,-3,2,-6,0,0,-3]]
1214369	r	4167	[[1979,28,2,-5,4,-2,5,2,2,5,-2,4,-5,2,-3,-1]]
1630634	r	1054	[[2260,-159,9,0,0,4,-3,-1,-5,2]]
1623502	r	12897	[[2400,10,4,-4,6,5,12,-3,11,2,3,12,-5,0,-2,4,-4,-1,-3,2,-6,0,0,-6,-3,-2,-1,-3,-5,1,0,3,-1,0,-1,-4,-4,-1]]
1637158	r	5771	[[2049,-66,3,-5,5,-3,6,3,2,5,-2,6,-6,2,-5,-2]]
1630328	n	2278	[[2180,-148,2,-4,5,-1,6,6,-1,2,-3,2,-5,-2,-1,1]]
1624863	r	1186	[[2085,21,4,0,-1,-2,2,-2,2,0,1,2,-1,6,-5,-1]]
1632654	r	2042	[[2116,-43,3,-5,7,0,-3,8,-6,0]]
1648637	r	1173	[[2499,21,6,9,-1,4,-3,1],[2503,28,2,0,1,3]]
1626542	r	2355	[[2618,-18,3,-6,0,5],[2623,-25,4,0,3,2,2,4,0,4,-8,-1,2,-2,-1,-4]]
1632033	r	895	[[2253,-153,6,-5,2,4,-6,3]]
1624041	r	3151	[[2542,-9,2,4,-2,-1],[2546,16,2,0,-1,1],[2547,13,2,0,0,2],[2548,21,2,0,0,-3,2,-1,-1,-6,2,0,2,2,0,3,-4,3,6,23,-5,-7]]
1650234	n	576	[[2145,-144,7,-2,1,1,-7,5]]
1643837	r	2299	[[2455,11,0,-1,6,0,4,-4,2,5,-2,4,-4,2,-4,-2]]
1636930	r	1888	[[2225,-152,1,-2,8,-2,0,8,-6,0]]
1214658	r	2752	[[1936,104,2,-5,5,-2,5,2,2,5,0,1,-5,-2,-8,3]]
1629131	r	1124	[[2203,-145,6,-5,0,2,4,0,0,4,1,0,-1,1,-3,-1,-6,0]]
1648186	r	2920	[[2342,3,2,-5,5,-3,2,4,-1,5,2,5,-6,0]]
1213547	r	1240	[[1994,54,4,0,2,2,0,3,-6,5]]
1638868	n	955	[[2396,-172,0,-2,4,0,2,3,0,3,-4,-1,-1,1]]
1633037	r	4192	[[2396,-60,3,-6,7,-1,3,2,-4,2,-1,4,6,4,-4,2,-4,0,-4,-2]]
1631648	r	928	[[2184,-143,0,-2,5,2,2,-2,-2,3,1,6,-5,-1,1,-3]]
1214724	r	3830	[[1952,89,2,-4,4,-3,4,1,3,2,-1,5,-4,1,-1,6,-5,-3]]
1635283	r	1981	[[2100,-102,1,-3,10,-1,1,4,-2,4]]
1630341	r	1018	[[2143,-131,3,-4,6,0,-1,7,-6,-4]]
1628884	n	1961	[[2255,-51,1,-3,3,-1,3,1,1,3,-1,4,-3,1,-3,-1]]
1648759	r	2317	[[2370,-165,4,-11,5,0,-4,1,0,1,5,-1,2,2,-2,7,-5,-1,-2,-4,0,5]]
1649541	r	2601	[[2446,-107,1,-1,2,2,-1,-1,1,-1,1,2,1,-3,2,2,-2,-3,2,-4,2,1,1,-1,2,3,0,2,2,1,-2,4,-3,1,1,-2,-3,-1,-1,3,-4,1]]
1648580	r	1479	[[2240,-166,7,0,0,7,-6,-1]]
1632353	r	2068	[[2389,-75,3,-6,1,1,-1,-7,3,0,3,11,-4,2]]
1621884	n	1365	[[2402,-91,2,-4,4,0,1,2,-1,7,-4,-1]]
13680164	n	1662	[[2330,-19,2,-5,2,1,1,3,3,-1,1,2,-2,3,-3,1,-3,-1]]
1623834	n	1942	[[2729,-92,1,-3,4,-2,3,2,1,3,-1,3,-3,1,-4,-1]]
1214882	n	1467	[[1988,60,2,-4,4,-1,0,9,-4,-1]]
1635111	r	764	[[2247,-149,1,0,0,-5,3,1,0,6,-4,0]]
1631905	r	2400	[[2008,-1,3,-6,3,-3,3,2,1,4,-2,4,-4,1]]
1630333	n	1360	[[2214,-142,1,-3,2,1,0,-1,1,-1,4,2,1,2,-1,3,-8,-1]]
1626444	r	1447	[[2151,-129,1,-6,4,-1,2,7,-5,1,-1,3]]
1215102	r	3105	[[1944,27,4,-8,4,-2,7,3,-11,10,-1,1]]
1649593	n	1926	[[2079,-83,1,-3,3,-1,4,1,1,3,-1,4,-4,1,-2,-1]]
1626932	r	733	[[2300,-163,4,-3,4,2,0,1,-5,2]]
1636308	r	12608	[[2662,-17,2,-9,4,-6,7,-4,7,-1,0,4,2,2,2,4,-5,8,2,2,-4,3,-11,0,-5,3],[2696,-21,2,-2,2,1,-2,3]]
1644409	r	3666	[[2148,-149,6,-4,5,-2,4,14,-5,2,1,-2,-2,0,-4,-5,-3,1]]
1636884	r	1095	[[2200,-152,3,-1,5,4,-5,4]]
1639900	r	856	[[2209,-151,2,-6,5,0,-1,2,1,2,-4,2,-1,-2]]
1642414	r	1658	[[2239,-148,1,-6,4,1,5,-3,-2,9]]
1637090	r	2136	[[2258,-168,3,2,5,0,1,5,2,1,1,1,-10,0,-2,-2]]
1643078	r	1316	[[2157,-131,4,-2,1,5,7,0,-2,3,-4,1,1,-2,-2,-1,-4,2,0,-5],[2168,-131,1,0,2,1]]
1639500	r	3887	[[2480,15,2,-5,4,-2,3,1,4,6,-2,5,-4,1,-7,-3]]
1647866	r	2675	[[2002,-6,5,-7,2,-1,3,3,1,2,-5,8,-4,-1]]
1650077	r	1913	[[2277,-171,8,-2,-7,5],[2278,-166,5,3,2,-3,2,-1,2,9,-3,0,-2,-4,-4,-1],[2286,-172,1,-2,0,-1,5,0,-2,3],[2289,-162,1,-3,1,2]]
1213500	r	1981	[[1978,66,0,-2,8,-2,3,5,-5,4]]
2082539	r	69570	[[2753,-168,1,-1,3,1,12,0,4,5,5,1,0,4,2,1,2,6,-8,4,-10,-2,-6,-7],[2771,-167,7,-1,0,2,-2,3,-2,0],[2771,-138,6,-5,4,-1,4,1,-1,-2,-11,1,4,-3,2,-3,3,-1,-2,-6,-2,-1,0,-4,-1,0,1,-4,6,4,3,-2,12,2,19,-20,2,-1,0,45,-2,1,-1,3,2,4,1,13,-46,-15,3,-2,-3,1,0,-2,10,-4,-5,2],[2772,-135,2,-2,2,0]]
1632998	n	733	[[2152,-125,1,-3,5,-1,1,4,-1,1]]
1639094	r	1434	[[2165,-142,7,-2,1,1,3,-1,-1,2,1,2,-5,2,-1,2,-2,0,0,-5]]
1631733	n	1367	[[2126,-140,5,0,-2,-4,1,0,3,0,2,3,-4,6,-3,-2]]
1632694	n	1892	[[2228,-54,1,-3,4,-1,2,3,1,-2,1,3,-1,4,-3,1,-4,-1]]
1631992	r	1665	[[2216,-139,6,0,3,2,1,3,-3,1,-2,4,-1,1,-2,-2,2,-7]]
6713355	r	5905	[[1948,59,4,-2,1,-9,2,-2,9,-2,-2,12,-3,9,-6,-1]]
1631393	r	6241	[[2076,-69,7,-6,6,-1,3,3,1,4,-6,9,-2,0,-6,-2]]
1624877	n	1035	[[2151,-58,3,-1,3,2,0,3,-1,3,-3,-1]]
1214073	n	1960	[[1992,42,1,-3,4,-2,3,2,1,3,-1,3,-3,2,-4,-2]]
1625929	r	7699	[[2019,-41,3,-7,6,-2,6,2,3,7,-3,6,-6,3,-6,-3]]
1625958	n	823	[[2118,-37,1,-3,4,0,1,2,-3,5]]
1634266	r	846	[[2290,-165,2,-3,5,0,-2,5,-3,1]]
1634614	n	1237	[[2706,-67,1,-3,3,-2,3,2,2,3,-2,3,-3,-3]]
1621395	r	2330	[[2192,-145,6,-10,3,4,2,6,-6,3]]
1627957	n	1337	[[2326,-174,2,-3,4,0,-2,1,4,6,-6,1]]
1632978	r	825	[[2267,-138,3,0,-3,-6,4,-1,2,2,-1,2,1,3]]
1213855	r	1856	[[1971,38,5,-4,-1,-3,-1,0,1,-1,5,2,1,3,-2,4,-4,1]]
1632334	r	1011	[[1998,-7,7,-8,2,1,-6,8]]
1623197	r	1170	[[2652,-112,1,-6,2,-1,1,3,-2,4],[2655,-113,1,0,0,2],[2657,-120,5,8,1,6]]
1650232	r	654	[[2295,-163,2,-5,6,2,-2,3]]
1635815	n	879	[[2440,-172,1,-4,7,1,1,3,-4,-1,-5,3]]
1621399	r	1378	[[2208,-162,7,-2,2,3,0,4,-6,0]]
1644932	r	4976	[[2418,-177,0,-2,3,0,6,1,1,2,4,0,1,-2,3,0,4,2,-1,2,2,5,-8,0,-3,-3,-9,4]]
1648451	r	1703	[[2235,-148,7,2,1,3,-8,5]]
1626887	r	5480	[[2222,1,3,-5,5,-2,5,2,3,5,-3,6,-5,2,-5,-2]]
1626099	r	2074	[[2272,-141,0,-2,5,0,1,2,4,1,-3,3,-6,-1,-1,0,1,0],[2285,-142,3,-1,-1,2],[2304,-138,2,-2,0,1,2,-1,-1,2,5,-1,-4,2,-3,0]]
1651103	n	1242	[[2493,-182,2,-3,3,-2,2,1,-1,2,2,0,1,2,0,2,-3,-1,-1,2]]
1640585	n	1679	[[2233,-162,2,-4,5,0,1,6,-6,3]]
1644178	n	1338	[[2278,-167,2,-4,3,-1,2,6,-3,3,-3,-2]]
1630798	r	2391	[[2225,-159,1,-6,4,-2,6,10,-10,3]]
1623180	r	992	[[2235,-138,8,-5,1,2,0,3,-4,2,-4,0]]
1636806	r	2230	[[2375,-56,0,-1,3,0,-1,-4,-2,-1,3,-8,2,-1,3,1,-2,8,1,2,-4,6]]
1214965	r	3091	[[1963,62,10,-6,2,2,1,5,-1,2,-2,1,-7,1]]
1626649	r	3150	[[2008,-14,5,-9,4,1,3,3,0,5,-3,4,-3,0]]
1636816	r	1374	[[2161,-133,3,-5,-2,-4,6,1,-1,9,-4,0,-1,1]]
1642726	n	773	[[2162,-129,1,-3,7,3,-8,1]]
1633308	r	6101	[[2056,-81,1,-5,4,-3,6,-1,5,3,-1,5,-8,10,-6,-3]]
1630238	n	1477	[[2450,-97,3,-4,2,2,0,6,-4,-1],[2455,-101,4,3,-2,5,0,-6]]
1648266	r	1577	[[2271,-159,4,-2,3,1,3,-3,4,2,-2,1,-2,5,-6,-1,-2,-3]]
1634131	r	1400	[[2234,-148,0,-8,7,2,-2,6]]
1624827	n	1958	[[2343,57,1,-3,3,-2,3,2,2,3,-2,3,-3,1,-3,-1]]
1633811	r	15696	[[2311,79,1,-2,0,-5,2,-4,5,3,-1,6,15,-1,2,-2,9,1,5,-1,1,2,7,-2,0,2,-9,6,4,1,-3,1,-4,3,-12,0,-2,1,-2,-2,-2,2,-4,0,-2,-2,-4,2],[2352,82,0,-2,3,0,0,2,-2,1],[2354,83,3,-2,2,0,-1,2]]
1622167	r	3083	[[2773,-82,2,-4,4,-2,4,2,2,4,-2,4,-4,2,-4,-2]]
1638775	r	3581	[[2063,-72,8,-10,6,11,-2,3,-5,1,-4,-2]]
1630935	n	1195	[[2382,-67,1,-3,3,1,4,-1,0,-2,1,2,0,4,-3,2,-3,-1]]
1214488	n	945	[[1919,86,7,-6,1,3,-2,3,-3,1]]
1634718	n	658	[[2283,-172,6,0,-2,5,-2,1]]
1626185	n	1368	[[2344,-170,1,-3,3,-1,3,0,2,3,-2,3,-2,0,0,-2,-5,2],[2350,-167,2,0,-2,1]]
1626921	n	1938	[[2396,-83,2,-3,3,-1,3,2,1,3,-2,3,-3,1,-3,-2]]
1638562	r	2085	[[2241,-147,1,-1,8,2,1,8,-8,0,1,-3]]
1621655	n	1155	[[2197,-141,6,-3,2,6,-1,1,-7,-1]]
13405902	n	1843	[[2182,27,1,-2,2,3,-2,-3,3,-2,3,1,1,3,-1,3,-3,2,-3,-2]]
1650600	n	1960	[[2021,21,2,-3,3,-1,3,1,1,3,-1,3,-3,2,-3,-2]]
1636507	n	1580	[[2067,-20,2,-4,2,-1,4,1,1,3,-6,5]]
1650064	n	1530	[[2303,-53,2,-2,3,-1,3,2,1,3,-3,4]]
1651461	n	1530	[[2301,-48,2,-5,6,6,-2,2,-2,1,-3,-2]]
1648918	n	646	[[2269,-155,3,-4,5,4,0,1]]
1625420	n	1350	[[2335,-177,2,-2,4,1,1,4,-2,3,-3,1,-2,-3,1,-3]]
1647179	n	1389	[[2227,-144,3,-3,4,0,1,7,-2,1]]
1645343	r	4581	[[2354,-165,12,-7,-1,-1,-6,-2,-1,-3,5,1,5,5,0,-5,6,1,-4,11,-4,-2,-3,4,-4,1,0,-3,-4,2]]
1631637	r	724	[[2178,23,1,-2,6,0,-2,4],[2180,24,3,1,-2,3]]
1628899	r	1233	[[2261,-144,7,0,-1,2,3,4,-8,0,1,-2]]
1624987	r	3165	[[2071,-82,1,-4,4,-1,7,12,-6,4]]
1624058	n	1627	[[2100,-98,2,-3,7,3,-1,4,-4,1,-3,-1]]
1645413	n	501	[[2684,-114,4,-2,-2,-2,1,-1,2,2,0,4]]
1648568	r	2692	[[2222,-139,3,-6,4,-2,-2,3,8,7,-1,2,-4,3,-4,-2,-1,-3]]
1643920	n	1303	[[2187,-153,2,-2,4,-1,2,4,-3,4]]
1213840	r	2588	[[1961,58,3,-8,4,0,3,2,1,5,-8,3]]
1628767	n	179	[[2252,-116,2,-1,1,1,-1,1]]
1651591	n	725	[[2574,-67,4,3,2,-1,-1,-2,4,0,-1,3,-4,2,-3,-2]]
1642692	n	1781	[[2218,-158,3,-4,5,2,0,5,-2,2,-3,0]]
2964574	r	3469	[[-138,1066,1,-4,4,-2,12,0,-1,6,-2,1,3,0,-3,2,2,2,-3,3,-5,-2,-2,-3,-4,1]]
2965140	r	3456	[[-180,1038,2,-4,4,-2,-1,1,4,-1,1,2,-1,0,5,1,-2,3,4,0,-1,-2,1,0,5,2,-3,5,-7,2,-8,-2]]
2962943	r	4650	[[-184,1053,1,-1,4,4,0,-2,4,-1,-9,-2,5,-3,7,-2,8,2,3,5,-3,5,-8,2,-9,-2]]
2964180	n	1571	[[-189,1065,10,0,-2,-1,3,0,-1,-1,-7,-1,5,-1,5,1,3,3,-3,4,-5,1,-5,-1]]
2960992	r	2150	[[-151,1045,1,-3,10,1,1,1,-1,2,1,-4,2,3,4,-1,0,1,-3,4,-6,2,-7,-2]]
281184	r	787	[[696,635,3,-3,4,3,2,-1,0,3,-1,1,0,-2,-4,1,1,1,-1,2]]
293397	r	514	[[695,640,5,0,0,6,-3,-1]]
294801	r	1313	[[698,653,5,0,6,6,0,3,-7,0,-1,-5,-2,0]]
293703	r	566	[[694,638,2,-3,4,5,-5,1]]
294071	r	511	[[696,645,4,1,1,3,-2,3]]
295629	r	249	[[692,635,2,-1,2,1,-2,3]]
295530	r	2836	[[689,625,2,-4,5,-2,5,2,2,4,-1,2,-4,0,0,2,-9,-1]]
295620	r	1279	[[688,628,10,1,1,3,-3,3,-4,0,-2,-3,1,-1]]
294098	r	1436	[[703,653,6,-4,2,2,1,4,-4,4]]
293286	r	504	[[699,652,2,-3,3,2,5,-2,-6,4]]
295277	r	1036	[[695,599,3,-9,3,10]]
8199394	n	1214	[[701,644,0,-3,4,-2,2,0,2,2,0,3,-3,2,-4,0]]
3042237	r	568	[[-96,1081,4,0,4,3,2,2,-1,2,-4,-1]]
1275339	n	269	[[1455,385,2,0,-1,-3,3,-1,0,4]]
1273294	r	3840	[[1532,571,2,-1,6,1,3,-3,4,2,3,-2,-2,5,-4,3,2,0,0,1,-2,1,-3,6,-4,-1,-1,-5]]
1277333	r	5626	[[1545,261,7,-6,4,-8,1,0,5,7,-1,3,-3,0,-1,1,2,6,-4,1,-5,5,-3,-2,-1,-4,2,-2]]
1269843	r	4468	[[1562,348,3,-3,-1,-4,6,-3,5,2,1,2,-4,12,-2,-2,-4,2]]
1279233	r	9725	[[1437,446,4,-1,1,-4,3,-1,3,11,2,1,1,-1,2,5,9,5,-6,9,-4,1,-3,-5,0,3,-8,0,0,1,-4,-2,1,-2,4,1,4,-6,-6,-3,2,-4,-2,0,4,-3,-2,-2,-3,2,0,-3,-1,0]]
1264527	r	1654	[[1600,261,1,0,0,-3,4,-3,2,14,-2,0,0,-3,-4,1,-1,-2,2,-1]]
1275004	r	5816	[[1757,449,2,-3,0,2,0,-2,5,-1,6,-5,2,1,1,3,0,-3,4,5,-4,2,0,5,-2,5,-8,1,-1,-4,5,-2,0,-2,-6,3]]
1255364	r	4704	[[1451,428,2,-1,-1,0,1,-6,7,1,6,-6,-1,3,2,6,2,0,0,3,5,0,-1,2,-11,0,-1,1,0,-1,-1,1,-2,-2,-3,0]]
1259229	r	13726	[[1467,375,4,3,0,-7,-4,0,1,-5,2,-1,1,-4,5,-1,4,3,4,-1,3,6,7,-2,-1,-5,4,-2,4,-1,2,1,-3,0,3,3,-1,0,0,2,-5,1,-2,5,-4,0,-1,4,-7,7,3,3,-5,1,-1,2,-4,1,0,-1,-5,-3,0,-4]]
1269515	r	4878	[[1507,538,2,-4,3,-2,5,-1,4,1,1,10,-3,0,0,3,-2,2,-6,0,-2,-4,2,-3]]
1267995	r	6483	[[1599,524,2,-4,5,-1,10,7,2,3,-6,7,-7,0,-6,-3]]
6619347	r	1145	[[1458,374,3,0,5,6,-6,4,0,-4,1,0,-2,-1,1,-3,0,-1,-1,2]]
1264733	r	6126	[[1612,536,6,-7,5,3,7,0,2,2,0,3,1,-1,-2,8,-4,2,-10,-2]]
1262180	r	2851	[[1575,423,2,-3,4,-2,2,3,5,0,1,4,-2,3,-4,1,-6,-3]]
1273865	r	3726	[[1533,219,4,-3,5,2,4,-2,-3,4,2,2,-2,2,-1,2,2,1,-2,5,-3,0,-4,-7,-1,0]]
1269743	r	3184	[[1510,454,0,-5,4,-2,4,1,2,3,2,0,1,2,-7,6,-3,0]]
1254661	r	793	[[1458,383,4,0,-3,3],[1459,386,3,-1,4,4,-2,2,-4,-1]]
1253573	r	4593	[[1457,443,1,-2,3,-1,-1,-2,2,1,-1,-1,3,-2,1,3,2,-1,5,3,1,4,-4,2,-2,4,1,5,-3,0,0,-3,-3,-3,-1,-4,-2,-1,-1,1,-1,-2,2,-1]]
1275841	r	5466	[[1537,464,3,-5,3,0,2,1,4,-4,7,5,0,3,-7,8,-5,-1,0,-2,-4,0]]
1258393	n	843	[[1663,359,3,-5,6,7,-7,-2,0,-1]]
1260086	r	5515	[[1694,505,2,0,-1,-1,3,2,5,-1,2,-5,5,9,3,-3,1,1,3,-1,2,2,-2,0,1,2,-2,1,-2,-1,1,-2,-3,2,-3,0,1,4,-1,3,-8,3,-2,-6,-3,-1]]
12165956	r	3887	[[1572,241,1,-4,1,0,-1,-4,3,1,0,-2,3,-6,4,6,6,1,0,2,-2,2,-2,0,-3,5]]
1264728	r	2085	[[1511,612,5,0,1,2,2,-3,3,0,-2,4,2,3,4,0,0,2,-3,0,0,3,-5,-1,1,-2,-7,0,2,-6]]
1261731	r	12681	[[1465,402,4,-2,-1,-3,2,-2,-2,-1,4,-3,4,3,3,-2,3,1,5,3,-2,3,8,0,1,5,2,1,3,-2,0,2,-2,1,-2,4,-2,-3,-1,-5,-6,-1,-2,4,2,4,0,4,3,2,4,0,-5,2,-9,0,0,-2,-3,-1,-1,1,-3,-3,-3,2,-1,-1,2,-2,-2,-3,0,-4,-2,0],[1495,414,1,-3,0,2]]
1264521	r	3389	[[1555,196,1,-2,11,0,2,3,-1,5,-2,2,-9,-2,1,-1]]
1254361	r	2408	[[1547,173,1,-3,9,-2,-1,4,1,4,-3,3,-3,0]]
1279259	r	2826	[[1555,541,7,-3,2,1,4,9,-1,2,-5,-2,-4,0,-3,-3]]
1271951	r	1834	[[1541,559,5,1,1,2,1,-2,4,2,-2,6,-3,2,-4,-2,2,-2,-3,-1]]
1258847	r	4402	[[1405,439,5,0,1,2,-4,0],[1409,449,3,-5,-1,-3,2,1,7,0,1,-4,-3,-3,2,0,4,5,1,-1,1,2,2,-1,2,1,-1,4,-1,-1,-1,2,-2,0,1,-3,-4,0,1,1,-3,4,2,0,1,3,-11,1,0,-1,-1,-1,1,0]]
1269300	n	2527	[[1718,456,3,-4,3,-1,4,2,1,4,-2,3,-3,1,-5,-2]]
1268295	n	1870	[[1462,385,0,-1,3,2,-1,-4,2,-2,5,1,0,4,-4,4,2,2,-1,1]]
1272423	r	105	[[1460,384,2,-2,0,3]]
1263214	r	3609	[[1546,577,4,-2,1,1,3,-1,1,-3,5,0,1,1,-1,4,2,1,0,7,-3,1,-4,-3,-5,0]]
1253133	r	5221	[[1453,397,2,-10,3,-1,2,4,3,0,3,4,4,1,-2,2,1,3,-4,3,-1,-2,-3,0,-3,4,-3,-2]]
1261162	n	4916	[[1643,390,3,-9,13,1,1,6,-5,5,-6,0]]
1255634	r	4639	[[1489,674,3,-2,16,13,-2,2,-8,5,-7,-11]]
1271308	r	1309	[[1544,576,4,-4,3,-7,4,7,0,2,-7,1,-2,2,0,-1]]
1272979	r	2350	[[1722,478,2,-3,6,-2,-2,-2,4,0,0,2,5,2,-3,5,-3,1,-4,0]]
1278149	n	3520	[[1500,397,2,-4,6,0,2,-4,2,1,1,10,-7,4,-3,-1,1,-2,-3,-1]]
1253405	r	3393	[[1653,505,3,0,0,-1,2,-5,2,3,6,0,1,4,-1,2,-3,2,0,4,-1,0,-8,-3]]
1278710	r	5174	[[1490,634,2,-5,-2,-4,1,-3,10,2,3,5,4,3,-9,5,-1,2,1,1,-1,1,-6,-3],[1499,623,1,-1,0,1]]
1253184	r	1912	[[1606,331,1,-2,4,-3,5,1,1,5,-5,3,-4,-1]]
1258526	r	6606	[[1697,462,2,-2,1,1,2,-4,10,4,1,-1,-2,-2,6,0,-1,4,2,1,-2,2,2,3,-8,4,-5,0,-1,2,-5,0,-1,-3,1,-6]]
1269633	r	3202	[[1593,463,2,-4,4,-1,4,1,2,4,-2,4,-4,2,-4,-2]]
1278994	r	5024	[[1628,509,3,-7,8,-1,3,1,2,10,-12,4]]
1253102	r	3094	[[1653,354,5,-6,8,6,-3,5,-3,2,-5,-2],[1665,360,3,0,-1,1]]
1268865	r	16333	[[1441,530,0,-3,4,-3,4,2,3,0,2,-4,-2,-2,4,-3,8,5,2,-2,2,3,3,-2,2,2,0,-2,3,1,0,4,1,3,-3,2,-2,6,-8,0,-2,2,-16,5,-3,-2,-2,-4,5,-7,-2,0,0,1]]
1270583	r	1928	[[1556,524,4,-5,9,4,-5,6]]
1254745	n	2424	[[1543,198,8,-3,3,1,2,4,-2,0,-2,5,-6,0]]
1270396	r	378	[[1761,454,4,-3,2,1]]
1258980	r	3189	[[1630,433,1,-8,2,-2,-1,-2,5,-2,7,9,-5,1,-1,3,-2,1,-3,-2]]
1254388	r	2649	[[1568,216,1,-4,4,2,0,-1,1,2,2,-2,1,1,0,3,1,-1,1,5,-4,2,-3,-1,-3,-2]]
1266049	r	5244	[[1505,500,1,-2,1,3],[1512,500,4,-3,0,-5,2,-1,3,0,0,4,2,1,0,-1,2,2,5,0,-2,3,-2,-1,-2,3,2,6,6,0,-3,6,2,3,-5,-3,-3,-7,-2,0,-1,-2,-4,0]]
1256436	n	1961	[[1513,353,2,-3,3,-1,4,1,1,3,-1,4,-4,1,-3,-1]]
1274746	r	2562	[[1529,616,2,-3,5,-1,0,-2,7,1,1,2,0,2,-7,6]]
1254348	r	2966	[[1541,209,1,-3,3,1,0,-2,2,0,-1,3,-2,-1,-2,3,0,2],[1542,226,1,-3,2,-1,-2,-2,2,-3,3,1,8,-1,0,4,-7,5],[1543,215,0,-2,1,3]]
1271476	r	4513	[[1827,524,2,-4,3,-3,9,2,2,5,-3,5,-5,2,-5,-2]]
1269920	n	1950	[[1498,307,1,-3,4,-2,3,2,1,3,-1,3,-3,2,-4,-2]]
1262321	n	2099	[[1529,242,1,-3,4,-1,4,4,-1,4,-4,2,-2,-1,-1,2]]
1257629	r	2497	[[1560,234,1,-5,3,-1,0,-1,5,-1,0,6,-2,0,1,6,-7,0]]
1270642	r	1288	[[1533,566,3,-2,3,3,4,-3,2,2,-2,0,-1,4,-2,1,-6,-1,1,-3]]
1275817	r	2178	[[1707,403,2,-5,2,0,-1,1,2,1,2,3,3,1,1,-2,4,0,-4,5,-4,1,-2,-2,-5,-1],[1721,407,2,-4,1,3]]
1268782	r	4534	[[1499,623,3,0,2,-3,8,-1,7,1,-1,2,3,3,-4,1,1,1,-2,0,0,2,-3,3,-3,1]]
12501153	n	2080	[[1522,208,6,-13,2,1,2,6,-3,4,1,1]]
1276014	n	85	[[1457,385,1,0,0,1,-1,0]]
1254163	r	3066	[[1535,174,9,-10,4,6,-9,9]]
1279017	r	3912	[[1550,562,1,-4,4,0,2,-7,3,1,0,3,5,-2,3,4,2,-1,2,4,-5,3,-8,-1,-2,2,-3,-2]]
1277013	r	3397	[[1578,565,1,-1,7,0,3,-5,4,3,2,5,-2,0,0,2,-3,3,-5,0,-4,-1]]
1262801	r	2638	[[1572,576,3,-3,6,-2,4,1,0,4,-2,5,-5,-1,1,3,-2,-2,-4,1,1,-3]]
1252948	n	1787	[[1587,360,5,-5,3,2,1,3,-2,4,-2,1,-4,-2]]
1272866	n	139	[[1455,379,1,-1,3,3,-3,1]]
1270927	r	4452	[[1661,532,1,-3,6,-1,4,6,-2,3,3,2,-1,4,-5,1,-6,-1]]
1270668	r	2082	[[1605,325,2,-4,6,-3,1,4,3,3,-1,2,-5,-1,-4,3]]
1259425	r	1057	[[1592,235,3,-3,4,12,-6,-3,0,-2,0,2,1,-6]]
1278718	r	4523	[[1548,416,9,-4,6,4,2,8,-3,4,-12,-8]]
1275665	r	27299	[[1437,559,1,-2,3,2,2,-1,-1,-4,5,0,-3,-5,-1,3,-2,0,2,-4,14,4,0,-3,3,-1,2,0,1,-2,2,1,2,-3,3,3,-5,2,0,5,6,1,3,-2,0,-3,2,0,2,1,-1,5,3,0,1,-2,4,2,2,8,-6,4,1,5,2,1,-1,2,-2,0,2,2,-2,2,-2,-2,0,2,-2,-1,-1,2,-9,-1,-6,-5,-6,1,-1,3,-7,-4,-4,-8,-5,-4]]
1273874	r	90	[[1525,197,1,0,0,1,-1,0]]
1275971	n	3829	[[1618,434,3,-7,3,0,-1,-3,1,-1,-1,-1,2,-4,3,2,0,-3,4,2,1,4,-2,2,0,4,-5,1,-1,6]]
1273780	r	4243	[[1697,411,6,-3,4,-1,0,-1,1,-1,4,1,2,2,4,-1,5,-6,0,3,-2,3,3,-1,2,6,-7,3,-10,-5,-7,2]]
1276032	r	4271	[[1430,430,2,-2,-1,-5,4,3,-3,3,0,4],[1432,433,2,1,7,-4,-4,-4,3,-3,2,1,4,9,-2,7,-6,3,-1,-2,0,-1,-3,-1]]
1257416	r	8174	[[1474,345,9,-7,-2,4,-6,4],[1485,347,1,-3,2,1,2,-3,-3,-5,3,0,4,-3,4,1,1,4,3,0,3,-2,1,2,8,0,-2,7,-4,-1,0,-1,-2,0,0,-1,-2,1,1,1,-5,-1,-1,2,2,3,-2,0,-1,4,-2,-4,-2,1,0,-2,-8,1],[1487,331,2,2,3,-2,2,2,-7,4]]
1269317	r	7286	[[1391,444,8,-5,-3,-4,4,1,1,-2,2,5,1,-1,3,3,4,-1,1,4,-3,5,3,1,-1,0,1,1,-1,0,2,6,-4,2,-6,-8,-2,0,-5,-3,-1,2,-4,-3]]
1269321	r	3813	[[1486,656,4,-1,4,2,-1,-5,2,-3,7,-1,2,3,-3,4,2,1,-4,3,0,-1,-5,6,-6,-3]]
1275362	r	3562	[[1712,477,1,-1,-1,-3,3,1,3,-4,-1,-4,7,3,2,-1,4,5,-6,2,-2,3,1,1,-2,1,-5,-2,-3,2]]
1261977	r	4956	[[1539,388,1,-5,1,-1,-1,-3,2,-2,3,-1,8,3,1,6,-3,4,-3,-2,-2,4,-6,-1]]
1265873	r	1774	[[1512,230,3,-3,2,-7,3,-1,1,3,-4,1,0,1,4,2,3,5,-7,-3,1,1,-2,4]]
1266285	r	6237	[[1472,325,6,2,0,-2,1,-1,-2,-2,5,-2,-1,-4,6,-1,2,6,-2,0,3,1,0,2,-3,1,0,3,-2,2,3,1,-1,6,7,-4,0,2,-4,2,-8,1,-3,-3,-2,0,0,-5]]
1261529	r	2599	[[1591,289,11,-4,2,2,0,4,-1,3,-11,0]]
1270752	r	11035	[[1521,346,8,-4,-1,-3,1,-2,-2,0,0,-2,6,-1,4,4,3,-2,1,3,8,-1,1,3,-2,3,2,5,4,1,-11,4,-3,0,-1,-2,-5,1,-3,2,-4,-3,0,-2,-1,-3,-1,1,-1,-2,-2,1]]
1279159	r	7343	[[1485,526,3,0,0,-2,4,0,0,-4,4,-3,5,0,1,-3,3,0,2,3,-2,1,2,2,0,3,-2,-1,-3,3,1,4,-2,5,-2,2,0,3,-2,1,-5,-6,-2,1,1,-4,-5,-2]]
1273313	r	4061	[[1551,610,5,-7,1,-1,2,3,2,-3,8,9,-4,3,-5,1,-5,-1]]
1272013	r	2498	[[1550,225,6,-4,4,5,3,0,-2,1,1,2,-1,2,-4,-1,-5,3]]
1272175	n	1348	[[1743,468,3,-2,3,1,2,3,-2,4,-2,1]]
1253894	n	187	[[1462,382,2,0,1,4,-3,-2]]
1256525	n	1951	[[1762,530,4,-1,2,3,2,-2,3,6,-3,3,-7,-2]]
1253914	r	2363	[[1509,463,3,-4,4,0,5,6,-2,3,-4,1]]
1275610	n	4774	[[1454,421,4,-6,0,-7,5,1,-7,-5,1,3,-1,0,-1,-4,4,1,-1,2,4,1,1,-1,-2,-3,2,1,2,-2,1,2,2,0,0,4,2,3,-2,2,2,3,-4,2,-1,-2,-5,6]]
1278314	n	3142	[[1732,473,2,-2,9,-3,4,7,-4,6,-2,0,-1,-3,-6,0,3,-3]]
1263780	n	1175	[[1495,261,1,-4,3,1,-2,-1,1,-4,2,1,1,7,-3,2]]
1276533	r	10892	[[1479,321,3,-4,-1,4],[1481,317,1,-4,1,0,6,-5,3,-1,3,1,2,4,4,2,1,-2,0,1,3,0,1,3,2,1,1,-1,0,6,-3,0,0,2,-3,2,-2,0,1,3,-2,0,0,2,2,-1,5,4,0,5,-3,-2,-2,2,-3,0,-1,-4,-4,-1,0,-2,-2,-1,-3,2,-1,-2,4,-1,0,-2,-2,-6,-3,-1,2,0,-1,-4,-1,1,0,-2,-2,-1]]
1257806	r	1560	[[1546,601,2,0,-1,-2,3,-3,2,2,2,-1,2,6,-4,4]]
1253286	r	1332	[[1575,254,2,-1,7,2,0,6,-4,0,0,-2,-4,-3]]
1264115	n	1734	[[1486,411,0,-2,7,-2,2,4,0,3,-4,2,-4,-2]]
1271439	r	3790	[[1686,489,4,-3,1,2,2,0,3,2,1,3,7,1,2,-4,2,1,-2,0,0,5,2,4,-4,1,-2,-1,-8,1,1,-2,-2,-1,1,-4,-3,-3,-3,0]]
1269407	r	3904	[[1506,423,3,-1,-3,-4,10,-5,5,9,-4,6,-2,0,-5,-5]]
1265491	r	3418	[[1555,319,1,-6,7,-2,7,7,-2,4,-7,0]]
1258662	n	3904	[[1578,383,8,-7,-2,-1,4,-4,4,0,4,3,1,3,2,0,0,4,-2,1,1,1,-4,1,1,-3,-2,-3,-8,2,-6,5],[1590,385,1,-1,3,0]]
1253986	r	10984	[[1460,489,2,1,0,-2,2,-1,-3,-3,4,-4,1,2,2,-1,0,-5,3,3,6,-1,7,5,0,5,3,-1,0,3,-3,-1,1,3,-3,3,1,3,-3,0,-1,-1,-2,1,-1,-3,-2,1,-1,-1,1,2,-3,1,-1,4,-3,-2]]
1260107	r	2731	[[1520,598,2,-1,0,-1,3,1,-5,3],[1520,607,3,0,8,-5,2,2,-2,1,4,2,1,5,-5,1,-3,-3,-6,1]]
1273368	n	2026	[[1513,287,7,-2,3,2,0,4,-2,2,-4,2,-1,-5,-3,-1]]
1279105	r	2542	[[1536,407,7,2,2,3,1,0,1,4,-4,2,-2,-1,-3,1]]
1266122	r	8346	[[1643,457,1,-4,-1,-6,5,-1,7,-12,5,8,-1,1,2,1,1,9,-7,4,-4,0,0,2,-4,1]]
1269006	r	6289	[[1562,507,1,-4,4,-1,4,2,2,-2,9,3,-1,6,-4,4,-1,-1,-3,4,-10,-5,2,-4]]
8629640	r	4071	[[1555,178,2,-2,-1,-4,1,-4,2,-2,4,4,1,9,5,3,-4,1,1,3,-3,1,-2,0,-3,-3,2,-4]]
1276509	r	4005	[[1527,300,3,-3,4,1,0,3,3,-3,6,0,0,7,-3,4,-3,-1,-3,2,-3,-2,1,-4,-3,1,1,-4]]
1276300	r	5875	[[1731,500,1,-2,5,0,9,-4,1,10,3,0,1,3,-9,2,-1,3,-6,0]]
1279290	n	1161	[[1823,473,3,-1,3,2,2,3,-2,3,-2,1,-2,-2,-1,-4,-1,0,1,-2]]
1268561	r	2947	[[1639,343,3,-6,-1,-2,3,-4,2,1,1,4,0,3,0,-2,-2,2,4,5,-5,5,-4,-2,3,-4,-2,2]]
1265014	r	3390	[[1524,368,2,0,3,-9,8,5,0,9,-8,-2,-3,0]]
1258932	n	2066	[[1631,341,6,-7,4,1,1,2,-5,7,-4,0]]
1272691	r	5542	[[1477,420,2,-3,12,0,2,-2,0,-1,3,-1,5,2,-4,6,2,3,-4,-1,-3,5,-2,1,0,-4,-7,0,-2,-2,1,-1,-2,1],[1495,431,3,1,4,-3,0,-4,-2,-1,4,4,-6,5,-3,-1]]
1258076	r	1703	[[1526,581,2,-5,4,-5,4,8,-3,2,-4,1]]
1279228	n	1960	[[1490,382,1,-3,4,-2,3,2,2,3,-2,3,-3,1,-4,-1]]
1259091	n	724	[[1530,180,1,-1,2,1,-2,-2,4,-4,1,3,-1,3,-1,1]]
1275637	r	8133	[[1626,446,18,-9,0,-2,10,-4,1,3,-7,12,-5,1,1,6,-8,1,-9,-5]]
1275960	r	10045	[[1480,508,2,-2,-2,0,1,-1,1,0,-1,-2,3,-2,4,3,3,-1,4,1,4,-2,3,1,2,-2,5,-1,0,5,-4,3,4,6,-1,1,-6,-1,-2,3,-6,1,-3,-1,-1,2,-2,-4,-1,1,-5,-2,0,-4]]
1275198	n	1623	[[1691,386,4,-4,6,5,-2,3,-4,1,-3,-2]]
1262330	r	3634	[[1697,525,2,-5,10,-3,4,1,2,5,-1,3,-2,2,-3,-3,-1,2,-4,1]]
1259239	r	2248	[[1522,445,2,-4,7,-1,2,5,-1,3,-4,2,-4,-2]]
1262332	r	3073	[[1549,589,1,0,0,-6,5,0,3,1,2,9,-1,1,-3,0,-2,3,-2,1,-2,-2]]
1273800	r	2012	[[1570,289,1,-3,7,-1,4,4,-6,5]]
1263364	r	1919	[[1547,551,6,-6,3,0,2,3,-3,8]]
1274693	n	2167	[[1582,397,2,-3,3,-2,3,2,2,3,-2,5,-3,1]]
1275701	r	10516	[[1507,338,2,-4,0,-6,4,1,13,-6,1,1,-1,3,1,2,2,0,-1,4,1,1,-2,3,2,0,-2,7,-2,-1,-4,4,-2,-1,-1,2,-2,-1,-3,3,-1,-2,1,-3,1,-6,-6,1]]
1256515	r	6829	[[1493,283,1,-4,4,-2,4,-8,2,2,4,0,8,10,0,2,-9,4,-3,6,-3,0,0,-3,-2,1,-2,-2,7,-3,1,-3,-1,-3,-5,-1,-2,2,-1,4,-1,0,0,-2]]
1278946	r	6944	[[1522,551,2,-4,-2,-3,2,-2,1,2,2,-3,5,3,1,-2,3,1,1,-2,0,4,1,-2,4,0,-1,2,3,2,-3,1,1,2,-3,6,-4,2,-6,0]]
1256728	n	2896	[[1588,555,5,-1,10,2,0,2,-2,3,-3,1,-1,3,-1,-2,-2,2,-1,-3,-4,-3]]
1268773	r	3922	[[1399,428,1,-2,4,4,6,-4,-1,-3,-4,-3,-5,5,5,-5,4,1,1,3,1,0,0,1,6,-3,-1,3,3,1,-2,2,2,0,-3,2,2,1,-2,2,-5,-1,-1,7,-1,0,-1,0,-1,-7,-2,-1,0,1,-2,0,-1,2,-1,-2,-2,0,2,-3]]
1254187	r	1920	[[1519,214,3,-6,9,0,-1,3,-5,3,-2,3]]
1261258	r	4733	[[1553,375,3,-6,4,0,0,-2,4,3,6,-1,3,5,-2,1,-1,4,-4,0,-1,1,-6,-3,-3,0]]
1254089	n	1949	[[1537,267,2,-3,3,-2,4,2,1,3,-2,3,-3,1,-3,-1]]
1260341	r	4315	[[1525,385,14,-7,0,12,-6,4,-5,-3]]
1270022	r	3733	[[1507,583,3,-3,0,-1,5,-3,10,5,-4,6,-6,2,-2,-1]]
1271885	r	2966	[[1564,538,2,-2,8,1,3,3,-3,6,-6,2,-4,-9,1,-1]]
1267708	r	1333	[[1533,591,9,0,1,5,-2,2,-7,-3]]
1277029	n	1882	[[1752,465,2,-3,5,-1,3,4,-1,3,-4,2,-3,-2]]
12165955	r	11029	[[1592,368,8,-14,3,1,7,7,5,0,1,3,-2,3,4,6,-6,6,-7,-3]]
1275716	n	1092	[[1706,502,1,-1,6,0,1,5,-4,2]]
1273491	r	1122	[[1714,527,1,-4,-1,-2,5,-2,2,6,-6,3]]
1260476	r	2161	[[1532,590,6,-6,5,1,0,1,4,-1,-2,4,1,4,-3,1,-1,-3]]
1254360	r	2319	[[1579,273,6,-5,7,4,-2,4,-5,2,-4,-1]]
1279186	r	13836	[[1840,473,5,1,2,-8,21,0,1,8,-3,7,3,-2,3,1,-5,5,-7,0,1,3,-3,0,-1,-3,-7,1,-9,-3]]
1272543	r	3808	[[1554,204,3,-2,11,3,0,5,-2,2,-8,2,-2,-2]]
1254649	r	1915	[[1577,216,1,-3,2,1,4,-2,3,4,-8,8,-1,-8]]
1267755	r	2578	[[1579,372,1,-6,1,1,2,-4,6,0,2,2,1,3,-2,0,-6,6,-4,0]]
1273066	r	1921	[[1516,459,6,-5,3,2,2,3,-2,4,-4,2]]
1276070	r	2382	[[1493,603,1,-4,4,0,2,-2,2,1,1,-2,1,1,0,2,2,1,-1,1,2,2,-4,-2,-2,7,-2,0,-5,-1,1,-3],[1500,610,1,-2,5,2,-3,2]]
1269395	r	5876	[[1512,389,12,-2,6,9,-11,7,-6,-3]]
1257022	r	3368	[[1610,491,3,-5,6,0,2,1,1,9,-4,2,-4,-1,-3,-2]]
1259166	r	3499	[[1740,519,2,-10,2,0,1,2,11,4,1,7,-3,0,-4,-3]]
1269771	n	1961	[[1874,496,1,-3,4,-1,3,1,2,3,-2,3,-3,2,-4,-2]]
1257845	n	1945	[[1570,477,1,-3,4,-2,3,2,2,3,-2,3,-3,1,-4,-1]]
12032137	r	3075	[[1670,537,3,-4,4,2,5,-5,2,2,4,1,-3,2,0,2,-4,1,0,4,-2,0,1,2,-3,2,-1,-1,-1,-4,-2,1,0,-3]]
1258315	n	1813	[[1694,448,0,-8,4,0,3,1,1,3,-1,3,-3,2]]
1278672	r	2922	[[1545,291,1,-3,12,5,-5,7,-8,-4]]
1258342	r	2105	[[1495,467,2,-4,3,-2,3,1,3,2,-2,5,-7,2]]
1258451	r	1503	[[1584,256,4,-1,0,-2,2,4,4,2,-3,0,-2,4,-4,0]]
1278483	r	1309	[[1688,516,0,-8,7,0,2,4]]
1271987	r	2409	[[1574,537,9,-8,5,7,-4,4,-7,0]]
1276128	r	4148	[[1539,543,3,-6,2,-1,3,0,0,-2,2,1,0,2,6,3,0,5,-3,0,0,2,-5,3,-5,0,-1,-2,3,-1,-3,-2,1,-2]]
1276609	r	2156	[[1716,506,9,0,2,7,-4,2,0,-2,-2,2,-5,-2,2,-3,-1,-2,2,0,0,-2]]
1271717	n	2141	[[1396,461,3,-3,4,1,0,1,4,-1,0,3,-2,3,-5,2,-2,-1]]
1263311	r	2778	[[1665,515,5,0,0,2,2,1,1,-3,3,0,4,5,-1,3,-4,2,-6,1,-3,-5,0,-2,2,0]]
1256320	r	6004	[[1494,553,4,-7,3,1,2,-1,-2,-2,5,-2,2,4,4,0,8,3,-1,3,3,4,-3,3,-5,-5,-6,-1,-5,7,0,-5,-5,-2,-3,2],[1497,563,5,0,-1,1]]
1271942	r	2804	[[1584,552,3,-8,6,-1,4,3,-4,8,-5,1]]
1278985	r	2290	[[1526,196,1,-10,6,-1,0,2,-4,0,9,4,-8,5,-2,-1,0,-2,-1,5,-1,0]]
1267480	r	1781	[[1744,511,2,-4,11,2,-1,6]]
1271685	r	9549	[[1453,578,4,-3,3,0,7,5,9,1,1,-2,2,1,1,-2,4,5,1,4,-2,0,-2,-4,-4,-1,-3,2,-1,4,3,2,3,1,-2,2,7,2,2,4,-8,0,1,5,-11,-5,-2,-8,-7,-10]]
1258182	r	2321	[[1621,488,3,-2,4,0,3,3,0,3,-3,3,-4,0,-2,-1]]
1255947	r	2411	[[1548,190,5,-2,0,-2,4,0,3,1,0,4,-1,0,3,3,-7,0,-1,2,-3,-1,-2,-2,1,-1]]
1267648	r	2910	[[1555,220,2,-3,1,-3,8,-2,2,8,-9,3]]
1259012	r	7892	[[1525,323,2,-1,-2,0,1,-4,3,0,1,-4,3,5,6,0,1,-2,-6,-5,2,-1,6,7,8,1,0,1,2,1,-1,11,-6,-2,0,-2,-5,3]]
1253993	n	1582	[[1529,228,2,-1,0,-2,3,-1,4,6,-5,3,-3,-2]]
1260716	r	10023	[[1456,516,5,-7,-2,-2,1,-1,-1,-1,1,-3,1,1,2,-1,-3,-4,3,-1,0,-2,4,3,1,4,4,2,7,13,2,1,-5,4,-3,-1,0,2,-2,-2,-3,2,-2,-3,-2,2]]
1253084	r	2093	[[1661,362,2,-3,4,2,1,-1,6,2,-2,5,-11,-3]]
1262292	n	1126	[[1453,453,4,-1,5,3,-2,3,-4,0,-3,-2]]
1262204	n	1257	[[1544,164,6,-2,3,1,-1,3,-3,2,-2,0]]
1262395	r	3057	[[1602,477,1,-4,5,-2,4,2,2,4,-2,4,-4,1,-5,-1]]
1268159	r	2219	[[1590,255,2,-4,3,0,1,2,3,0,-1,3,3,1,1,2,-2,2,-2,0,0,-2,-2,1,-6,-3]]
7279754	r	7669	[[1638,483,1,-3,4,0,0,-4,15,-3,-1,13,-3,4,2,2,-3,2,-4,0,-3,-2,1,-2]]
1262995	r	4253	[[1640,499,8,-6,11,4,-3,8,-9,-1,-2,1,1,-2,-4,-2]]
1266976	n	2136	[[1742,445,4,-3,4,1,1,3,-1,5,-3,2,-3,-1,-1,-4,2,0]]
1272051	r	1806	[[1618,332,7,-2,2,4,-3,8,-2,1]]
1252797	r	2587	[[1540,603,2,-4,5,0,1,2,-1,0,5,6,-1,6,-7,-3,-1,-5,-1,-1,-1,-2]]
1275738	r	5339	[[1534,354,5,-1,-5,3],[1538,362,6,-3,-1,-3,-2,-3,7,-1,3,3,-1,1,8,2,1,3,-1,3,-11,2,1,2,-2,1,-4,-6,-3,1]]
1262482	r	2099	[[1725,506,2,-3,4,-3,4,12,-8,1]]
1261927	r	4709	[[1563,311,1,-7,4,-2,6,1,3,5,-1,6,-5,3,-2,0]]
1275068	r	2596	[[1519,426,2,-4,7,0,2,4,-2,4,-4,2,-4,-2]]
1262775	n	1894	[[1412,458,1,-4,3,-2,4,1,2,3,-1,3,-3,2,-4,-1]]
1278685	r	2246	[[1447,448,4,3,-1,1],[1451,451,4,-4,0,-3,4,2,1,-1,2,5,2,2,0,4,-7,-4,-4,1]]
1261045	r	2257	[[1593,310,9,-4,3,7,-5,3,-6,-3]]
1269935	n	747	[[1524,303,5,-2,0,4,3,0,-3,2,-2,0]]
1273241	r	3866	[[1726,491,7,-4,9,-1,1,3,-1,6,-5,2,-4,0]]
1274353	r	2394	[[1687,517,1,-1,8,-3,1,1,2,0,2,6,-2,0,0,2,-4,1]]
1267031	r	3118	[[1521,433,1,-1,9,-2,3,4,0,5,-11,2,-1,-6,1,-1]]
1259184	r	3662	[[1703,390,0,-1,10,6,14,5,-9,2,-1,2,-3,-1,-2,-3,-2,-1,1,-2,-2,1,-4,-3,3,3,-5,-2,1,-2]]
1262771	r	1480	[[1555,528,3,-3,6,4,1,4,-2,1,-7,-4]]
1270576	r	2458	[[1642,501,4,2,-1,2,2,-1,6,1,2,6,-9,2,-2,-1]]
1275120	r	1195	[[1551,565,6,2,1,-2,2,2,0,4,-4,2,-2,-1]]
1275926	r	1969	[[1570,534,4,-8,4,1,3,3,-6,7]]
1267076	r	6025	[[1596,352,2,-8,3,-5,5,1,2,-4,4,0,0,2,-5,2,1,1,2,0,2,2,5,-2,1,2,-1,5,-3,-2,-4,0,-2,3,1,1,-4,1,-2,4]]
1257540	r	1325	[[1567,569,3,-3,5,7,-2,3,-5,0,1,-5]]
1275899	r	1792	[[1515,576,1,-7,1,3,8,2,1,2,2,0,-3,5]]
1278860	r	1830	[[1531,605,1,0,1,-2,8,-1,1,2,1,1,1,5,-2,1,-6,-1,-1,-3]]
1264637	r	1035	[[1618,325,4,-6,5,8,-1,1]]
1264389	r	3634	[[1439,472,2,-3,8,0,-1,-3,2,0,2,5,5,-1,-1,7,1,3,-1,2,-3,0,-1,-3,-6,-2,0,-5],[1443,462,3,-1,-2,3],[1447,462,2,2,-1,2]]
1264407	n	1867	[[1555,335,3,-4,5,1,1,3,-1,3,-3,1,-4,-1]]
1257542	r	2429	[[1674,432,4,-8,4,0,3,3,0,6]]
1259064	r	5282	[[1616,526,10,-11,4,1,3,7,0,8,-2,1,-8,0,-5,-3]]
1270351	r	4879	[[1558,600,2,-2,-1,-6,1,0,9,5,6,1,1,6,-2,4,-5,3,-5,-5,-1,-3]]
1279335	r	2003	[[1541,313,1,-6,9,3,-7,9,-2,-1,1,-5]]
1255560	n	1606	[[1484,550,3,-1,7,3,0,4,-5,2,-2,0,-1,-1,2,-3]]
1256052	r	2610	[[1493,587,4,1,2,-2,6,-1,1,6,-1,0,-2,2,2,2,-3,2,-8,-5]]
1277799	n	1960	[[1627,551,1,-3,4,-1,3,1,2,3,-2,4,-3,1,-4,-1]]
1267885	r	3139	[[1568,205,1,-8,9,-4,2,0,5,7,-4,-3,-3,4,1,1,-2,1,-1,1,-2,-1,-1,2]]
1270711	r	1874	[[1540,494,10,-5,1,6,-2,3,-4,1,-3,-2]]
1277820	n	1512	[[1760,484,4,-2,-1,-2,2,-2,5,3,-1,3,-3,3]]
12501195	r	1652	[[1471,329,3,-2,3,6,-5,-1],[1474,343,3,-2,-3,-4,1,-2,3,0,4,2,-5,6]]
1264621	r	3120	[[1563,275,2,-3,3,0,0,-4,10,4,-1,2,-8,4],[1567,267,4,-2,0,1,0,-2,5,4,-1,3]]
1256451	r	2576	[[1548,508,1,-3,4,-2,4,2,2,3,-2,4,-4,2,-4,-2]]
1255349	r	7771	[[1420,448,3,-6,3,1,-1,3,2,0,1,-2,5,4,6,0,0,3,2,-2,2,1,1,1,-4,3,2,0,-2,3,0,4,-2,1,2,3,-3,-1,0,4,2,0,1,2,-4,-2,-1,2,-4,0,3,-5,-1,-1,2,-1,-1,-1,-1,1,1,-4,-6,-4,-5,2,0,-3,-2,-3,2,-1,-1,-2]]
1261473	n	3162	[[1579,226,2,-2,8,1,1,4,4,3,-2,3,2,0,-1,3,-6,-2,2,-1,0,-2,-6,-1]]
1256287	r	7324	[[1851,488,6,-1,1,1,2,-1,5,4,2,7,-4,7,-5,2,-5,-1]]
1259312	r	2894	[[1565,294,5,-5,6,5,0,5,-4,3,-4,-1]]
1278708	r	1020	[[1567,580,1,-4,4,0,2,3,-1,4]]
1274304	r	2545	[[1573,441,2,-3,4,-2,4,2,1,3,-1,4,-4,1,-4,-1]]
1260137	r	6560	[[1502,648,5,-2,0,-2,2,-1,3,0,6,-4,6,2,1,2,0,4,-2,5,-10,5,-9,-6]]
1256237	r	3192	[[1537,623,6,-7,5,2,2,4,-1,4,-5,2,-5,-2]]
8740017	n	5065	[[1505,314,4,-2,-1,-3,0,-8,7,-2,3,2,0,7,-2,2,2,2,0,3,2,-2,1,2,-12,3,0,-2,-2,1]]
1253237	n	657	[[1405,420,7,-4,0,4,-2,2]]
1344377	r	2827	[[1754,443,6,-6,1,3,3,1,-1,2,-4,2,-4,0],[1760,445,4,-2,0,-9,2,0,-1,2,1,-2,2,1,2,5,-6,5],[1761,435,2,-1,0,3]]
1259009	r	2796	[[1756,515,1,-6,3,-3,4,0,6,5,-1,2,-7,4]]
1269723	n	1535	[[1758,500,1,-2,3,-2,0,2,4,-1,2,3,-1,3,-4,2,-4,-2]]
1269135	r	3588	[[1646,513,10,-2,6,3,-7,9,-5,0,-2,-2]]
1276100	r	5581	[[1450,439,1,-1,1,0,-2,-4,4,-1,-2,-1,2,-1,-1,-2,5,0,2,2,1,-1,0,1,1,-1,10,0,1,2,-8,7,-1,-3,-3,2,1,1,-2,-1,1,2,-3,1,-1,2,2,1,-2,1,-2,-2,-3,1]]
1269937	r	7910	[[1509,633,4,-1,3,-3,0,-2,2,0,-1,-1,7,-3,1,2,2,0,-2,1,9,8,2,4,-4,5,-14,-4,-6,3,-1,-1,0,-5]]
1268907	r	1955	[[1521,587,5,-6,3,1,3,8,-4,1]]
1265683	r	1684	[[1581,222,6,-6,3,1,2,2,-4,6,-5,-1]]
1271912	r	5493	[[1606,519,5,-2,-2,-1,5,-2,-1,-1,5,-5,6,2,3,4,-11,12]]
1254241	r	7599	[[1502,526,2,-4,3,1,0,-3,-2,-2,2,-1,0,-2,5,-1,5,4,1,-2,3,1,2,-2,1,2,2,-1,-2,1,1,3,-2,-1,-2,1,1,2,-2,0,0,2,3,2,0,5,-15,0,-1,-1,-1,1]]
1253952	r	4039	[[1492,279,3,-18,8,2,2,2,0,5,-1,1,-2,-2,-4,8,-5,3]]
1255969	r	2213	[[1606,554,3,-7,7,-2,1,6,-1,5,-3,1]]
1276321	n	1388	[[1510,274,3,-1,4,0,2,3,-1,4,-3,1]]
7279741	n	449	[[1455,404,7,6,-4,-2,0,2]]
1262951	r	2228	[[1498,614,2,-4,3,2,1,-2,4,1,-1,9,-6,1,1,-2,-3,-1]]
1258831	r	7853	[[1607,416,9,-9,9,11,-2,4,1,1,-1,1,1,3,-3,0,-3,8,-6,-11,-3,-1]]
1258109	n	1306	[[1561,259,2,-3,3,-1,4,2,0,3,-5,2]]
1275163	r	2576	[[1576,559,6,-6,6,2,1,4,-3,5,-7,0,0,-3]]
1274033	r	2039	[[1578,270,2,-8,4,-1,1,2,2,1,-2,4,-5,4]]
7284820	n	561	[[1784,536,2,-3,4,1,-3,3],[1789,536,3,-2,0,1]]
1276720	n	1139	[[1499,637,8,-4,2,3,-6,5]]
1261039	r	4018	[[1581,526,4,-3,1,-3,-2,-2,2,-3,14,3,-1,6,-10,2,2,1,-2,2,-2,-2,-4,2]]
1257804	r	3706	[[1725,515,7,-3,6,0,3,2,-1,5,3,0,-5,6,-5,-5,-4,1]]
1253200	r	2343	[[1550,471,3,-5,3,-1,4,2,2,4,0,1,-9,3]]
1270407	r	9956	[[1477,593,0,-1,2,0,-1,-5,2,1,2,-3,2,2,1,-1,-1,0,0,-3,-3,-3,2,-2,-2,-2,7,2,2,-2,5,0,2,3,6,-2,3,3,1,-2,2,2,0,-1,2,0,-3,2,0,4,-6,-1,-5,4,-4,-1,1,5,-2,3,-2,0,1,2,0,2,-5,0,-2,-4]]
1254657	r	1717	[[1531,601,3,-6,8,4,-2,4,-7,0]]
1270239	r	6018	[[1511,258,4,-7,4,1,3,-2,2,3,3,-1,0,4,1,1,2,-2,3,5,-6,5,-1,-3,-6,3,-4,0,-1,-1,0,-3,-2,0]]
8740322	n	1173	[[1583,580,2,-4,8,3,-7,5]]
1262067	r	6742	[[1572,330,6,1,6,-4,1,4,7,2,-4,1,-1,3,2,4,3,-1,-3,7,-2,1,-7,-2,-6,-7,0,-7]]
1270164	r	2959	[[1699,480,1,-3,9,-1,3,2,1,2,1,-1,1,2,0,1,-10,4,-5,-3]]
1277508	r	713	[[1771,503,7,0,2,3,-3,1,-1,3]]
1271976	n	4265	[[1631,533,3,-1,0,-1,11,-3,2,3,3,1,-2,1,1,9,-3,0,-8,-6,-6,1,-1,-1,1,-2]]
1259395	r	4023	[[1384,440,16,-15,-1,3,2,1,-2,3,4,1,-3,1,0,2,-4,-1,0,1,2,1,-1,4,-6,3]]
1277397	r	5711	[[1599,513,6,-3,-3,-3,4,1,0,-2,3,-2,-2,-2,5,-1,9,4,-8,8,1,1,-5,2,2,2,-10,2]]
1270079	r	4025	[[1543,281,1,-8,3,-2,11,5,-2,5,-9,3]]
1276634	r	4434	[[1476,523,0,-2,5,-3,-2,-2,0,-3,3,4,2,-1,0,-2,3,2,1,-1,2,4,1,-2,3,1,-2,2,1,4,-8,1,0,4,-8,0]]
1278667	r	6845	[[1492,672,4,-5,13,-1,4,4,2,6,-3,5,-5,3]]
1259005	r	9506	[[1654,431,7,-2,11,4,3,12,1,1,-1,1,0,5,-6,-1,-1,4,-5,0,-2,-11,-2,-1,1,-1]]
1256639	n	1793	[[1762,461,7,1,4,-1,2,4,-1,1,0,1,-12,0]]
1275812	n	1858	[[1389,465,1,-3,4,-1,2,0,2,5,-2,3,-3,1,-3,-2]]
1257086	r	2361	[[1674,493,6,-2,3,4,-2,10,-3,0]]
1275947	r	1391	[[1625,330,2,-3,3,0,4,6,-2,3,-5,-2]]
1275539	r	7909	[[1504,374,1,-1,14,-1,5,10,0,5,-12,2,-6,-3]]
1265859	n	871	[[1769,467,5,0,1,2,-4,3,-2,1]]
1274056	r	5601	[[1520,282,1,-2,0,-2,5,-6,3,0,2,2,-3,5,4,4,-3,6,4,2,4,-2,1,-3,-3,-3,2,-3,2,2,-1,1,3,1,-3,3,1,3,-2,-1,-2,3,2,7,-4,1,2,-4,-3,-4,-3,-3,-2,4,-2,-4,-2,0,0,-2],[1533,274,1,0,1,3]]
1272648	r	9955	[[1885,561,5,-14,2,-1,0,-3,2,2,3,-3,1,1,5,-2,0,2,3,1,1,-2,2,1,0,4,-4,1,1,5,-3,1,-1,12,-9,0]]
1279403	n	1203	[[1479,603,3,-4,6,1,-2,7]]
1254327	r	3034	[[1573,242,4,-2,5,2,2,-3,3,5,0,4,-8,3]]
1268593	r	1977	[[1523,596,5,-5,5,0,1,4,-3,6,-7,-3,1,-1]]
1277599	n	1550	[[1734,430,1,-3,3,-2,5,6,-2,3,-3,0,-3,-1]]
1271107	n	1233	[[1468,457,8,-5,1,2,-1,4,-2,2,-4,-1]]
1256523	n	2234	[[1833,512,0,-3,4,-2,3,1,2,3,0,4,-3,2,-5,-1]]
1258178	r	2312	[[1526,564,3,-6,6,0,0,4,2,3,-3,0,-1,2,2,1,-3,3,-5,-4]]
1276759	r	1409	[[1773,451,3,-4,4,0,-1,10,-2,0]]
1274337	r	10022	[[1580,489,0,-2,4,2,2,-1,-2,-1,-1,1,1,-2,-3,-1,2,-3,5,2,0,4,6,-1,1,1,2,-1,1,5,-1,0,5,4,-1,2,2,1,6,4,-3,3,0,2,-2,0,-7,-3,0,-3,-5,1,1,0,-4,3,-2,-1,0,2,-2,-2,2,0,-5,0,3,-12,-4,-1]]
1263834	r	2586	[[1495,481,3,-4,8,1,1,3,-1,4,-3,2,-7,-3]]
1260777	n	1337	[[1445,482,7,-2,1,5,-2,2,-3,1]]
1265242	r	3535	[[1610,561,1,-2,-1,-3,2,0,1,1,4,-1,2,2,1,-2,0,2,7,3,-4,6,-6,2,-2,-6,-2,0,-1,-1]]
1273587	r	2675	[[1583,477,2,-4,4,-2,4,2,2,4,-2,3,-4,2,-4,-2]]
1270498	r	3249	[[1585,584,11,-4,2,1,1,4,-3,5,-6,2]]
1270568	r	787	[[1770,457,3,-4,4,4,-4,4]]
1266305	r	2214	[[1557,258,1,-1,4,-1,-1,3,4,3,1,5,2,0,0,5,-4,0,-1,-6,-4,-1,0,-4],[1568,266,4,-2,-1,2]]
1255647	r	2189	[[1672,367,2,-5,8,3,3,4,-10,3]]
1263814	r	5154	[[1527,256,1,-4,3,-5,2,1,2,-2,1,1,2,-1,2,1,0,-2,2,-1,1,2,4,0,-2,4,-2,0,-1,5,-6,6,-3,0,-3,-6,-2,2]]
10834495	n	745	[[1682,503,1,-8,4,3,-3,6]]
1268715	n	686	[[1763,459,8,-1,1,2,-3,2,-5,-1]]
1272552	r	1414	[[1870,523,1,-2,0,2,6,0,-1,-3,-4,-4,1,-3,3,0,4,6,-1,3,-5,2]]
1264111	r	681	[[1513,611,3,-2,3,1,1,-2,2,1,-1,3,-2,-1,-2,3]]
1255927	r	3033	[[1680,524,2,-5,6,-1,7,5,0,2,-13,4]]
1277264	r	2714	[[1734,462,5,-5,7,9,-3,2,-7,0]]
1260173	r	7898	[[1416,483,2,-2,4,-3,0,-6,2,3,0,-2,4,0,1,-4,1,2,0,-2,5,1,1,-2,4,4,2,-1,4,2,-2,10,-2,0,1,-2]]
1270996	r	3257	[[1631,544,2,-8,8,3,5,3,-1,2,1,1,-7,4]]
1272805	r	2197	[[1545,531,3,-4,3,2,-4,3],[1554,537,2,-7,10,6,-2,3,-2,-1,-7,2]]
1270990	r	2369	[[1598,429,2,-4,4,-1,4,1,1,4,-1,4,-8,0]]
1260728	r	1626	[[1529,216,1,0,2,-8,3,3,2,6,-4,2]]
1276393	r	1857	[[1685,537,0,-2,3,-2,5,-1,2,4,-4,7,-2,0]]
1271992	r	2287	[[1567,550,7,-4,8,7,-2,1,-6,0,-3,2,-1,-2,-3,-1]]
1259686	r	3033	[[1591,571,2,-2,4,2,8,-2,2,3,-6,5,1,3,-1,1,-8,-4,1,-2]]
1258916	r	846	[[1544,189,9,-3,0,2,-2,2,-3,0,2,2,-1,1]]
1275218	r	2467	[[1428,439,4,-5,2,5,3,1,0,1,1,2,2,-1,1,3,-3,0,-1,3,-4,0,-4,-2,1,-5]]
1273193	r	2965	[[1668,528,2,-2,5,-1,4,-2,3,7,-5,5,-5,-1]]
8441115	n	1563	[[1493,488,2,-3,3,0,4,2,0,3,-3,3]]
1252770	r	5025	[[1556,405,6,-7,8,4,1,3,-1,3,-7,8,-6,-4]]
1267016	n	1686	[[1520,615,2,-4,3,0,2,-1,4,3,-2,3,-4,2,-3,0]]
1270216	r	1417	[[1556,553,2,-5,4,0,5,2,0,4,-2,-1,-5,2,0,-3,-3,-1]]
1268820	r	4652	[[1873,530,4,-2,5,0,1,-1,3,4,0,-2,7,0,-3,5,2,0,-5,7,-9,-2]]
1265157	r	5829	[[1560,500,1,-3,3,0,1,-2,0,-5,2,-2,0,-2,1,-1,2,2,3,-2,2,0,1,-1,2,0,2,4,-2,1,1,1,-1,3,-3,-1,1,4,-3,3,-2,5,-4,-2,-4,1]]
1270670	r	2989	[[1542,307,1,-9,2,-2,8,4,1,2,-3,7]]
1262710	n	1779	[[1693,533,2,-3,4,-1,3,1,1,3,-2,4,-6,-1]]
1268015	n	661	[[1501,248,2,-4,4,1,-1,4]]
1269578	n	1960	[[1636,382,1,-4,3,-1,4,1,1,4,-1,3,-4,1,-3,-1]]
1273467	n	1656	[[1760,541,3,-4,3,0,4,2,0,2,-2,4,-3,0,-3,-1]]
1270370	r	2042	[[1597,546,7,-4,5,5,-3,7,0,-1,-2,-1,1,-1,-5,0]]
1259163	n	1751	[[1722,467,2,-4,3,-1,4,1,1,4,-1,3,-3,1,-1,-2,-3,0]]
1272842	r	2949	[[1546,288,2,-4,8,-3,3,5,0,6]]
1261163	r	4820	[[1844,527,3,-6,6,-2,7,2,3,6,-16,6]]
1253315	n	688	[[1467,456,2,0,-1,-3,6,-3,2,2,-8,5]]
1274220	n	1615	[[1511,266,1,-2,3,-2,0,2,5,1,0,1,-1,4,-4,1,-3,-1]]
1276325	r	4844	[[1724,430,2,-9,0,-3,2,-5,12,2,-2,1,1,0,0,1,-3,7,-8,7,-3,0]]
1256949	r	4064	[[1520,524,0,-2,2,0,-1,-2,4,0,-1,-3,3,-2,10,6,-5,3,-3,6,-1,-2,-5,1,-1,-4],[1528,531,1,-1,3,3,-3,1],[1537,533,0,-3,2,1,0,2]]
1278827	n	1960	[[1659,462,1,-3,4,-1,3,1,2,3,-2,4,-3,1,-4,-1]]
1257055	r	3674	[[1472,360,5,-12,3,3,2,-2,6,3,-8,10]]
1273892	r	8095	[[1477,553,1,-3,3,1,2,-3,2,4,3,2,-2,3,3,1,-2,4,2,2,-3,2,-1,3,3,4,3,0,3,-2,1,-3,-1,-2,2,-4,3,2,4,-1,2,5,-2,6,3,3,4,0,-1,3,-2,-2,-1,2,-3,-3,-6,2,-2,-3,-5,0,-2,2,-5,-2,-2,-8,6,-4,-2,-8,-4,-2,-1,2,-2,0],[1493,557,2,-3,1,2],[1495,558,2,1,-2,0],[1506,569,2,-2,2,0,3,4,-4,-3]]
1271675	n	946	[[1529,529,2,-3,6,4,0,2,-2,-1,-3,2]]
1273687	n	1961	[[1480,457,2,-4,3,-1,4,1,1,4,-1,3,-4,1,-3,-1]]
1276856	r	5856	[[1502,369,1,-6,9,-5,5,1,0,1,3,0,-2,7,1,5,-14,1]]
1279344	r	6883	[[1560,390,5,-1,-1,0,-1,-2,5,-4,4,3,3,0,1,-2,4,6,-1,3,-9,9,-8,-4]]
1268936	n	1696	[[1503,563,1,-2,6,-3,3,5,-1,3,-4,1,-3,-1]]
1269065	n	767	[[1410,439,1,-7,3,0,2,3,1,0]]
1270801	r	1335	[[1616,327,2,-2,8,3,-1,2,-7,2]]
1277084	r	7198	[[1524,502,2,-3,4,-1,-1,-2,2,-6,3,-2,3,1,0,2,2,-2,2,2,0,3,-4,1,4,6,6,1,2,2,-2,4,-3,-2,-5,0,-8,3,-5,-1]]
1269939	r	9305	[[1544,451,5,-7,2,3,2,-1,4,1,1,-1,8,2,4,0,1,1,-1,4,2,0,2,2,-2,1,-1,3,-2,1,-1,2,-8,0,-15,-7,3,-3]]
1278715	r	5565	[[1415,434,3,-3,-2,-1,3,-2,-2,0,2,-2,-3,-1,7,-4,-1,-2,2,0,0,-3,10,4,-4,3,1,2,-2,-2,-3,-1,-5,4,0,2,9,2,2,3,-4,5,1,1,-3,2,0,-2,-2,1,-3,-3,1,0,-1,-2]]
1259297	r	5098	[[1568,210,0,-4,2,-1,-1,-1,4,1,1,-2,2,1,1,-1,2,-1,-1,-1,3,-4,1,0,3,4,-3,4,2,7,-4,2,-1,-1,-2,1,-2,-1,-1,2,-1,-2,-2,1,-2,-2,1,-1]]
1261848	r	787	[[1596,325,3,-4,5,4,-4,2]]
1276942	n	1960	[[1730,439,1,-4,4,-1,3,1,1,4,-1,3,-3,1,-4,-1]]
1262578	n	1040	[[1486,609,1,-1,-1,-1,9,0,-4,6,-4,-1,1,-1]]
1278083	r	3659	[[1655,523,8,-9,4,4,-1,1,0,2,4,5,-2,2,-6,1]]
1276895	r	1419	[[1505,609,2,-5,3,-1,5,3,-2,1,1,5,-5,0]]
1274040	r	7103	[[1482,495,3,-3,-1,-3,3,1,0,-3,3,-3,1,5,-2,2,0,3,8,2,1,-3,1,0,1,2,-3,1,8,3,-3,4,-3,-1,-4,2,-4,-1,-3,1,-3,-3,1,-1,-2,0,-2,-3],[1504,495,9,-1,3,3,-4,3,-5,0,-2,-2,3,-1,-4,0]]
1254432	r	6279	[[1902,559,1,-5,3,0,0,-2,-2,-3,5,-2,1,-2,-1,-2,-2,-1,-2,2,-2,-1,0,-2,5,-1,6,2,5,6,-2,7,-6,5]]
1266928	r	8437	[[1504,434,2,-1,2,1,4,-6,8,-1,-1,4,3,0,-1,2,2,1,-1,0,0,3,2,4,-1,1,-1,-1,1,3,-3,0,3,1,2,3,-3,3,-4,-3,-8,-1,1,-3,-5,-1,0,-6]]
1276736	r	3891	[[1649,534,4,0,-1,-2,2,-1,7,1,0,11,-7,2,-5,-3]]
1271662	n	1041	[[1526,310,6,-5,-1,3,4,2,-4,3]]
1278815	r	1316	[[1570,258,2,-4,3,0,3,4,-3,-2,1,1,0,4,-4,1],[1577,252,2,-1,1,3]]
1271175	r	3092	[[1717,483,7,-4,3,2,4,0,-3,8,-2,2,-6,-1]]
1252942	r	3808	[[1563,416,7,-8,0,2,6,3,-1,1,3,3,-8,7,-5,-3]]
1255264	r	1614	[[1625,341,2,-7,6,3,-5,7]]
1274767	n	1410	[[1571,567,2,-2,5,0,2,5,-5,3]]
1277939	r	3502	[[1671,545,4,-4,1,4,2,1,2,-2,-1,-2,2,0,0,-4,3,-1,6,7,0,3,-4,1,-4,2,-5,-1,0,-2,-3,1]]
1279390	r	3416	[[1544,431,3,-5,-1,-1,4,-5,9,6,-1,3,-8,5]]
1270994	n	1516	[[1411,439,6,-4,4,4,-2,4,-6,-1]]
1261012	r	3156	[[1517,359,11,-2,1,2,-3,9,-7,4,-1,-5,2,-6]]
1259385	n	687	[[1851,235,3,-5,1,3,-1,0,2,5,-4,-1]]
1277936	n	1908	[[1509,324,2,-3,3,-2,3,2,2,3,-2,3,-3,1,-3,-1]]
1255344	n	1116	[[1590,346,2,-6,3,-1,2,5,-1,2,-3,1]]
1277324	n	636	[[1773,461,6,-4,-2,3,2,4,-4,1]]
1272513	n	1529	[[1439,485,2,-4,2,0,0,2,2,-2,3,7,-6,2]]
1261669	n	748	[[1763,468,0,-1,6,0,0,6]]
1261931	r	6723	[[1472,423,2,-1,2,-6,3,0,-2,5,2,0,1,2,2,-1,0,2,8,1,-5,7,2,3,3,0,-1,5,-13,-3,1,-1,-5,-6,2,-1,-1,-1,1,-5],[1493,428,2,2,0,2,-1,1]]
1255491	r	3473	[[1633,531,0,-8,15,-2,2,2,-4,7,-2,-2]]
1271883	r	2501	[[1484,614,5,-2,0,3,3,2,6,-2,1,3,3,1,-1,2,2,1,-5,1,-4,-2,-2,2,1,-1,-7,-4]]
1255254	r	3248	[[1553,300,6,-8,6,2,2,7,-3,3,-10,-2]]
1269388	r	1711	[[1770,530,3,-2,1,-1,-1,-2,8,0,-3,3,1,1,2,-1,-6,8]]
1258474	n	1274	[[1508,291,4,-3,5,7,-4,2]]
1266607	r	936	[[1552,564,2,-2,3,2,2,-2,3,1,-2,4,-2,-2,-3,2]]
1266489	r	1778	[[1755,522,2,0,0,-6,5,1,1,4,-6,8,-2,0]]
1259411	n	37	[[1521,216,0,-1,1,2]]
1270090	n	1208	[[1536,535,4,-3,5,0,1,3,-1,1,-6,1,0,2]]
1262216	r	11080	[[1460,540,4,-3,9,0,1,-6,4,-2,9,0,4,2,-1,4,-2,1,-1,9,-3,2,1,2,-2,-1,-2,3,-5,-1,-3,1,-6,-7,-2,3,-2,-1,-1,-4]]
7279747	n	872	[[1535,562,0,-2,4,0,2,2,1,3,-3,1]]
1275103	r	5806	[[1504,501,1,-1,2,1],[1505,508,4,-3,0,-5,3,0,4,5,4,0,1,2,2,0,4,8,-1,1,-2,1,-1,-2,-2,2,-3,-1,-1,2,-5,-4,-3,1]]
1263012	n	1512	[[1587,337,1,-3,4,-1,4,4,-1,2,-6,2]]
1269562	r	1861	[[1576,381,1,-1,-1,-8,4,-1,0,2,2,0,4,3,-6,5]]
1258044	r	1067	[[1554,597,3,-4,2,1,1,4,-2,2,3,2,-2,3,-2,-3,-1,1]]
1253958	r	2826	[[1537,364,5,-1,3,5,2,1,-2,6,-5,1,-3,-3]]
1262209	r	1984	[[1504,469,2,-4,2,-1,6,5,-2,4,-4,1]]
1276389	r	2178	[[1553,438,1,-3,3,-2,4,1,2,3,-5,6,-4,-1]]
1269557	n	911	[[1696,501,6,-1,2,2,-1,3,-5,1,-1,-1]]
1267579	r	1309	[[1574,582,3,-1,2,2,0,-3,4,1,1,2,-4,4,-3,0,1,1,-1,1]]
1271306	r	2617	[[1663,514,6,-8,6,0,1,9,-3,0,-1,3,-2,-1,0,-2]]
1262260	r	935	[[1593,216,2,0,-1,-7,3,-3,0,12,-3,1]]
1275019	r	1970	[[1675,506,5,-1,2,13,-4,0,-2,-3]]
1263494	r	97	[[1476,308,2,-2,1,2]]
1256826	r	2468	[[1586,442,1,-4,4,-1,4,1,1,4,-1,3,-4,2,-4,-2]]
1278148	r	2491	[[1680,491,2,-2,7,-2,-3,2,2,2,3,0,1,2,2,1,-1,3,-6,1]]
1270077	r	2844	[[1570,408,1,-3,8,1,6,3,-7,8,-3,-3,1,-1,-6,-3]]
1272997	r	14329	[[1616,407,5,-11,3,-1,16,4,4,2,3,5,-9,10,-1,3,-5,2,-3,-4,-1,0,0,2,-3,-1]]
1274213	n	1118	[[1599,321,3,-4,4,3,1,3,-3,2]]
1264154	r	2942	[[1517,223,4,-1,-1,-2,3,-3,4,1,0,2,-1,1,5,6,-6,4,-4,-5,-3,-1],[1518,216,1,-2,2,1,-1,2]]
1277214	r	8596	[[1477,478,1,-12,5,-1,1,-2,1,1,1,-3,9,3,-2,1,3,6,-1,5,-5,5,-6,2]]
12495083	n	1933	[[1642,464,2,-3,3,-2,3,1,2,4,-2,3,-3,1,-3,-1]]
1269653	r	30	[[1555,452,1,0,0,1,-1,0]]
1271631	r	4501	[[1762,550,11,-10,4,1,-2,2,3,4,-3,1,0,3,2,5,-9,0]]
1264735	n	898	[[1719,505,1,-5,7,3,-1,3,-5,0]]
1267588	r	1354	[[1567,554,3,0,1,2,3,-2,6,0,-2,3,-5,4,-3,-5,-2,1]]
1267090	n	901	[[1448,446,1,-1,7,0,-5,6,-2,-2]]
1266366	r	5182	[[1874,508,3,-3,9,0,5,4,1,6,-12,4]]
1260546	r	6251	[[1496,353,1,-3,1,3,1,-4,2,1,-2,-4,3,-1,2,0,2,-2,0,1,2,0,4,3,0,11,-9,5,-3,-4,3,0,-4,-1]]
1264326	n	982	[[1431,423,2,-3,7,3,-2,3,-3,0]]
1256259	n	452	[[1458,405,3,-4,3,3,-3,-1,2,3,-1,1]]
1277643	r	7625	[[1660,414,2,-6,9,-3,6,3,3,6,-2,5,-14,3,-3,-4]]
1261631	r	2065	[[1705,500,3,-1,-2,-3,1,-3,10,0,1,2,-5,6]]
1256671	r	845	[[1545,590,2,-5,2,0,1,8,-4,0]]
1268977	r	2288	[[1676,443,5,-10,4,0,2,5,-2,4,-4,2]]
1274868	r	2621	[[1495,411,2,-5,2,-1,0,-2,-3,2,1,-4,9,3,1,3,-3,3,-1,0,0,2,-2,3,-5,-2]]
1253166	n	1086	[[1585,239,2,-3,6,2,0,3,-4,2]]
1278931	r	1502	[[1497,421,4,-6,5,3,-1,4,1,1,-2,1,-5,1]]
1254780	n	511	[[1509,236,2,-2,3,1,-2,4]]
1276901	r	19089	[[1402,519,3,-5,8,-1,0,-5,4,-5,4,-9,-2,-1,5,0,1,2,11,5,3,6,-3,2,-2,0,-1,3,3,2,-4,4,0,2,-3,0,6,8,-3,3,-7,-1,-2,-3,-4,-1,2,-2,-2,-1,0,-2,-5,4,-6,0,-5,-1]]
1257198	n	1883	[[1485,569,1,-3,3,-2,5,2,1,3,-2,3,-3,1,-4,-1]]
1257794	r	3948	[[1746,494,5,3,6,-3,2,5,-2,2,3,5,-3,3,-7,-2,1,0,-1,-3,-3,0]]
1260387	n	1739	[[1567,191,2,-3,3,-2,4,6,-1,2,-4,2,-2,-2]]
1258744	n	1576	[[1540,255,2,0,1,-5,2,-1,1,3,-5,5],[1542,257,4,-5,4,3,-4,4]]
1272045	n	1518	[[1545,317,5,-6,4,3,0,4,-3,2,-1,-1,-3,0]]
1253437	r	976	[[1567,254,1,-1,6,-1,0,-1,-2,0,1,-2,4,3,-3,2,-2,0,-2,3],[1576,251,3,0,-2,1]]
1265891	r	1151	[[1553,183,1,-4,2,-1,4,2,-2,4,3,2,-7,0]]
1260290	n	1461	[[1526,379,6,-6,3,3,0,3,-3,2,-3,0]]
1264292	r	2724	[[1574,545,3,-5,8,0,1,6,-2,6,-2,1]]
1267084	r	1764	[[1526,413,2,-3,6,-4,2,1,0,5,-5,3,-1,4]]
1264206	n	1252	[[1489,541,2,-3,2,-2,2,0,3,4,-5,5,-3,-1]]
1270800	r	545	[[1575,257,5,2,1,2,-5,1,0,-5]]
1272892	r	3056	[[1499,452,4,-6,7,1,-1,10,-6,0]]
1277044	r	1259	[[1541,584,3,-6,2,-1,4,6,-1,2,-6,1]]
1274106	r	867	[[1600,316,5,-3,5,4,-4,3]]
1279094	r	3233	[[1533,424,7,-7,2,1,3,-1,-4,15,-7,-3]]
1271910	n	971	[[1495,558,8,1,0,4,-7,-1,-1,-3,2,-1]]
1265973	n	764	[[1493,611,2,-4,6,2,-3,5]]
1276191	r	2405	[[1588,422,4,-4,3,0,3,3,0,4,-3,3,-4,0,-2,-1]]
1277940	n	1687	[[1696,491,2,-4,3,-1,4,1,1,4,-2,3,-7,-1]]
1258291	r	3187	[[1569,278,8,-4,4,3,-3,8,-7,1]]
1268707	n	593	[[1542,181,9,-2,-2,3,-6,2]]
1253472	r	1905	[[1531,208,3,-4,2,-1,9,3,-1,1,-2,-1,-1,4,-4,-1,0,2]]
1259440	r	1353	[[1535,211,6,-1,3,3,-1,4,-6,-1]]
1267394	r	1892	[[1592,298,2,-4,9,0,-2,8,-9,-2]]
1258099	n	1785	[[1458,369,4,-5,4,2,1,3,0,2,-5,2,-4,-2,2,-2,-2,2]]
1268673	r	3361	[[1556,281,2,-5,5,-1,6,3,0,6,-10,2]]
1256739	r	15939	[[1613,465,13,-17,10,6,1,12,3,2,-2,2,0,5,-6,2,-2,4,1,0,-2,4,-1,0,-4,-3,-4,0,3,-4,-1,0]]
11184435	r	2863	[[1489,393,0,-7,11,2,1,2,-4,9]]
1264359	r	1953	[[1590,505,3,-2,-1,0,5,-1,0,3,3,0,5,5,-6,3]]
1258686	r	1025	[[1708,471,9,-2,-2,5,-3,-1,0,5,-3,-2]]
1344069	n	1350	[[1750,436,1,-3,3,0,6,4,-3,3,-3,0,-3,-2]]
1257402	r	2923	[[1511,604,3,-4,-1,-1,2,-1,0,-2,5,-1,2,1,-2,3,2,3,-1,2,3,2,-1,1,-3,0,0,2,-1,1,-3,-1,-2,2,-1,-4,2,-1]]
1261288	r	4599	[[1555,381,4,-4,6,3,1,-1,2,1,3,-1,3,2,4,0,0,2,1,2,-1,1,-2,-2,-1,2,-3,0,-4,-2,-5,3,2,2,-5,1,-3,-2,0,-6]]
1255024	r	2916	[[1646,530,4,-7,5,0,7,6,-1,3,-7,-1,-2,1,1,2,-4,0,0,-3,-2,0]]
1268775	n	1931	[[1706,489,1,-4,4,-1,3,1,2,4,-2,3,-3,1,-4,-1,1,-1,-2,-1]]
1278340	r	1702	[[1559,191,1,0,0,-4,3,0,3,-1,0,-3,2,0,-1,11,-5,0]]
1271949	r	839	[[1489,615,4,-4,5,3,-6,3]]
1264588	n	1049	[[1478,306,1,-3,-1,-1,3,-1,2,2,1,4,-3,3]]
1269291	r	3059	[[1718,496,2,-3,5,-2,7,7,-5,5,-7,-3]]
1260390	r	3469	[[1675,372,10,-3,0,14,-4,1,-4,-2,-2,-2]]
1267887	r	284	[[1593,219,4,-2,0,5]]
1263247	r	1204	[[1588,225,4,-6,5,3,0,3]]
10209444	r	2389	[[1558,443,6,-6,3,1,2,3,-1,4,-3,2,-5,-1]]
1273369	r	4518	[[1521,531,7,-3,2,2,-2,1,1,3,6,4,1,2,3,-3,3,0,-2,5,-3,3,0,-4,-1,2,-3,-1,-1,2,-5,-3,-2,3,-1,-2,-1,2]]
1260393	n	1254	[[1727,406,3,-3,6,5,-2,-1,1,3,-4,1,-3,-2]]
1270072	r	3238	[[1532,395,7,-5,11,1,-2,5,-2,2,-1,0,-1,2,-2,-2,-9,0]]
1269092	r	2924	[[1643,374,3,-4,4,-1,7,12,-11,0]]
1275679	r	1150	[[1558,588,1,-2,3,-1,0,-1,5,1,-5,8,-3,-2]]
1277661	r	2234	[[1598,436,2,-3,8,0,1,3,-1,4,-4,1,-4,-1]]
1253956	r	5051	[[1494,665,5,-7,0,1,4,-3,-2,-1,3,-4,11,7,-2,5,-3,3,-14,1]]
1262109	r	1413	[[1563,594,4,-5,3,5,1,-2,5,3,-2,3,-5,-1]]
1256039	n	1462	[[1571,368,2,-3,7,0,-1,7,-5,0]]
1267819	r	4294	[[1529,534,6,-3,2,2,-1,3,3,3,-3,1,-1,-2],[1531,525,6,-4,5,3,3,-2,3,1,1,-1,-1,5,-3,4,3,1,-1,4,-2,0,0,-4,-5,0]]
1263622	r	2243	[[1503,596,2,-1,-2,-2,2,-2,3,4,6,0,2,2,-3,2,1,1,-1,3,-5,1,-3,-3,1,-1,-2,-1]]
1269247	n	1074	[[1757,489,4,-4,5,3,-4,2,-1,2]]
11626023	n	789	[[1702,473,2,1,1,-2,3,-1,1,5,-5,1]]
13494723	n	381	[[1598,256,6,-3,1,2,-4,3]]
1278297	r	5227	[[1549,489,1,-2,10,-2,5,4,1,4,-2,4,-3,0,-1,3,-8,0]]
1264138	n	1073	[[1486,606,2,-6,6,3,0,3,-8,1]]
1260792	n	499	[[1632,330,6,-2,-1,5,-4,-1]]
1270099	n	1552	[[1456,475,0,-6,5,-1,2,7,-3,2]]
1276988	r	3692	[[1665,428,0,-4,3,-3,7,-1,3,2,-4,10,-2,1,-6,-2]]
1275194	n	1129	[[1674,436,2,-4,5,1,-4,8,-2,-2]]
1268259	n	1729	[[1562,366,1,-3,4,-1,3,1,2,3,-2,3,-6,1]]
7302847	n	1960	[[1608,351,1,-1,0,-2,2,-1,6,2,-3,8,-5,-3]]
1263664	n	1682	[[1484,405,2,-4,6,1,2,3,-1,2,-7,2]]
9408449	r	2643	[[1589,278,3,-6,6,-2,4,1,-1,1,1,2,1,-2,0,3,1,-2,0,3,-8,3,-3,-2,-1,1]]
1271067	n	1932	[[1492,323,1,-2,3,-2,4,1,1,3,0,2,-5,3,-3,-1]]
1254534	r	1537	[[1573,499,3,-3,-1,-4,3,1,1,-3,2,1,1,4,-1,3,-4,2]]
1278471	n	859	[[1589,262,2,-3,5,2,-1,4]]
1278446	r	1582	[[1744,520,9,0,2,2,0,7,-6,-2,-1,-4]]
1266436	n	1416	[[1784,526,1,-3,4,-1,3,1,2,3,-9,4]]
1267457	n	1572	[[1758,471,5,-3,4,5,0,2,-2,2,-7,-2]]
1273626	n	1960	[[1676,481,2,-3,3,-2,4,2,1,3,-1,3,-4,1,-3,-1]]
1252908	r	3642	[[1533,401,1,-3,8,0,2,2,1,-2,4,6,-6,5,-7,-2]]
11184442	n	1673	[[1421,427,2,-4,3,-1,4,2,1,3,-2,4,-8,-3]]
1276752	n	1610	[[1554,477,0,-2,6,-2,4,4,-5,5]]
1254953	r	494	[[1632,336,2,-3,3,1,-1,3,-3,1]]
1270647	r	1520	[[1498,639,1,-2,4,4,6,-5,-2,-3,1,-1,3,4,0,5,1,0,-5,4,-4,-3,-5,-1,1,-2]]
1277525	r	4718	[[1637,548,5,0,4,-3,-1,-2,4,-1,9,7,-3,1,-1,4,-6,0,-8,4]]
1277085	n	1342	[[1481,684,4,-4,6,1,-5,8,-3,-2]]
1267635	n	904	[[1480,300,2,-3,3,1,-3,-2,3,-2,0,-1,2,2,-1,4,-2,2]]
1272689	n	1079	[[1754,494,3,-4,4,2,0,2,1,2,-3,2,-2,-4,-2,1]]
8740018	n	431	[[1500,329,2,0,-1,-3,2,1,1,1,0,4]]
1256475	n	1693	[[1493,427,1,-3,3,-1,5,2,0,3,-5,4]]
1268011	r	2971	[[1593,536,6,-3,6,3,-1,6,-7,4,-2,-2]]
1262200	r	1055	[[1566,588,2,-3,6,5,-1,1,3,4,-5,-3,-1,2]]
1278023	n	502	[[1511,234,1,-4,4,2,-1,3]]
1271891	r	1853	[[1477,607,2,-4,6,4,1,-1,1,2,-1,1,2,2,-1,2,-3,1,0,1],[1478,600,4,-1,-3,3],[1487,603,0,-4,2,0]]
1258338	r	7113	[[1461,359,4,-13,-1,0,3,-16,-1,1,3,-7,2,1,1,6,5,2,-3,4,3,4,-3,2,0,4,-5,-1,-3,3,0,4,6,2,0,3,-5,0,-1,3]]
1267227	n	1331	[[1400,426,7,-4,3,4,-6,4,-2,-1]]
1274129	n	846	[[1559,272,0,-6,4,0,1,5]]
1256207	n	1360	[[1531,315,3,-3,6,5,-2,2,-3,1,-3,-1]]
1264555	r	2333	[[1715,528,6,-4,6,1,2,4,-2,3,-7,1,-3,-2]]
1272701	n	1761	[[1425,460,1,-3,2,-2,6,5,-1,3,-4,1,-3,-1]]
1254710	r	5498	[[1846,533,17,-7,3,6,-3,7,-6,3,-8,-3]]
10400284	r	1729	[[1719,519,3,-4,3,0,3,5,-1,5,-6,-1]]
1269217	r	1890	[[1497,473,0,-2,7,-2,4,6,-3,2,-6,0]]
1254046	n	1960	[[1799,510,1,-3,4,-1,4,1,1,3,-1,3,-4,2,-4,-2]]
1270791	r	2472	[[1590,286,6,-7,6,-2,2,2,-1,5,-11,5]]
1261772	r	4046	[[1514,557,1,-1,4,3,3,-2,-3,-5,3,-1,7,7,-3,8,-10,2]]
1277527	r	10742	[[1429,519,3,0,0,-2,4,-4,-3,-3,1,-2,5,-2,-1,-2,6,4,2,0,6,4,2,0,1,4,2,1,-5,3,2,2,-2,4,-3,0,-4,-2,-4,3,-3,-1,-3,1],[1441,533,1,-2,2,1,0,-1,2,0,-3,5,-2,0]]
1252822	r	3726	[[1526,327,1,-3,5,3,-1,1,1,1,-1,1,1,2,-3,1,0,-4,-2,0],[1533,333,4,-3,2,0],[1539,336,1,-6,3,-1,3,-1,-1,2,6,2,0,5,-2,1,-1,-1,-7,2]]
1270375	r	6471	[[1534,452,2,-12,4,-6,6,2,4,5,1,3,-1,2,-1,-2,-2,1,-3,6,3,1,-2,3,-3,0]]
1278862	n	1308	[[1523,375,2,-4,7,2,-6,6]]
1276574	n	1831	[[1635,518,1,-3,4,-1,4,1,1,3,-1,3,-6,1]]
1256755	r	1664	[[1593,554,4,-6,3,3,5,0,-1,1,2,1,1,2,-2,1]]
1274714	r	969	[[1562,582,0,-2,5,0,3,1,0,3,-4,2,0,-1,-4,-1]]
1260040	r	1689	[[1582,207,3,-6,1,4,6,2,-1,-1,3,-1,-2,1,3,0,0,2,-4,2,-1,-1,-1,2,-4,1,-2,-2,1,-1]]
1259154	r	4995	[[1546,398,4,-7,5,-2,5,3,2,6,-6,7,-7,-1]]
1254444	r	2655	[[1587,244,6,-3,6,3,2,2,-9,5,-5,-3]]
1273992	r	1937	[[1500,424,10,-1,3,5,-5,3,-5,-2,1,-1],[1505,422,1,-2,3,2]]
1255121	r	2447	[[1505,240,1,1,2,-3,9,3,-2,7,-3,1,-5,-4]]
1257431	n	1403	[[1557,352,5,-4,4,6,-2,2,-3,1,-3,-2]]
1272873	r	1727	[[1545,216,3,-3,8,-1,2,2,-1,2,1,0,-3,3,1,-2,-3,0,-5,1]]
1259994	n	364	[[1503,244,2,-4,2,5]]
1256593	r	6659	[[1529,514,3,-6,9,-2,1,1,2,3,2,1,-1,2,2,0,-1,1,1,2,2,-1,-1,3,3,-2,2,1,-2,2,2,0,0,3,-1,-2,-4,3,-3,-1,-3,2,-7,-6,-3,-1]]
1265863	r	2160	[[1557,247,10,-1,0,8,-5,2]]
1255714	n	1211	[[1485,689,6,-8,4,6,-4,3]]
1258289	r	5896	[[1659,382,3,-3,13,1,4,6,-2,4,-4,3,-13,-4]]
1252699	r	1197	[[1549,352,5,-2,1,1,0,1,2,0,1,6,-8,-2,1,-1,-2,-1]]
1266666	n	822	[[1462,375,3,-3,5,8,-4,0]]
1258366	n	1596	[[1487,562,2,-3,4,-2,2,1,1,5,-2,3,-6,-2]]
1263504	r	5206	[[1577,315,2,-5,6,-3,6,2,2,5,-7,8,-6,-2]]
1275346	n	1594	[[1749,474,4,-5,5,2,0,4,-3,3]]
1260607	n	900	[[1474,314,1,-2,2,1,-2,-1,0,-2,2,1,-1,-2,5,1,-2,4]]
1271934	r	1991	[[1505,585,1,1,2,-2,7,5,-3,6,-5,-1,-2,-4]]
1277183	r	485	[[1606,320,3,-3,-1,-1,5,2,-2,2,-4,1]]
1266154	r	5408	[[1515,318,6,-3,-1,-2,-2,2,0,-3,-2,-2,2,-2,1,-5,-2,-3,3,-1,2,-1,3,6,4,3,-3,3,2,2,3,1,4,-3,1,0,-2,3,-5,2,-2,3,0,-1,-3,2,-2,-1,-1,2,-2,0,0,-3]]
1277949	n	1838	[[1577,295,4,-5,3,2,2,3,-2,3,-3,1,-3,-1]]
1254744	n	1279	[[1542,179,1,-3,3,-1,3,1,2,3,-9,2]]
1255361	n	1532	[[1473,586,1,-3,4,-1,4,1,1,3,-1,-1,-2,3,-2,-1,0,2,1,1,-1,1,-4,-1]]
1278152	r	3697	[[1583,529,4,-2,2,2,2,-2,-2,-1,10,-2,0,9,-6,3,-5,0]]
1260671	r	1763	[[1546,207,1,-2,7,-1,2,8,-8,1]]
1274821	n	1549	[[1534,238,2,-3,3,-1,3,2,1,3,-5,3]]
1263752	n	480	[[1400,426,5,-6,2,2]]
1276783	n	1934	[[1534,357,2,-3,3,-1,3,1,2,3,-2,4,-3,1,-3,-1]]
1274928	r	2372	[[1710,448,6,-4,4,1,3,3,-6,8]]
1256693	r	2540	[[1520,469,1,-4,6,-2,3,2,0,7,-6,2,-3,-2]]
1276023	n	1961	[[1659,398,1,-3,3,-1,4,1,1,3,-1,3,-4,2,-3,-2]]
1269328	n	855	[[1504,332,0,-4,6,0,0,1,-1,0,1,3,-2,2,-2,0,-1,-2]]
1267360	n	761	[[1527,186,3,-6,4,1,0,3]]
1272847	r	3374	[[1555,243,6,-5,7,0,3,4,-4,4,-10,1]]
1275481	r	1751	[[1593,568,2,-1,0,-3,2,1,2,-3,3,1,3,6,-8,2]]
1268246	n	1617	[[1541,195,1,-3,4,-2,4,5,-2,2,-5,1]]
1262463	n	1373	[[1537,202,2,-4,3,-1,1,1,2,6,-1,2]]
1257551	r	1708	[[1709,517,1,-3,6,-1,6,2,-3,4,-5,2,-1,-3]]
1267853	r	3257	[[1543,409,6,-5,7,1,1,7,-10,4,-1,-4,-1,0]]
1255983	r	2813	[[1704,528,4,-1,0,-2,4,3,3,-2,-1,1,3,4,-3,2,0,3,-2,1,-8,-2]]
1258797	r	4630	[[1469,500,5,-3,-1,-2,1,1,1,-2,2,4,5,-1,2,3,2,0,-5,3,1,2,-2,1,2,0,-2,3,2,1,0,4,2,1,0,2,-3,0,1,-2,-2,-2,-3,0],[1485,519,1,-1,2,2]]
1264071	r	2085	[[1518,414,9,0,3,8,-9,0]]
1262958	n	1813	[[1461,468,3,-3,3,0,3,2,1,3,-2,3,-4,1]]
1269507	r	40499	[[1389,536,6,-4,8,-1,-1,-12,1,4,5,1,6,0,5,-4,0,2,2,1,-2,2,10,5,9,-4,3,1,0,9,3,9,-3,7,2,0,1,-3,3,5,-5,0,1,4,-2,1,-3,-2,0,2,-23,-5,-3,6,-5,0,-15,-16]]
1275117	r	1801	[[1516,413,3,-7,4,1,5,4,-1,3,-9,0]]
1272780	r	8348	[[1694,413,3,-8,10,2,-10,3,1,2,5,0,6,-2,11,5,1,1,-6,4,-1,4,-16,-1]]
1253676	n	1187	[[1481,342,2,-4,4,-1,3,4,-2,4]]
1270965	r	1898	[[1682,529,14,-4,-3,7,-9,0]]
1275321	r	5853	[[1801,530,4,-5,5,1,-2,-2,1,-1,4,1,3,3,8,3,-3,6,-9,0,-5,2,-6,-3]]
1257436	r	3051	[[1474,389,1,-2,1,1,4,-1,1,-2,5,-1,-3,-3,6,5,0,7,-3,3]]
1270171	r	3832	[[1500,294,5,-2,2,-5,5,-1,1,3,-3,0,-2,2,5,6,2,0,-1,2,-3,1,-2,3,-5,-1,-1,1,-2,-4,1,-3],[1513,289,3,1,0,4]]
1263659	r	1176	[[1585,212,4,-1,1,-2,1,1,4,-2,-5,9,-3,-1]]
1269027	r	9110	[[1509,478,5,-3,0,3,1,-1,4,1,0,2,13,1,1,4,3,-3,3,2,-2,5,-5,0,-3,8,-2,0,-6,-2,0,-4,-4,1,0,3,-2,0,-5,-2,6,-13,-2,-1,-4,2]]
1256377	r	3855	[[1569,358,2,-1,-1,-3,5,-1,3,4,4,0,1,3,2,0,1,3,-3,0,-2,4,-1,-2,-8,0]]
7302806	n	1230	[[1585,381,8,-3,2,3,-2,3,-7,0]]
7279597	r	3859	[[1701,438,4,-3,10,4,0,5,-5,4,-6,1]]
1266124	n	742	[[1572,373,4,-1,1,8,-2,0]]
1270845	n	1554	[[1776,535,4,-5,3,0,2,3,-1,3,-4,2]]
1259263	n	713	[[1544,184,5,-2,1,4,-4,2]]
1260771	r	1933	[[1685,370,9,10,-5,3,-4,-1]]
1271079	r	1314	[[1529,582,5,-1,2,-2,2,5,-5,5]]
1259264	r	2407	[[1559,292,0,-6,10,-2,2,2,-1,3,-5,5]]
1274430	r	1470	[[1594,251,7,-5,3,7,-6,3,1,-3]]
1255396	r	2193	[[1727,525,1,-5,1,2,2,-2,2,0,5,5,-1,3,-5,2,-3,-1]]
1271670	r	1425	[[1764,506,5,-4,7,8,-6,1]]
1258740	r	1793	[[1568,183,11,2,9,-1,-1,2,-5,0,-3,2,-1,1,2,4,-2,0]]
1269564	n	1150	[[1507,620,1,-8,5,0,1,2,-2,6]]
1266162	r	1473	[[1485,399,2,-2,-1,-2,3,-2,8,6,0,2,-3,1,-1,-3,-4,1]]
1279003	r	2737	[[1785,530,11,-5,5,5,0,5,-10,-1,-2,2,1,-2,-3,-1]]
1255004	n	1421	[[1547,343,3,-2,5,1,1,1,-2,6,-4,0]]
1255955	n	1614	[[1746,478,3,-4,7,4,-5,5,-4,-2]]
6990539	n	1372	[[1559,483,3,-4,7,6,-1,0,-1,3,-2,1]]
1260707	n	1577	[[1432,430,1,-3,4,-1,4,4,-7,4]]
1270474	n	748	[[1467,453,2,-6,4,0,1,3]]
1266416	n	868	[[1595,339,3,-3,3,4,-3,4]]
1254354	r	2225	[[1567,246,6,-5,5,9,-2,1,1,2,-4,-4,-1,2,2,0,0,1,-6,1]]
1275462	n	1704	[[1742,460,2,-3,4,0,3,2,0,3,-2,3,-3,1]]
1277814	r	1395	[[1585,572,6,-1,5,9,-8,-2,-3,-2]]
1261613	n	873	[[1503,560,3,-6,2,-1,1,1,1,4,-6,3]]
1259056	r	1757	[[1538,489,2,-4,4,-1,4,1,2,4,-9,4,0,-2]]
1254274	r	1020	[[1512,595,3,-6,2,-1,2,5,1,0,2,3,-2,-1,-4,1]]
1278454	n	1330	[[1581,253,1,-3,4,-1,3,1,1,3,-1,2,-2,-2,1,2,-1,-1,-2,2]]
1274243	n	1017	[[1550,270,5,-5,3,7,-5,1]]
1272694	r	3379	[[1794,523,3,-3,0,-7,11,4,-1,3,-5,-1,4,5,-4,4,-3,1]]
1271819	n	1714	[[1551,326,1,-4,3,-2,3,1,2,2,-3,6,-4,-1]]
1259704	r	1762	[[1593,326,3,-1,4,2,2,6,-5,2,-4,-2]]
1256698	r	1232	[[1713,501,5,-5,2,4,-1,5,-5,1]]
1256047	n	1755	[[1492,292,1,-2,3,-2,3,0,-1,3,2,0,0,-2,1,2,0,4,-3,2,-4,-1]]
1261309	n	917	[[1485,330,2,-2,0,-3,3,-1,1,1,1,5,-5,1]]
1274987	r	351	[[1505,240,4,-4,3,3,-4,-1]]
1276948	n	1555	[[1547,533,3,-4,6,1,-2,7,-4,0]]
1261227	n	1667	[[1464,551,2,-3,3,-1,2,3,3,1,-1,3,-4,2,-3,-2]]
1253150	r	2947	[[1587,322,7,-9,6,3,-1,5,-3,4,-3,1]]
1258207	n	1412	[[1657,486,0,-5,2,-1,4,0,3,3,-1,4]]
1262240	r	1058	[[1587,266,2,-3,6,2,3,4]]
1274256	r	1072	[[1589,225,8,0,-2,7,-5,-3]]
1273745	r	1518	[[1489,599,2,-2,-1,-2,2,0,2,-3,8,5,-6,3,-2,-1,0,3]]
1256388	r	4244	[[1887,541,5,-7,-2,0,2,-3,7,2,4,5,0,3,-5,2,-2,-1,-2,3,-2,-2,0,3,-2,1]]
1261739	r	1338	[[1517,588,4,-1,7,4,-6,5,-2,-3,-1,0]]
1261066	n	452	[[1379,446,4,-1,1,3,-3,0,0,2]]
1265828	n	1286	[[1493,545,6,-6,3,3,0,3,-2,2,-2,-1,-2,1]]
1261369	n	1332	[[1489,492,1,-2,3,-2,5,6,-1,2,-8,-2]]
1256382	n	622	[[1444,481,1,-4,7,3]]
1272525	r	8558	[[1854,512,14,-8,5,2,1,3,-2,7,4,4,1,3,-6,0,0,-2,-3,8,-4,-3]]
1278173	r	3185	[[1567,232,2,0,0,-3,3,-5,7,1,-3,9,-3,-1,1,4,-1,0,-1,4,-4,-3]]
1258290	r	3068	[[1528,294,3,-2,4,5,-1,1,-5,0],[1535,292,7,-5,2,2,1,7,-8,2]]
1258352	r	4093	[[1581,511,3,-6,3,0,-2,0,1,2,4,-2,9,8,1,5,-12,-2]]
1276977	r	929	[[1709,511,6,-3,1,5,-6,1]]
1256750	n	1575	[[1485,432,5,-6,0,3,3,-1,1,2,-1,4,-3,1,-3,0]]
1273751	r	1851	[[1561,518,3,-5,8,5,-3,5,-8,-3]]
1253944	n	1056	[[1542,210,4,-3,2,5,-2,4,-2,0]]
1254420	n	1282	[[1527,265,2,-3,3,-1,2,5,-1,3,-4,1]]
1257800	r	1445	[[1567,563,8,-4,4,2,-1,4,-8,1]]
1252956	n	1658	[[1557,329,4,-6,3,1,2,2,0,4,-3,2,-5,-1]]
1278466	n	1510	[[1751,458,0,-2,8,-1,1,3,-1,3,-5,1]]
1267267	n	1960	[[1707,433,2,-4,3,-1,3,1,2,4,-2,3,-3,1,-3,-1]]
12503616	n	987	[[1579,405,3,-7,5,5,-3,3]]
1269784	n	1079	[[1518,319,1,-2,1,3,2,0,-1,-2,1,0,5,1,-1,3,-3,2,-4,-2]]
1266509	n	327	[[1562,593,2,-4,2,0,-3,5]]
1261754	r	3448	[[1577,459,2,-4,5,-2,4,2,2,4,-2,4,-4,2,-5,-2]]
1261181	r	4819	[[1874,552,4,-13,9,2,3,6,-2,6,-7,2]]
1256620	r	1660	[[1530,419,1,-4,4,-2,1,-2,2,7,-5,6]]
1260959	r	2239	[[1501,415,2,-3,0,-2,1,0,3,-3,1,3,7,3,-9,5]]
1270947	r	2268	[[1542,232,2,-5,6,-2,2,8,-4,4]]
1271644	n	995	[[1541,598,2,-4,6,-1,1,3,-3,3,-5,0]]
1269655	n	1960	[[1867,542,2,-3,3,-2,4,2,1,3,-1,3,-4,1,-3,-1]]
1261852	n	491	[[1630,327,4,-1,4,2,-6,2]]
1272722	r	3117	[[1551,309,3,-7,10,2,-1,7,-7,2]]
1258868	n	1961	[[1503,573,1,-3,4,-2,3,2,2,3,-2,3,-3,1,-4,-1]]
1260454	r	2095	[[1598,494,2,-3,4,-2,4,2,1,4,-2,3,-3,1,-3,-1,1,-2]]
1271049	r	4050	[[1602,563,5,-8,3,1,1,3,-1,2,2,1,1,1,2,0,2,6,-5,3,-5,0]]
1271083	r	1914	[[1564,529,5,-6,5,3,-4,8,-5,-1]]
1252960	r	2698	[[1570,402,9,-9,4,5,-4,8,-8,-1]]
1254589	r	786	[[1590,217,4,-8,1,7,-2,0,0,2,-1,1]]
1253736	n	999	[[1401,436,2,-4,2,0,0,-1,2,1,1,7,-5,0]]
1261110	r	2499	[[1610,339,2,-1,-1,-3,6,-3,3,2,2,8,-3,2,-2,-3,-4,2]]
1264793	n	847	[[1465,372,2,-1,4,0,0,7]]
1253783	n	1229	[[1416,416,1,-2,3,0,4,2,0,3,-5,2]]
1256269	r	3232	[[1506,404,7,-4,6,3,-1,8,-3,2,-7,-3]]
1256104	n	1793	[[1533,274,2,-3,3,-1,4,2,1,3,-2,3,-3,1]]
1274237	r	3616	[[1519,406,0,-3,10,-6,3,1,2,8,-6,5,-5,-4]]
1268990	r	4091	[[1730,448,11,-6,2,4,2,2,-2,0,1,7,-9,2]]
8541672	n	1553	[[1585,387,1,-3,5,0,-1,2,4,-2,0,3,-1,3,-4,1,-3,-1]]
1276084	n	1745	[[1634,435,1,-3,3,0,1,-2,3,1,2,4,-1,2,-4,2,-3,-1]]
1270251	r	1103	[[1561,573,5,-4,2,1,0,6,-5,0]]
1264839	r	3472	[[1686,469,0,-2,12,-4,1,2,-1,2,1,7,-4,2,-4,-1,-4,-2]]
1269551	n	1234	[[1560,572,0,-5,2,-3,4,1,1,4,-6,4]]
1256569	n	1095	[[1568,585,2,-3,3,0,1,1,2,5,-3,3,1,-1]]
1264647	r	2792	[[1580,330,3,-7,4,-1,6,4,0,7,-1,0,-7,-2,-1,-4]]
1257379	n	898	[[1549,182,2,-3,3,1,0,6,-4,0]]
1262562	n	1024	[[1565,266,0,-4,5,-2,1,4,-4,4]]
1268111	r	3110	[[1588,304,2,-5,11,3,1,4,-9,4]]
1254335	n	604	[[1529,187,4,0,2,-3,1,5,-1,1]]
1266267	n	1366	[[1538,244,0,-2,6,-3,3,3,-2,4,-3,-2,-2,1,0,2]]
1274315	r	1850	[[1585,540,3,-4,5,0,2,8,-4,-1,-4,1,-1,2]]
1264688	r	8373	[[1847,463,4,-17,6,0,6,2,-2,6,3,4,-1,3,2,-1,2,2,-3,4,-17,0]]
12522807	n	1742	[[1718,419,1,-2,3,-2,5,2,-1,1,0,5,-2,1,-4,-1]]
1267758	r	2317	[[1842,503,8,-5,-6,0,-1,-7,8,0,1,12,-5,1]]
1275406	r	1289	[[1664,375,3,-8,5,0,2,5]]
1263101	r	1856	[[1551,236,1,-3,8,1,1,4,-3,3,-3,0,-3,-2]]
1257001	r	1114	[[1600,327,5,-2,2,4,-2,4,-3,0]]
1274890	r	3204	[[1704,454,1,-4,5,-2,7,8,0,2,-6,0,2,2,-1,1,-6,-2]]
1256854	r	1770	[[1497,434,6,-5,3,1,1,4,-1,-1,-2,1,2,3,-3,2,-6,-3]]
1270032	n	1644	[[1528,279,1,-3,3,-2,5,5,-2,4,-3,0]]
1278580	n	1048	[[1543,426,2,-7,5,2,-4,4,1,1,-1,2]]
1274571	r	2604	[[1516,570,0,-2,10,-2,6,5,-6,5,-1,-2,-7,-2]]
1261086	n	1463	[[1655,488,2,-2,8,2,-2,4,-3,1,-4,-1]]
1254331	r	1340	[[1595,266,1,-7,2,0,0,2,2,0,1,3,1,0,-2,1,1,5,-3,0]]
1254346	r	415	[[1517,220,1,-4,2,1,2,0,0,2]]
1257951	n	1476	[[1525,620,4,-4,7,4,-2,3,-3,1,-4,-1]]
1262039	r	1813	[[1559,223,9,-3,4,4,-3,2,-5,1,-1,2,-2,-2,2,-1,-3,0]]
1265310	r	1560	[[1615,554,2,-3,3,2,2,-1,3,3,2,6,-7,-3,0,-2,-1,2,-3,-2]]
1253143	n	1227	[[1437,464,3,1,-2,-3,1,-1,1,0,0,-3,3,1,3,2,-3,1,1,2,-2,3,-4,-1]]
1269665	r	1298	[[1757,529,6,-7,7,5,-3,2,-5,1,-2,-3]]
1267904	r	2590	[[1476,345,6,-3,4,2,0,5,4,-1,2,1,1,-1,1,1,-1,2,-5,1,-6,-3,-2,2]]
1279394	n	1947	[[1451,490,2,-4,3,-1,3,1,2,3,-2,4,-3,1,-4,-1]]
1258294	r	972	[[1690,544,5,-8,6,1,-4,3,-4,1,-1,5]]
1276810	r	5198	[[1487,441,8,-6,11,5,1,3,-12,7,-5,-3]]
1264551	r	2125	[[1728,489,3,-8,3,-1,7,2,1,4]]
1274862	n	1586	[[1529,289,3,-6,3,0,2,1,-1,6,-3,1]]
1274119	n	1960	[[1465,351,2,-4,3,-1,4,1,1,4,-1,3,-4,1,-3,-1]]
1263852	r	2308	[[1602,452,2,-3,3,-2,4,2,2,3,-2,3,-4,2,-3,-2]]
1268135	r	1338	[[1756,479,2,-4,8,2,-3,3,1,2,-4,2]]
1269819	n	712	[[1552,233,5,-3,3,1,0,3]]
1271346	r	1967	[[1748,455,6,-9,6,8,-10,2]]
1257851	n	1960	[[1496,283,1,-3,4,-1,3,1,1,3,-1,3,-3,2,-4,-2]]
1272606	r	3111	[[1545,375,3,-7,-1,-2,11,-2,-6,14]]
1277091	r	3506	[[1484,363,9,-2,1,5,-8,2],[1489,373,3,-4,3,1,2,-5,5,-1,0,-2,0,6,-2,3],[1493,359,4,-3,2,2,-5,3]]
1264414	r	10832	[[1637,419,1,-3,9,-10,6,5,4,12,2,1,4,-2,2,6,-2,-1,-6,4,-15,-2,2,-1]]
1256369	r	2466	[[1632,488,1,-4,5,-1,5,5,-1,4,-4,1,-5,-1]]
1267616	r	795	[[1498,253,3,-5,5,2,0,2,-1,-1,-5,3]]
1271558	n	1961	[[1595,404,2,-4,3,-1,3,1,2,4,-2,3,-3,1,-3,-1]]
1259123	r	1064	[[1585,268,2,-2,11,3,-6,3]]
1269392	n	1875	[[1447,507,2,-3,3,-2,4,2,1,3,-1,3,-4,2,-4,-3]]
1257559	n	1048	[[1520,600,4,-2,5,4,-4,4,-1,-1,-3,-1,1,-2]]
1258922	n	1933	[[1579,284,1,-3,3,-2,3,2,2,3,-2,3,-3,2,-2,-1]]
8430980	n	1144	[[1828,504,5,-2,5,2,-2,3,-3,1,-4,-1]]
1260674	n	1083	[[1571,264,1,-2,7,0,-1,5,-2,1]]
1268189	n	1404	[[1545,249,2,-2,3,0,3,2,0,3,-3,3]]
1252840	r	7337	[[1877,528,3,-10,17,-4,2,2,1,5,-1,6,-6,2,-7,0,0,2,-3,-4,-1,1]]
1253807	r	4061	[[1579,415,6,-6,6,-1,6,6,-9,8,-5,-1]]
1260222	n	1504	[[1664,376,8,-4,1,4,-2,4,-5,-1]]
1261008	n	978	[[1523,217,2,-3,5,-2,-1,5,-3,1]]
1272640	n	1511	[[1487,548,1,-3,3,-1,6,4,-3,4]]
1272225	r	2144	[[1680,505,4,0,4,3,0,8,-1,1,-5,1]]
13156777	n	1269	[[1598,336,2,-2,4,0,2,2,0,3,-2,2]]
1258581	r	2500	[[1747,486,9,-7,5,6,-5,4,-5,2]]
1271151	r	6300	[[1802,519,5,1,1,-3,11,-6,5,4,0,14,-8,-2,-3,-3,-5,0,2,2,-5,-1,1,-1]]
1254054	n	1426	[[1646,347,3,-3,7,4,-2,2,-3,2,-3,-2]]
1265354	n	843	[[1496,557,2,-4,5,2,0,4]]
1256722	n	956	[[1532,334,9,-3,-3,7]]
1275848	n	1763	[[1573,350,1,-3,4,-1,3,1,2,3,-5,5,-4,-2]]
1259124	n	1572	[[1500,254,4,-3,2,1,0,-1,2,2,0,4,-2,2,-4,0]]
1255654	n	1960	[[1475,562,2,-3,3,-2,4,2,1,3,-1,3,-4,2,-3,-2]]
1278935	r	935	[[1637,333,1,-5,6,3,-3,4]]
1278354	n	1423	[[1521,266,0,-2,5,-2,2,7,-5,1]]
1259811	r	3249	[[1480,362,8,-10,5,-1,3,2,1,3,-4,3,1,2]]
1278294	r	2227	[[1529,460,1,-3,4,-2,4,1,2,3,-3,5,-6,0]]
1257459	r	2786	[[1604,542,1,-6,7,0,5,8,-8,3]]
1253182	r	2815	[[1549,339,3,-1,3,3,3,-3,2,2,-1,1,5,0,-2,7,-5,4,-2,0,0,-1,-3,-2,2,0,2,-6,-3,-2,-3,0]]
1266217	r	3110	[[1574,522,3,-7,4,-4,5,4,-2,3,2,2,-1,3,-4,3]]
1253251	r	1483	[[1585,278,4,-2,1,2,2,0,1,-1,3,2,-6,7]]
1275435	r	2280	[[1616,545,3,-2,8,3,-2,9,-3,-3,-2,1,-3,-2]]
1256029	n	996	[[1535,310,2,-2,4,1,0,6,-1,1]]
1266073	n	1150	[[1544,554,5,-3,5,4,0,2,-2,2]]
1256064	r	2273	[[1548,482,1,-4,4,-1,6,5,-2,4,-6,1]]
1269256	r	2954	[[1577,356,8,-8,7,3,-2,3,0,4,-5,2]]
1273390	r	1415	[[1684,505,3,-7,6,-1,1,2,-7,8]]
1273574	n	1678	[[1488,305,1,-3,3,-1,4,1,1,3,-2,4,-3,-2,-3,1]]
1262663	n	911	[[1503,327,4,-5,2,2,1,3,0,1,-6,0]]
9072827	r	2112	[[1530,196,8,-5,2,5,-4,7,-2,1]]
1278334	r	1250	[[1687,507,8,-8,-1,2,2,0,1,4,-3,0,1,3,-7,0]]
1256431	r	1003	[[1528,333,0,-1,4,0,-1,-5,7,3,-5,3,-1,2]]
1263824	n	1011	[[1382,458,10,-2,-1,3,-3,2,-3,0]]
8741053	n	1637	[[1687,444,2,-4,5,0,0,8,-5,0]]
1270722	r	5738	[[1681,461,2,-6,5,-3,8,1,4,7,-3,1,1,2,-14,4]]
1258637	r	3628	[[1576,594,1,-5,1,-1,-1,-1,3,0,4,-4,7,11,-8,3,-6,-1]]
1256418	r	2158	[[1530,465,7,-1,3,5,-1,2,-4,2,-4,0]]
1256363	n	703	[[1555,265,4,0,0,7,-1,0]]
1266620	r	1654	[[1562,479,2,-3,4,0,4,6,-3,3]]
11184474	n	1036	[[1501,609,2,-8,4,2,-1,7]]
1263661	n	1097	[[1526,221,1,-1,0,-2,2,-1,5,3,-2,3,-2,1]]
7302835	n	450	[[1570,378,1,-3,1,0,3,5,-3,0]]
1258201	r	1441	[[1613,318,3,0,1,-4,1,7,0,-4,2,-1,2,3,-4,6,-4,-3]]
1269873	n	1826	[[1521,246,2,-4,5,0,1,1,0,6,-5,1]]
1271874	r	2141	[[1737,529,1,-4,5,-6,5,4,2,5,-8,0,-1,4]]
8741024	r	2542	[[1651,371,7,-3,5,8,-1,2,-5,3]]
1271780	n	661	[[1560,577,1,-3,6,3,0,3,-5,0,0,-2]]
1273708	n	49	[[1453,398,1,0,0,1,-1,0]]
1257587	r	2306	[[1655,365,3,-2,9,4,-3,8,-1,1]]
1276371	n	1894	[[1667,501,2,-4,4,-1,3,2,1,4,-2,3,-4,0,-3,-1]]
1270000	r	1515	[[1539,556,2,-4,10,6,0,2,-3,0,-1,2,-1,-2,-5,-1]]
1276328	r	1858	[[1614,357,4,-9,4,2,1,3,-1,4,-4,2]]
1267776	n	1514	[[1517,691,2,-3,4,-1,3,1,2,3,-1,3,-7,0]]
98182	r	3152	[[882,661,0,-1,9,-1,1,5,6,4,-13,4,0,-3,-1,-5,2,0]]
99071	n	5015	[[851,727,2,-5,6,-4,3,0,2,4,3,-1,4,1,-1,7,-4,1,1,2,-10,-1,-5,-2]]
95446	n	4953	[[870,729,1,-7,5,-1,-2,-5,2,-1,6,1,0,4,4,0,2,3,0,3,-5,5]]
99532	n	4316	[[946,612,3,-2,0,-4,3,-3,8,2,3,3,-3,1,0,11,-12,-6]]
94824	n	5257	[[870,652,2,-5,5,-3,3,4,4,-2,2,7,5,1,0,1,-9,3,-1,-1,-3,3,-5,-2]]
94787	n	6586	[[877,709,1,-4,5,-4,15,5,1,1,-2,7,-7,4,-11,-3]]
100077	n	973	[[879,664,3,-2,4,2,-2,0,1,7,-5,-1]]
98463	n	1960	[[903,711,2,-3,4,-1,4,1,1,3,-1,3,-4,2,-4,-2]]
98854	n	1853	[[920,621,1,-3,4,-1,4,1,1,3,-3,4,-6,-1]]
98860	n	2449	[[882,641,3,-4,9,-2,-2,7,3,0,-6,3,-5,-1]]
99347	n	1340	[[884,646,5,-1,4,6,-2,3,-5,-1]]
96994	n	2763	[[851,737,2,-3,7,-2,4,1,2,3,-2,4,-4,2,-8,-3]]
99608	n	1960	[[938,637,1,-3,4,-2,4,2,1,3,-1,3,-4,1,-4,-1]]
99762	r	4478	[[892,642,2,-7,2,1,0,-5,14,5,0,6,-8,4,-6,-1,0,-2]]
99131	n	1783	[[912,648,4,-2,5,2,0,4,-3,2,-4,0,-1,0]]
99106	n	1388	[[940,619,3,-4,6,1,-4,8,-3,-2]]
95005	n	1669	[[901,693,2,-4,7,1,2,3,-2,3,-4,1,-3,-1]]
98717	n	1927	[[861,668,1,-3,5,-1,4,2,0,4,-2,2,-3,1,-4,-1]]
99454	n	1787	[[871,666,2,-3,5,0,1,1,1,6,-3,1,-3,0,-3,-1]]
98622	n	1853	[[918,628,3,-4,6,1,2,3,-2,3,-4,2,-3,-2]]
94591	n	1246	[[902,687,3,-4,6,0,0,3,-3,3,2,1,-7,-1]]
97783	n	1834	[[864,699,2,-3,3,-2,6,3,0,2,-1,3,-4,1,-4,-1]]
91057	n	1960	[[859,710,2,-3,4,-1,4,1,1,3,-1,4,-4,1,-4,-1]]
91597	n	1960	[[872,684,2,-3,4,-2,4,2,1,3,-1,3,-4,2,-4,-2]]
99062	n	1854	[[893,680,5,-5,4,1,2,3,-1,3,-4,2,-4,-1]]
98530	n	1960	[[901,627,1,-4,4,-1,4,1,1,4,-1,3,-4,1,-4,-1]]
97990	n	2315	[[885,676,1,-3,5,-2,4,1,2,3,-5,6,-5,-1]]
92615	n	1281	[[898,721,4,-2,4,1,-1,8,-3,0]]
98993	n	1370	[[945,624,4,-8,4,2,0,4,-1,2,-3,1]]
90026	n	1960	[[887,698,2,-3,4,-2,3,2,2,3,-2,3,-3,1,-4,-1]]
92052	n	2667	[[889,727,1,-7,7,-2,5,10,-7,2]]
92511	n	1765	[[916,637,2,-3,3,-1,4,1,2,3,-2,4,-8,-1]]
98846	r	4729	[[899,652,3,-6,8,-4,4,19,-6,1]]
89824	n	874	[[953,602,6,-2,0,2,0,-2,5,1,-4,4,-3,0]]
445694	n	1750	[[872,735,2,-4,3,-1,5,1,1,4,-3,3,-7,-1]]
99446	n	416	[[964,600,7,-1,-2,1,-1,4]]
99226	n	721	[[882,658,10,-2,-1,3,-9,1]]
89570	n	1313	[[848,742,4,-3,6,2,1,2,-4,4,-3,-4]]
99010	n	1330	[[889,645,6,-3,4,4,-2,3,-3,2]]
96961	n	1960	[[885,733,2,-3,4,-1,4,1,1,3,-1,3,-4,2,-4,-2]]
99350	n	1705	[[915,643,2,-3,8,1,1,2,-1,4,-4,1,-5,-2]]
98459	n	1819	[[891,659,1,-3,3,-2,4,1,2,3,-1,3,-4,2,-3,-1]]
92138	n	1324	[[815,687,2,-3,4,-1,3,2,1,3,-3,4,-3,-4]]
96205	n	966	[[916,707,1,-6,6,1,0,2,-3,4]]
384945	n	1617	[[908,702,4,-4,5,1,-1,7,-5,0]]
13680586	n	1701	[[870,741,3,-4,8,2,0,2,-3,4,-6,-1]]
90150	n	1835	[[868,692,2,-3,4,-1,3,1,2,3,-1,3,-3,2,-6,-3]]
112931	r	6700	[[1020,711,1,-7,2,0,2,1,-3,5,5,-5,5,3,8,1,4,6,-5,5,-8,-1,-1,5,-2,0,-2,-8,-4,-1,2,-1]]
124665	r	4883	[[1184,726,1,-5,17,1,1,4,-3,6,-7,3]]
418863	r	6836	[[1020,653,2,-3,7,-1,3,1,3,-5,6,2,1,4,-2,3,3,1,-2,4,-3,-2,-3,5,-5,1,-4,-2,-2,-3,-3,-2]]
128747	r	2944	[[1010,714,3,-4,7,1,4,3,-2,1,4,1,0,3,-4,-3,5,5,-5,2]]
113646	r	4948	[[915,759,3,-5,6,-1,8,4,2,5,-3,5,-7,1,-7,-6]]
115019	r	6100	[[1042,586,2,-2,14,1,3,4,-7,5,-3,8,-2,0,-6,-4]]
119208	r	5307	[[1008,693,3,-6,7,-2,7,3,2,5,-3,5,-6,3]]
144448	r	4342	[[967,625,3,-5,6,0,3,5,4,-1,0,6,-4,3,-6,1]]
128226	r	3220	[[933,689,5,-9,8,0,0,12,-12,-2]]
118743	r	3493	[[982,749,2,-4,10,4,-11,3],[983,744,4,-5,7,0,3,10,-3,0]]
128234	r	4729	[[1134,606,2,-5,6,-2,5,2,3,5,-3,5,-5,2,-6,-2]]
121801	r	3537	[[894,751,3,-5,9,0,3,5,-2,4,-5,2,-6,-2]]
1159301	r	3368	[[1210,590,2,-4,5,-2,5,1,2,5,-6,6,-5,-1]]
132144	r	2122	[[966,700,1,-6,9,-2,0,1,1,4,-2,3,-5,2]]
143127	r	3646	[[987,682,2,-5,5,-1,7,3,0,3,-2,4,-5,2,-5,-2]]
111822	r	4308	[[1079,638,2,-5,6,-2,6,2,3,5,-2,4,-5,3]]
143083	r	3111	[[959,764,3,-4,5,-1,5,2,1,5,-3,4,-6,1,-3,-2]]
111453	r	3678	[[962,734,3,-5,5,-2,5,2,3,5,-3,4,-5,2,-5,-2]]
141681	r	3069	[[1118,544,1,-3,3,2,11,1,-2,5,-5,2,-6,-2],[1120,539,3,-2,3,2]]
117574	r	3011	[[933,706,3,-4,6,-1,4,2,1,3,-2,4,-5,2,-5,-2]]
119505	r	3291	[[993,726,6,-7,2,0,3,0,-2,6,2,-5,5,6,-5,3,0,1,-4,1,-4,-1,0,-1]]
127319	r	2169	[[960,610,4,-3,8,7,-5,3,-7,0]]
127349	r	3859	[[960,668,3,-4,6,-1,5,4,0,5,-7,4,-2,0,-5,-3]]
128476	r	3449	[[1022,680,2,-5,6,-1,5,4,-5,1,5,-1,1,4,-3,4,-5,0,-3,-1]]
136256	r	1282	[[965,647,6,-4,4,5,-1,4]]
124877	r	3712	[[914,747,3,-4,11,0,3,2,1,3,-2,4,-5,2,-8,-3]]
124878	n	1960	[[1187,717,2,-4,4,-1,4,1,1,4,-1,3,-4,1,-4,-1]]
116996	r	2390	[[1057,735,6,-9,7,2,-2,9]]
140044	r	2591	[[968,678,1,-2,6,-4,7,4,0,2,-1,3,-8,1]]
132892	r	2283	[[1084,732,5,-1,5,2,-2,9,-6,0]]
118063	r	2622	[[1147,724,2,-3,5,-2,4,2,2,3,-2,4,-4,1,-5,-1]]
143534	r	2039	[[1040,729,1,-3,3,-2,8,2,-3,8,-8,-2]]
145459	r	1522	[[964,607,4,-3,1,-3,3,2,1,4,-3,5]]
112214	r	2158	[[1026,704,2,-3,5,-1,6,3,2,4,-1,2,-8,-1]]
122285	r	3026	[[1169,724,2,-4,5,-1,5,1,2,4,-1,3,-6,3,-5,-2]]
116667	r	2947	[[1000,700,2,-4,5,-1,5,1,2,4,-2,4,-5,2,-5,-2]]
122438	r	2867	[[1005,719,4,-5,12,8,-4,3,-7,1]]
120695	r	1265	[[1053,725,4,-1,6,2,-6,7]]
142363	r	1076	[[1049,734,4,-8,4,9]]
114259	r	3545	[[1107,589,2,-4,5,-2,5,2,2,4,-2,4,-5,2,-5,-2]]
126972	n	1883	[[893,771,1,-2,6,-2,3,1,2,3,-2,3,-4,2,-4,-2]]
140463	r	3065	[[1178,657,2,-4,4,-1,5,1,2,4,-2,4,-5,2,-4,-2]]
139889	r	2090	[[918,730,1,-3,11,2,1,1,-1,3,-3,2,-6,-1]]
140380	r	2574	[[1140,750,1,-4,4,-2,7,3,1,4,-3,3,-4,1,-4,-2]]
125185	r	2152	[[971,687,2,-5,7,0,3,3,-1,4,-4,2,-3,0]]
121110	r	1547	[[897,736,4,-2,-1,-3,1,-2,5,1,3,3,-5,5,-6,-1]]
125446	r	2118	[[909,734,0,-3,5,-1,3,0,4,4,-7,7]]
139817	r	1585	[[1013,584,6,-3,-1,-2,-2,1,2,-3,2,-1,1,-2,2,2,2,3,-9,7]]
117392	n	1647	[[920,725,3,-4,2,-1,4,2,2,3,-2,3,-9,-1]]
135423	r	2993	[[1093,728,2,-4,5,-1,5,1,2,4,-2,4,-3,2,-7,-1]]
141663	n	2176	[[977,609,0,-2,4,2,-1,1,4,0,1,-1,-1,-2,-6,1,6,-3,4,4,1,4,-3,2,-4,1,-3,-2]]
132938	n	1935	[[1098,745,1,-2,4,-3,4,2,2,3,-2,3,-4,2,-4,-2]]
124721	r	2059	[[1052,601,2,-7,3,-2,4,3,1,4,-3,3,-4,1]]
118994	r	3819	[[1113,608,2,-4,5,-2,5,2,2,4,-2,5,-5,2,-5,-2]]
130531	r	3121	[[1064,570,2,-4,5,-2,5,2,2,4,-1,4,-8,1]]
130802	r	2801	[[922,673,2,-4,4,-2,5,2,2,4,-2,4,-7,1,-3,-2]]
112646	r	3586	[[1177,705,2,-4,5,-2,6,2,2,4,-2,5,-6,2,-5,-2]]
124778	r	2039	[[919,712,3,-7,6,1,2,4,-1,3,-3,2,-6,-1]]
143420	r	1694	[[960,649,5,-2,8,4,-3,3,-4,1,-4,-2]]
418533	r	3141	[[1031,642,1,-6,3,-2,6,1,3,4,0,4,-3,3,-6,-1]]
124085	r	2134	[[916,741,5,-7,6,1,2,4,-1,4,-3,0,-8,0]]
128447	r	2945	[[1163,705,2,-4,4,-2,5,2,2,4,-2,4,-5,1,-4,-1]]
1160939	n	1960	[[1209,544,1,-3,4,-2,3,2,2,3,-2,3,-3,2,-4,-2]]
6925362	r	3077	[[1148,574,2,-4,5,-2,4,2,2,4,-2,4,-4,1,-5,-1]]
115770	r	2530	[[1011,647,2,-4,3,-2,4,1,3,3,-1,5,-4,2,-5,-1]]
116402	r	3221	[[1061,712,2,-4,5,-2,5,2,2,4,-2,4,-5,1,-5,-1]]
124862	n	1960	[[910,769,1,-4,4,-1,4,1,2,4,-2,3,-4,1,-4,-1]]
140951	r	2270	[[999,612,1,-3,4,-2,4,1,3,3,-6,6,-4,-1]]
1113217	r	2765	[[1224,621,1,-4,5,-2,4,2,2,4,-2,3,-4,2,-5,-2]]
135878	n	1960	[[976,670,1,-3,4,-2,4,2,2,3,-2,3,-4,1,-4,-1]]
130697	r	4329	[[990,633,11,-3,4,4,0,5,-4,4,-7,0]]
128321	r	2713	[[1027,592,1,-2,5,-3,4,2,2,3,-1,4,-4,2,-5,-2]]
119115	r	2563	[[1164,742,2,-3,4,-2,5,2,2,3,-2,4,-5,1,-4,-1]]
140097	r	2462	[[1019,585,5,-5,5,2,1,3,-1,4,-5,2,-4,-2]]
141584	n	1734	[[912,720,3,-4,1,0,6,1,1,3,-3,4,-2,1,-4,-2]]
139223	r	1379	[[1022,733,2,-3,4,-2,4,1,3,3,-13,3]]
124082	r	2811	[[948,748,2,-3,4,-2,5,2,2,3,-2,4,-5,2,-4,-2]]
121380	r	1160	[[952,791,6,-3,6,2,-5,4]]
114584	r	2506	[[971,641,2,-4,5,-1,2,0,3,7,-3,3,-4,0,-5,-3]]
126015	r	1344	[[995,741,7,-2,0,9,-5,1]]
144616	r	2377	[[935,770,2,-4,4,-1,5,1,2,4,-2,3,-5,2,-4,-2]]
124620	r	3099	[[980,635,4,-2,6,0,3,8,-4,4,-6,0]]
141736	r	3728	[[1160,582,2,-4,5,-2,5,2,2,4,-2,5,-5,1,-5,-1]]
134721	r	2917	[[1067,581,2,-6,8,-1,2,3,0,4,-3,3,-5,0]]
123941	n	1921	[[1137,543,1,-3,1,0,0,-1,3,-1,3,1,2,4,-2,3,-3,1,-4,-1]]
6659672	r	1403	[[1012,709,3,-4,6,-1,-1,7]]
66093	r	2900	[[1025,613,2,-3,5,-2,4,2,2,3,-2,4,-4,2,-5,-2]]
136014	n	1960	[[1011,607,1,-3,4,-1,4,1,1,3,-1,3,-4,2,-4,-2]]
140918	r	1672	[[1068,737,2,-8,4,0,3,2,1,3,-2,2,-4,2,3,0]]
135175	n	1960	[[925,682,2,-3,4,-1,3,1,2,3,-2,3,-3,2,-4,-2]]
143921	r	2438	[[988,668,1,-3,4,-2,5,1,2,3,-6,6,-4,-1]]
126409	r	2522	[[946,671,2,-4,4,-2,5,2,1,4,-1,3,-5,2,-4,-2]]
119161	r	2661	[[950,703,2,-3,4,-2,6,3,1,2,-2,4,-5,2,-4,-2]]
114930	r	2405	[[1152,747,4,-4,3,0,4,2,2,3,-2,4,-5,1,-4,-2]]
117656	r	2289	[[889,764,2,-4,4,-1,5,1,2,4,-1,2,-8,3,-3,-2]]
122698	r	1457	[[904,738,5,-4,5,6,-3,3,-4,1]]
127403	r	2093	[[995,673,5,-5,8,6,-2,3,-5,1,-4,-1]]
114593	n	1586	[[959,644,2,-3,4,-2,4,2,1,2,-8,5]]
122915	r	1785	[[962,686,3,-7,4,0,4,3,-2,5,-6,1]]
118826	r	2474	[[986,626,2,-4,4,-1,4,1,2,4,-2,3,-4,2,-4,-2]]
124210	n	1960	[[948,768,2,-3,4,-2,4,2,1,3,-1,3,-4,2,-4,-2]]
113491	r	1860	[[988,719,6,-3,6,3,-7,7,-3,0]]
137956	r	2837	[[1085,575,1,-4,5,-1,4,1,2,4,-2,4,-4,1,-5,-1]]
145034	r	2912	[[978,722,3,-4,6,0,1,0,2,8,-3,3,-5,0,-4,-3]]
1160571	r	2894	[[1218,564,2,-3,4,-2,5,2,2,3,-2,4,-5,2,-4,-2]]
418625	r	975	[[1027,643,4,-1,4,3,-3,5,-3,-1]]
125897	r	1016	[[1002,739,4,0,3,3,-4,5,-3,1]]
138025	r	2577	[[1080,723,2,-3,5,-2,4,2,2,3,-2,4,-4,2,-5,-2]]
121861	r	2447	[[988,615,2,-3,4,-2,4,2,2,3,-2,4,-4,1,-4,-1]]
24851	r	2000	[[953,680,2,-2,4,-2,6,3,-3,7,-5,0]]
134518	r	2593	[[1046,577,1,-4,4,-1,5,1,1,4,-1,3,-5,2,-4,-2]]
125877	r	3254	[[1080,554,2,-5,5,-1,4,1,2,5,-2,4,-4,1,-5,-1]]
128847	n	1219	[[1036,557,4,0,5,-3,1,3,-1,3,-4,1,-3,-1]]
1159713	r	2595	[[1241,547,1,-3,5,-2,4,2,1,3,-1,4,-4,2,-5,-2]]
135298	r	2556	[[1143,742,2,-4,5,-2,5,2,2,4,-5,5,-8,-3]]
48918	n	1953	[[1058,577,2,-4,3,-1,4,1,2,4,-2,3,-4,1,-3,-1]]
145449	r	3241	[[1046,623,2,-4,5,-2,5,2,2,4,-2,4,-5,2,-5,-2]]
111421	r	3888	[[1124,616,2,-4,5,-2,5,2,3,4,-3,5,-5,2,-5,-2]]
133037	r	2296	[[1000,668,2,-3,5,-1,4,2,1,4,-4,4]]
1159362	r	2593	[[1206,705,2,-4,4,-1,5,1,2,4,-2,3,-5,2,-4,-2]]
143073	r	3140	[[1074,645,2,-4,5,-1,6,3,0,4,-3,3,-5,2,-4,-3]]
131962	r	2110	[[946,683,3,-2,4,-1,4,6,-4,4,-3,0,-3,-2]]
128905	n	1878	[[934,694,3,-2,4,0,3,2,0,3,-3,3,-4,0,-3,-1]]
140046	r	2544	[[1020,639,1,-3,4,-2,4,1,3,3,-1,4,-8,2]]
121925	r	3300	[[1024,602,1,-3,3,-2,7,1,2,4,-2,5,-6,1,-4,-2]]
136987	n	1812	[[1006,616,5,-5,4,1,1,3,-1,4,-3,1,-4,-1]]
418418	r	802	[[1022,650,1,-6,4,-1,2,6]]
142872	r	1683	[[956,696,8,-4,3,2,-1,6,-5,0,-4,-1]]
25883	n	1875	[[924,696,3,-4,4,0,3,2,0,5,-6,2]]
141653	r	1534	[[1076,736,2,-3,6,0,2,9,-7,1,2,-6]]
138742	r	2547	[[1176,733,2,-4,4,-1,5,1,2,4,-2,4,-5,1,-4,-1]]
144038	n	1817	[[1092,740,2,-5,2,-1,4,0,3,3,-1,3,-3,3,-4,-1]]
134217	n	1040	[[1007,595,6,-7,2,1,0,3,-2,3,-3,1]]
6961608	r	3152	[[1148,559,1,-4,5,-2,5,2,1,4,-1,4,-5,2,-5,-2]]
115781	r	3075	[[1096,602,2,-4,4,-1,5,1,2,4,-2,4,-5,2,-4,-2]]
113508	r	2517	[[936,728,2,-4,4,-1,5,1,2,4,-2,4,-5,1,-4,-1]]
137268	r	2465	[[958,631,2,-3,4,-2,4,1,2,4,-2,4,-4,1,-4,-1]]
128831	n	1641	[[954,690,4,-4,3,0,3,2,0,4,-7,2]]
128008	n	1960	[[965,752,2,-3,4,-1,4,1,1,3,-1,4,-4,1,-4,-1]]
121795	n	1479	[[896,741,3,-4,5,1,3,5,-7,2]]
112422	r	1427	[[964,692,1,-4,6,-1,4,4,0,1,-8,2]]
140521	r	2642	[[946,717,1,-3,5,-2,5,2,1,3,-1,4,-5,2,-5,-2]]
3413829	r	3995	[[-445,1290,3,-1,1,2,5,1,-9,-1],[-445,1281,3,-4,15,0,3,1,-2,0,2,1,3,0,-3,-1,4,-1,2,2,-3,0,3,1,1,3,-5,6,-13,3,-5,-3,-1,-1,4,0,-5,-2,14,2,-7,-1,-4,-2,5,-2,-6,0,2,-1,-3,0,2,-1]]
8644037	r	525	[[-455,1278,1,-2,11,1,-2,4,-5,-1,-4,2,-1,-3,2,0]]
2633274	r	34779	[[-416,1313,2,-5,4,-4,15,-8,16,-4,17,-1,21,2,17,5,12,7,4,9,-1,4,-4,5,-8,5,-8,2,-2,0,3,-4,-2,-2,1,-1,-3,0,1,1,-3,-1,2,-1,-6,0,-5,2,-4,-2,-1,-3,-4,1,2,0,-2,-1,1,-1,-7,5,-8,1,0,-4,4,-2,1,-5,-5,5,-5,1,0,3,-6,2,-5,-1,1,-2,-8,0,1,-1,-2,-1,2,-2,-1,-2,-9,3,-4,5,-6,-1,-1,-1,4,-8,-3,-2,0,1,-3,0,2,-1,-1,-1,-3,1,0,3]]
3169070	r	6446	[[236,842,7,-4,1,-3,9,-6,12,5,-3,4,0,5,-5,3,-9,-2,-7,2,0,-1]]
3173435	r	4953	[[170,904,7,-3,3,-2,5,-1,7,9,-4,9,-6,-3,-3,2,-5,-4,2,-2]]
3172394	r	3290	[[278,822,3,-6,5,1,3,-2,-2,-4,5,2,0,4,1,1,-3,8,-7,1]]
3165524	r	3708	[[145,901,3,-6,8,-1,1,1,5,9,-5,3,-5,0,-5,-2]]
2523920	r	2164	[[259,761,2,-3,5,-2,0,1,7,0,4,3,-9,2,-2,2,-4,0]]
3176219	r	2532	[[172,892,2,-4,4,0,6,-2,1,1,3,-2,3,5,-2,3,-6,3]]
3181928	r	1979	[[219,886,8,-3,6,9,-8,3]]
3176959	r	2017	[[218,872,3,-1,9,0,3,3,0,3,-4,4]]
3182351	r	1731	[[328,821,13,-5,5,3,-15,6]]
2525068	r	2818	[[292,750,2,-4,4,-2,6,2,-2,1,0,3,3,6,-9,0,-3,-3]]
3164527	r	3701	[[211,905,4,-2,7,-1,5,3,-3,10,-7,1,-4,-2]]
2524170	r	1185	[[301,763,4,-5,8,8,-7,-2,-1,1],[316,766,3,2,-1,1]]
3165185	r	383	[[267,915,1,-1,3,2,4,-3,1,-1,-2,0,4,1,-6,3,0,3]]
3171728	r	1314	[[231,906,12,-2,-3,8,-3,2]]
3181554	r	2770	[[197,908,11,-3,4,3,1,4,-5,4,-7,0]]
3165926	r	2518	[[335,805,6,5,7,-3,6,0,-5,10,-2,1,-6,-2]]
3171457	r	2629	[[197,894,3,-4,6,-1,7,13,-3,1,-11,-6]]
3169921	r	2983	[[212,884,5,-12,12,9,-10,5,-5,0]]
3173331	r	3112	[[212,899,4,-5,-2,-7,5,-1,6,9,-1,6,-8,1,-4,-1]]
2523630	r	1884	[[305,758,1,-1,3,4],[312,762,2,-3,6,-1,2,1,1,4,-4,5,-6,-4]]
3169522	r	1469	[[206,889,8,-2,2,7,-4,5]]
3174659	r	1453	[[206,871,5,-6,0,-4,3,2,3,7,-9,2]]
2525473	r	3531	[[174,785,1,-4,4,-2,2,1,-1,3,2,1,8,-2,3,6,-6,3,-7,0,-4,-2]]
3169361	r	986	[[245,876,6,-2,4,6,-6,4]]
3173529	n	1217	[[240,912,3,-8,5,-4,1,0,-3,2,0,3,-1,-1,-2,2,2,3,5,2,2,0,-4,-2,10,3,-1,2]]
3176885	r	1996	[[302,828,6,-7,7,7,-1,0,2,0,-3,5]]
3177090	r	2307	[[224,902,1,-7,8,-3,5,1,5,3,-17,7]]
3168673	r	1690	[[292,813,4,0,4,-5,3,3,0,3,-3,4,-7,0,-1,-1]]
2523083	r	939	[[298,744,4,-7,5,3,-3,4,1,1,-1,1]]
3182164	r	2174	[[188,916,4,-7,1,-1,4,1,4,7,-3,3,-5,1,-4,-2]]
3165243	r	3696	[[213,921,3,-5,8,-1,7,3,1,3,-1,3,-13,3,-4,-2]]
3171180	r	3725	[[237,861,4,-5,5,0,11,11,-8,3]]
3171168	r	1615	[[276,848,6,-4,8,2,-10,8]]
3176746	r	1212	[[233,880,5,-2,6,7,-5,3]]
3164419	r	2309	[[224,914,3,-8,2,-1,2,1,6,8,-1,2,-4,1]]
3165771	r	3516	[[244,851,1,-3,4,-3,10,1,3,6,-1,2,-15,2]]
3170647	r	745	[[205,874,1,-2,11,-1,-1,1,-9,4]]
3181913	r	3027	[[218,930,1,-3,10,-3,4,2,2,4,-2,4,-6,2,-6,-2]]
3171058	r	2393	[[186,898,7,-3,5,0,1,2,-5,10,-4,-1]]
3172189	r	1808	[[164,909,2,-4,4,-1,6,5,-9,5]]
3182884	r	3877	[[230,871,5,-10,2,0,11,9,-3,5,-9,2]]
3165072	r	3007	[[256,921,3,-4,7,-2,6,4,-3,1,4,3,-5,1,-1,2,1,1,-4,0,-6,-2]]
3183072	r	859	[[321,819,7,2,0,3,-1,-1,0,2,-5,0]]
3178957	r	1340	[[238,877,7,-2,4,9,-2,2,-4,-2]]
3175081	r	983	[[190,885,7,-4,0,1,2,-1,1,6,-6,0]]
3182340	r	254	[[321,828,1,-3,5,1]]
3183299	r	2416	[[168,904,0,-12,4,0,10,3,-5,6]]
3167096	r	5128	[[163,815,1,-1,-1,-3,3,1,2,-3,1,-5,9,1,5,4,-4,12,-9,-5,-4,1,-2,3]]
3183089	r	1618	[[261,870,6,-4,8,0,-5,7,-5,1]]
3181528	r	1418	[[350,816,4,-9,8,3,-2,3]]
3165201	r	2136	[[237,915,3,-3,13,1,-1,4,-5,2,-6,0]]
3178229	r	1181	[[179,915,4,-1,5,2,1,3,-7,3,-2,-3,1,-1,-2,-1]]
3174530	r	1098	[[207,878,0,-2,9,-4,-4,12,-4,-3]]
3169561	r	1459	[[238,893,1,-5,2,-2,3,-2,3,2,-2,8,1,3]]
3174953	r	2418	[[354,806,4,-1,3,-6,6,0,3,3,-3,5,-5,3]]
3164699	r	1196	[[168,916,11,-1,-1,3,-3,2,2,1,-2,1,-5,-2]]
2525059	r	1466	[[326,773,5,-2,1,5,6,3,-3,5,-3,-1]]
2524245	r	313	[[248,756,2,-2,4,3,-4,2]]
3171173	r	718	[[250,873,2,-1,8,6,-5,2]]
3175058	r	1805	[[254,829,4,-1,3,-4,5,2,2,4,-3,4,-9,-3]]
2524653	r	1490	[[275,743,7,-1,5,-2,5,6,-1,1]]
3182714	r	2495	[[157,894,5,-2,6,0,0,12,-6,0]]
2523650	r	1163	[[289,738,0,-2,3,1,-1,-1,1,-1,4,4,2,0,-1,2,1,-2,2,1,-2,4,-4,2,-2,-7]]
3177838	r	1893	[[195,907,4,-10,10,5,-1,3,-11,3]]
3183178	r	1558	[[322,818,2,-5,15,4,-11,4]]
6534232	r	1472	[[320,774,6,-2,6,11,-10,-1,2,-6,-1,-2]]
3175537	r	1917	[[227,883,6,-3,6,8,-1,5,-5,-1]]
2522876	r	996	[[249,758,4,-1,7,0,-1,4,-4,3,-1,-2,-4,-2]]
3173775	r	1501	[[199,881,5,-2,7,4,-1,1,-5,-2,4,3,-4,2,-5,0]]
2524881	r	1608	[[334,784,4,-5,4,-1,2,2,-2,2,1,6,-4,0]]
2524907	r	2463	[[319,790,3,-8,10,2,0,4,-3,3,-6,1]]
2525448	r	5346	[[271,750,3,-6,17,4,0,4,-4,5,-6,1,-9,-4]]
3164433	r	280	[[204,879,1,-4,2,1,1,5]]
3167022	r	2044	[[160,886,4,-5,5,5,5,2,-2,4,-4,0,-5,-1]]
3177219	r	1067	[[253,873,9,-3,3,4,-6,4]]
3175786	r	4698	[[210,859,5,-1,0,-2,8,-5,1,-2,-2,0,1,-2,2,1,5,0,5,6,-1,5,-20,4]]
3173721	r	2838	[[324,813,1,-5,9,-2,7,10]]
3172087	r	3940	[[179,821,4,-10,6,-1,7,1,-3,5,1,1,-4,1,3,2,-3,0,0,3,-1,-1,-1,2,-3,1]]
3182179	r	2507	[[290,826,3,-8,9,0,2,3,0,4,-3,3]]
3174092	r	1617	[[313,833,3,-5,4,1,-2,3,6,4,0,2,-10,0]]
3176854	r	3303	[[246,856,17,-2,2,7,-3,3,-5,3]]
3170027	r	4081	[[308,813,2,-5,5,-2,6,1,3,4,-2,7,-2,1,-9,-1]]
3177700	r	3822	[[142,888,2,-4,4,-2,5,2,1,-2,4,2,2,4,-3,5,-8,1,-5,-2]]
3182007	r	138	[[328,824,0,-3,3,4,-2,0]]
2524119	r	1010	[[292,736,11,-2,-3,6,-2,-1,-1,2,1,-2,-2,0]]
3165803	r	2640	[[265,853,11,-5,4,6,-2,5,-5,1,-5,-2]]
3179075	r	2206	[[308,821,1,-1,12,-1,0,9,-5,1]]
3165322	r	104	[[327,825,0,-2,2,2]]
3166548	r	3011	[[218,866,3,-4,6,-2,7,4,-4,7,-10,-1]]
3167731	r	2499	[[298,839,4,-10,11,4,1,5,-11,1,-3,1]]
2524205	r	1342	[[249,754,4,-3,6,0,1,-1,1,2,-1,5,-6,0,0,-2,-2,1]]
2522713	r	759	[[287,740,2,-3,3,2,2,6,-2,1]]
3176391	r	552	[[168,914,6,-3,5,4,-10,1]]
3168843	r	2248	[[227,902,14,-6,4,5,-2,3,-12,2,-3,-1]]
3180991	r	3198	[[285,831,2,-4,3,-1,10,2,1,2,-1,5,-6,2,-6,-1]]
3182997	r	2772	[[138,915,3,-4,5,-2,6,2,3,4,-4,5,-8,-2,-3,0]]
3175121	r	4213	[[259,846,7,-8,6,1,6,3,-2,6,-13,6]]
3042091	r	118	[[-45,985,0,-1,5,0]]
3489854	n	1931	[[-1543,363,2,-6,2,0,2,3,5,-3,1,1,0,4,-3,2]]
3489460	n	886	[[-1563,369,5,-4,3,2,1,3]]
3489577	n	1584	[[-1555,361,2,-4,3,0,4,6,-6,2]]
3489523	n	1165	[[-1549,357,4,-2,2,0,-1,0,2,3,-1,5,-3,1]]
3488613	n	1058	[[-1567,365,5,-1,3,-3,1,3,-5,5,-3,-1]]
250441	r	9872	[[709,629,10,-1,4,-3,22,0,-10,9,-4,0,-3,4,2,1,-1,1,-9,0,-5,4,-4,0,1,-7]]
250090	r	5063	[[715,644,5,-4,9,0,1,-1,-2,-1,3,-4,4,0,5,-4,16,4,-27,9,-6,0,-4,3,1,1,-1,1]]
248946	r	2119	[[711,648,0,-4,4,0,2,3,3,1,-1,1,3,1,-2,3,-4,2,-5,-2]]
250774	r	7072	[[699,587,22,-3,-5,1,-2,10,-3,4,-5,1,4,13,-4,2,-3,-6,0,-7,-2,-3]]
11428685	n	693	[[769,664,4,-2,4,1,-2,4]]
250582	r	25803	[[719,646,4,-3,6,0,27,-9,24,6,6,5,-1,2,-4,-1,-1,4,2,0,-6,17,1,-5,-4,0,-4,2,-2,-1,-30,-17,-9,2,-4,3,-4,-2]]
248382	r	32979	[[706,600,5,-1,3,-4,2,-10,5,-1,8,5,7,8,14,3,3,7,7,3,-15,15,-22,0,1,-3,-4,-9,-10,-1]]
250198	n	1546	[[707,616,2,-3,4,-1,3,2,1,3,0,2,-7,1,-2,-4]]
6946409	r	3794	[[707,617,1,-1,2,4,12,-3,2,5,-4,6,-11,1,-1,-4,1,-3]]
1850147	r	2353	[[2779,717,2,-3,8,-4,0,2,7,-1,-1,2,2,-1,1,2,-2,2,-4,-1,0,2,-1,-2,0,2,-5,0,-2,2,-2,-2],[2787,694,2,0,-1,2],[2795,663,1,-2,2,1],[2797,717,2,0,-1,1]]
1848354	r	1807	[[2785,707,2,-2,0,1,4,0,2,-3,2,2,-2,2,2,1,2,-1,-1,-1,1,-1,0,-2,6,1,-1,4,-2,-1,-1,2,-1,-2,-7,5]]
1853909	r	2469	[[2705,698,3,-4,-2,-2,6,0,2,-4,4,-3,1,1,-3,3,1,2,2,0,0,3,2,0,-1,0,0,2,-5,-1,-3,5,-1,-2,-3,2,-1,-2,-1,1]]
1856057	r	7705	[[2728,705,2,-1,-2,-4,3,-1,3,-2,0,3,3,1,-1,-2,2,0,0,-5,1,0,1,5,8,-1,0,2,3,3,-1,1,2,0,-1,2,-2,-1,-4,6,0,3,-4,2,-6,-3,-2,2,-1,0,0,-2,-3,-1]]
2128295	r	7991	[[2808,864,4,-7,10,-3,3,2,7,1,5,3,-5,3,-1,3,2,10,-2,1,-4,-2,-6,3,0,-1,-6,-2,8,-7,0,-3,3,-1,-3,-1,-3,2,-4,-1,-7,3]]
1863967	r	2249	[[2601,669,6,0,-1,-1,2,-4,7,2,-3,2,4,4,-1,2,-3,0,2,4,-4,-1,-2,-3,-2,0,2,-1,0,-1,-2,-1,-2,2,-2,-2,1,0]]
1859642	r	149	[[2789,712,5,-3,2,1,-5,3]]
1859171	r	1872	[[2696,689,2,-1,3,4],[2697,699,2,-3,-2,-2,2,-1,8,1,-2,4,3,2,-2,2]]
1857910	r	2876	[[2706,702,2,-3,3,-1,1,1,3,-4,5,1,-1,2,2,0,1,3,-4,7,-10,-4]]
6940394	r	2087	[[2784,719,2,-2,5,0,0,-2,4,3,3,-1,1,3,2,0,-1,4,-5,1,-6,-3,1,-2,-5,1]]
1862415	r	3493	[[2637,690,3,-3,1,2,0,-2,5,-3,4,3,1,-3,7,2,0,6,-7,1,-2,2],[2649,682,2,0,0,1]]
2111149	r	2569	[[2809,765,3,0,0,-4,5,-3,2,0,0,6,6,-3,-2,4,-2,0,1,2,2,-1,-2,3,-10,3,0,-3]]
2113015	r	2596	[[2799,708,1,-1,2,0,1,-3,-1,-1,4,0,2,1,0,6,3,2,-2,5,-2,1,-2,-3,-4,-1]]
1859307	r	4628	[[2608,693,2,-10,7,-2,1,-3,4,1,1,6,-5,3,-6,7],[2612,674,3,0,0,-3,5,-1,1,3,-2,3,1,3,-2,-1,-4,1]]
1853195	r	809	[[2706,688,1,-1,6,1,0,3,-7,1,2,-1,-2,-1,1,-1]]
1855431	r	2730	[[2776,754,5,0,4,-2,3,2,2,-2,4,4,1,4,-8,2,-1,-1,-2,2,2,-2,-9,-4]]
1863289	r	2953	[[2750,696,2,-2,-1,-6,5,1,0,4,2,0,1,-3,0,3,5,-1,-4,7,0,7,-5,-4,-2,-4]]
1858421	r	1973	[[2609,657,1,-2,5,-2,4,1,2,4,-3,4,-6,0]]
1865689	n	598	[[2778,715,1,-2,3,0,-2,3],[2783,715,0,-1,4,0,-1,3,-3,0],[2785,709,2,-1,2,3,-4,1,1,-1]]
1854383	r	2811	[[2668,698,5,-9,5,-1,6,5,-2,4,-3,0,-1,2,-1,-2,-6,3]]
11611609	r	872	[[2779,711,3,-4,3,-1,2,2,-2,1,1,2,-2,2,-5,0]]
1851717	r	3001	[[2760,703,1,-1,-1,-3,4,-7,3,6,4,-2,2,3,0,4,-8,3,0,7,-3,-7,1,0]]
1863905	r	1019	[[2797,716,1,-4,5,3,2,0,2,5,-8,0,0,-3]]
1859730	r	162	[[2792,716,6,1,-3,1]]
1860827	r	3091	[[2602,628,2,-3,5,0,3,1,-2,3,2,4,4,0,-1,-2,-3,1,2,-3,3,3,1,0,1,11,-9,-5,-1,-1,3,1,-5,-5,-1,-4]]
11836117	n	2319	[[2800,724,2,-5,1,2,4,-1,5,3,0,4,-4,3,-2,3,-2,0,-2,-8]]
1862627	r	1961	[[2686,700,4,-6,4,2,2,-1,0,-2,2,2,-1,5,-6,4,-3,-1]]
1849053	r	1963	[[2789,732,4,-3,-1,-3,2,-2,2,6,3,0,-1,-3,5,0,1,6,-7,2,-2,-3,-4,2]]
1926099	r	1006	[[2649,672,4,-1,7,5,-1,2,-4,2,-1,-6]]
1854487	r	2464	[[2624,661,3,-2,-1,-1,3,0,9,7,-8,0,0,2,4,1,1,3,-11,-5]]
1863917	r	2021	[[2659,692,4,-3,0,-3,-2,0,1,-1,11,6,-4,4,-4,1,-3,-1]]
1860243	r	2187	[[2724,731,6,-8,1,1,4,-3,1,3,-1,2,4,4,-4,6,-6,-7]]
1852139	n	1511	[[2655,672,1,-2,4,-2,4,2,2,3,-1,1,-5,2]]
1851100	r	1897	[[2675,685,7,-7,5,7,-6,4,-5,0,1,-3],[2683,690,2,-2,2,1]]
1849876	r	3592	[[2735,735,6,-8,11,1,2,2,-2,1,2,5,0,4,-5,-2,-2,-3,-2,3,-1,-3,-3,1,2,2]]
1856177	r	1723	[[2593,659,4,-5,-2,-3,4,4,2,-2,3,3,-1,-3,4,1,-2,4,-2,-1,2,1,-4,4,-4,-1,2,-1,1,-3,-4,0,0,3]]
1856717	r	1850	[[2620,643,4,-4,0,-2,1,1,0,-2,4,-2,2,9,-8,3]]
1849846	r	1446	[[2740,692,12,2,-2,2,3,2,1,3,-3,2,-3,-3,0,-2,-5,-1,0,-2,3,1,1,-1,-6,-2]]
1852383	n	1526	[[2698,685,1,0,-1,2],[2701,685,3,-2,-2,0,0,-3,9,0,0,1,1,-1,-2,7,-3,0,-1,1]]
1851002	r	3203	[[2772,730,3,-8,6,0,1,5,3,1,-2,4,1,4,-9,-1]]
1856215	r	3981	[[2754,731,8,-4,4,4,6,-1,3,5,-5,3,-16,1,0,-3,2,-1]]
2112539	r	1749	[[2811,738,5,-2,3,3,2,8,-7,-1]]
2130629	r	9025	[[2833,875,15,-10,9,3,3,4,1,3,-1,4,-3,4,-10,3,-9,-3,-4,-4]]
1859146	r	2124	[[2664,666,1,-1,1,2,7,4,6,-2,0,5,-12,1]]
2112141	r	1874	[[2801,747,10,-5,4,5,0,2,-9,1,0,3]]
1856035	r	432	[[2553,524,0,-2,3,1,1,5,-2,1,0,-3]]
2113126	r	2193	[[2794,798,1,-1,3,1,3,-2,-3,0,-3,-4,7,0,3,-3,0,4,5,2,2,2,-5,3]]
2130658	r	3157	[[2799,813,7,1,1,1,5,-1,5,-4,5,8,-4,2,-1,-2,-4,1,0,5,-4,0,-2,1,-1,-2,-1,0,1,-1,-3,-2,3,0,-1,-4,-4,-1]]
2112923	r	2621	[[2803,753,1,-2,2,2,0,-3,7,-1,4,9,-5,3,-5,-1,-2,-1,1,-3]]
2111834	r	3989	[[2813,796,4,-5,9,0,3,0,-2,2,4,1,1,4,-4,4,-7,1,-7,-5]]
2130188	r	4198	[[2800,833,4,-5,5,3,0,3,4,3,1,-2,6,-1,4,2,-8,5,-11,4,-3,-4,1,-3]]
1849796	r	926	[[2723,691,3,-2,3,4,5,1,-7,3,-2,-5]]
1850158	r	2725	[[2682,679,2,-2,6,2,-6,-2,3,-5,8,5,-2,0,1,2,-2,1,3,1,-3,1,1,3,-6,0],[2693,686,2,-2,3,1,-3,3]]
1856199	r	2784	[[2771,754,4,-2,-2,-2,1,0,0,-5,3,1,0,-2,1,2,10,0,1,3,-8,5]]
1863985	r	2784	[[2719,719,3,-4,7,-2,3,2,0,4,3,-1,0,3,-11,4]]
2110556	r	3263	[[2799,765,8,-5,5,1,0,4,-3,0,3,4,0,3,-2,1,-5,0,-6,-5]]
1864134	r	1139	[[2765,707,2,-1,2,-2,4,-1,0,-3,3,4,-2,4]]
1852899	r	1842	[[2578,657,1,-1,0,2],[2579,658,1,-1,0,1],[2580,659,1,-3,3,3,-2,1,0,3,0,-3],[2587,664,3,1,1,3],[2591,665,6,-4,4,1,1,4,-4,2,-2,-1,-3,1,-1,-1],[2593,659,3,1,-2,2]]
1857519	r	2694	[[2751,722,1,-2,4,-1,0,-3,1,3,3,0,5,5,-3,1,0,2,-9,5,-1,-1,2,-1,-2,-2,1,-2]]
2130203	r	2068	[[2823,804,7,-2,7,3,-8,9]]
1853303	r	1153	[[2601,662,2,-1,0,1,2,2,0,-2,6,1,-5,5,1,1,-3,1]]
1853677	r	771	[[2784,731,1,-3,0,2,1,0,0,2],[2785,726,4,-2,4,1,-5,4,1,2,-3,-2]]
1861436	r	777	[[2781,723,2,-1,3,3,0,4,4,3,-3,1,-3,3,-1,-5,3,0,-1,-1,0,-2,-3,-1]]
1857550	r	857	[[2657,708,5,-6,2,9,3,0,-5,1,-4,-2]]
1851348	r	313	[[2727,697,4,-1,2,2,-4,2]]
1858428	r	517	[[2785,721,5,-1,-1,2,3,2,-5,1]]
1848689	r	2454	[[2622,688,4,-5,2,0,-2,-3,2,0,0,-4,1,5,6,3,1,6,-4,3,-4,-5,-4,-1,2,1,-3,1,0,-2]]
1859100	r	3207	[[2764,714,1,-7,9,1,5,5,-1,2,-4,4,-5,0]]
1854902	r	747	[[2775,696,7,6,-1,3,-3,-1,-3,3,1,-3,-1,-1,3,-2,-2,0]]
6825489	r	1899	[[2754,740,16,-2,1,6,-3,2]]
1854747	r	1069	[[2774,708,2,-3,5,0,1,-3,3,4,-3,1,-3,4]]
1849892	r	2181	[[2676,710,0,-2,12,-5,3,1,-1,9,-5,-2]]
2127733	r	1361	[[2822,854,4,-4,9,2,7,-3,1,3,-7,2,-1,2,-7,-1,-1,-1]]
2112708	r	1180	[[2806,733,6,-3,4,6,-5,2]]
1849498	r	718	[[2620,687,3,-2,-2,-4,3,-2,2,0,2,4,-5,4]]
1861084	r	1738	[[2648,703,2,-2,12,1,-4,6,0,2,-5,-1,0,-3]]
1926134	r	405	[[2656,680,3,-2,2,2,-2,3],[2659,684,2,0,0,2]]
1855189	r	305	[[2736,698,2,-4,0,5],[2739,697,4,-1,-2,3]]
2130057	r	1631	[[2799,813,6,-5,3,2,2,-1,7,1,-5,4,-5,1,-1,-1]]
2129376	r	7593	[[2874,860,2,-5,8,5,11,-2,1,3,4,-1,3,2,0,1,6,1,-4,2,3,0,-3,3,-7,5,-14,-6,1,2,-3,0,-2,-1,1,-2,-6,-2]]
1853483	r	448	[[2794,725,5,-1,-1,1,1,5,-3,-1,0,-1]]
2128815	r	11363	[[2848,857,1,-5,3,-3,7,-3,8,0,9,9,-2,5,1,5,-13,6,-12,-8]]
1856775	r	1571	[[2618,637,0,-5,4,-2,3,5,0,3,-1,-1,0,2,-5,4]]
11468431	r	1096	[[2721,688,2,-2,3,2,-1,-5,8,8,-1,2,-3,0,-3,-4]]
1849429	r	994	[[2761,726,4,-2,7,6,-4,1,-4,-1]]
6822096	r	331	[[2808,732,3,-6,1,4]]
11612583	r	1491	[[2633,682,2,-3,2,1,5,-3,-1,-1,2,1,1,2,-5,3,-1,3,1,1,-2,4,-2,-3,0,-3]]
1848277	r	2248	[[2662,703,5,-1,4,1,4,3,0,4,-3,1,-4,-2,-4,2]]
1864031	n	176	[[2783,722,2,-1,2,4,-2,0]]
2112576	r	791	[[2822,769,1,-2,4,1,4,-2,-2,3,2,1,-2,1,2,2,-6,-1]]
1854083	r	336	[[2605,658,2,-3,0,2],[2608,662,2,-4,2,4]]
1861212	r	1386	[[2638,685,3,-5,8,0,-8,7,0,2],[2644,679,3,-2,2,2]]
6822188	r	1317	[[2810,775,2,-3,9,-3,1,0,1,2,-1,2,-7,2,-1,3,-3,0,2,-3]]
1849563	r	2022	[[2791,771,3,-1,0,-2,3,-2,10,9,-11,1]]
6822153	r	163	[[2555,529,3,-3,-1,3,3,1]]
1861450	r	1008	[[2728,686,2,-1,4,2,3,-2,1,3,-5,3]]
1848445	n	1920	[[2608,650,0,-2,1,2],[2608,652,1,-1,0,1],[2609,652,4,1,-4,-6,3,-2,4,2,1,3,4,-2,2,4,-10,2]]
1855425	r	347	[[2665,679,2,-4,2,0,0,3,-2,0,1,2]]
1855095	r	3479	[[2622,646,9,-3,2,7,2,0,-1,2,3,2,0,2,-6,-1,-1,2,1,0,-5,1]]
2129537	r	10547	[[2862,888,1,-17,12,-6,6,2,-1,2,2,1,3,0,-1,-2,16,7,-1,6,-3,-3,-7,1,-4,3,-2,-2,-1,3,-7,-1,-1,2,2,0,-11,5]]
6822148	r	3125	[[2789,750,3,-6,10,2,-1,2,3,3,-1,2,-9,3]]
1852964	r	360	[[2788,729,5,-4,0,3,-3,3]]
1860063	r	587	[[2593,675,1,-1,2,2],[2596,669,5,-3,2,2,0,2,-3,-1,-2,2,-1,-1,0,-1]]
1862302	r	196	[[2629,681,3,-1,1,1,0,2]]
6822174	n	868	[[2795,739,12,-1,-7,6,-3,-2]]
2112656	r	1338	[[2814,780,9,-2,-1,-2,2,-1,2,1,2,-1,2,3,0,4,-2,1,-5,-3,-4,0,-1,1,-2,-1,0,1]]
1862636	r	531	[[2720,707,2,-3,7,-1,-1,2,1,1]]
1856243	r	1302	[[2718,708,11,-2,0,7,-3,-1,-3,2,0,-3]]
6822184	r	1312	[[2815,783,1,-3,7,0,5,3,1,-1,4,4,-6,-1,-2,1,-2,-2]]
1848382	n	368	[[2723,701,5,-1,1,3,-6,1]]
1926054	r	703	[[2659,678,2,-3,6,0,-3,5]]
1849519	r	3008	[[2670,701,12,-4,6,6,-12,5]]
1861864	r	2103	[[2752,715,3,-13,5,4,1,-2,2,2,-1,0,1,2,0,4]]
1860112	r	1776	[[2609,625,3,-2,1,2,-2,1],[2613,620,10,6,-3,1,2,3,-5,2,-3,-3,1,-1,-2,0,3,-2]]
6822097	r	326	[[2798,725,2,-1,3,2,-4,2]]
1853140	r	1530	[[2795,776,12,-1,2,2,-3,4,-8,2]]
1853081	r	1609	[[2765,724,4,-5,5,0,1,3,-3,8]]
2130452	r	2283	[[2823,855,4,-1,1,1,7,1,1,-2,12,-2,1,3,-1,2,-11,3,-5,-3,-7,-1]]
2129101	r	1088	[[2814,852,5,-6,7,4,-4,3]]
6822103	r	187	[[2812,718,1,-2,4,-1,-3,4]]
2112823	r	1464	[[2816,790,0,-2,2,1,0,-2,5,0,4,-2,0,2,5,0,-1,3,-3,2,-11,-1]]
2110498	r	2224	[[2794,756,9,-3,3,3,-1,3,2,1,-8,5,-4,-5]]
2112227	r	722	[[2816,788,2,-1,-1,-4,8,2,-2,2,-5,0,0,3],[2827,787,0,-2,6,1]]
1857766	r	1329	[[2703,709,5,-5,7,4,-1,2,-2,0,1,1,-3,-1,-1,2,-2,-1,1,-1,-2,-1,-1,3]]
1852736	r	956	[[2593,633,2,0,1,3],[2596,637,2,-1,1,1],[2603,636,4,-3,5,5,-3,-1,1,1,-6,1,1,-3]]
6822199	r	1648	[[2805,791,1,-3,3,-1,7,3,1,1,-5,6,-2,-2,-5,-2]]
1857334	r	580	[[2657,691,1,-2,0,-3,5,0,0,3,-2,1,1,1,-3,1]]
6822117	r	701	[[2719,697,2,-1,1,2,5,-1,1,3,-7,1,0,-3]]
11468270	r	636	[[2720,696,0,-2,1,1,3,-4,3,4,0,2,-5,1,0,-2]]
1850892	r	4454	[[2735,721,0,-3,4,-1,6,-1,5,1,3,9,-3,2,-10,0]]
1859908	r	463	[[2768,746,5,-3,1,7,-1,0]]
2110506	r	2207	[[2805,788,2,-2,-2,-3,2,-2,-1,0,3,-4,7,4,0,9]]
2129870	r	3635	[[2831,866,3,-5,11,-3,2,5,0,2,-10,8,-5,0]]
1855757	r	897	[[2619,669,2,-2,3,0,3,8,-2,0,-1,-3,-3,1]]
2110629	r	108	[[2802,720,3,-1,-2,2]]
7424125	r	896	[[2599,645,2,-1,3,3,-1,4,-3,0,0,-4,1,-1],[2603,653,1,-1,3,2],[2604,649,3,-1,1,2]]
11612345	r	1435	[[2667,678,2,0,0,-3,10,0,2,2,-10,5,-3,-1]]
1863451	r	311	[[2718,708,2,-5,3,-2,0,3]]
1855753	r	2109	[[2745,711,4,-6,2,1,1,-2,-2,0,5,-2,-3,13,-2,2,-5,-1]]
1849831	r	1855	[[2690,713,1,-9,10,4,0,3,-2,-1,-2,2,0,5,-3,0,1,-4]]
11611941	r	637	[[2821,774,2,-3,7,2,-4,3]]
1855395	r	2535	[[2784,736,3,-4,2,0,2,2,4,-1,2,1,-2,6,1,2,-2,-1,-5,3]]
1864009	r	781	[[2697,707,6,-2,1,-2,3,0,1,1,-5,5]]
1856293	r	526	[[2719,693,3,-5,2,1,-1,5],[2723,686,2,1,1,1]]
6822202	r	1413	[[2798,783,8,-3,0,8,-5,4]]
2112319	r	544	[[2807,718,2,-1,1,-2,3,2,-4,5]]
2111325	r	1243	[[2795,739,2,-4,6,-2,3,0,2,4,-3,1,0,1]]
1850708	r	3366	[[2701,678,6,-3,-2,-1,2,0,1,-3,7,-2,4,3,3,5,-11,4,0,-1]]
1926020	r	3754	[[2642,667,6,2,0,-3,3,0,0,-1,-3,-1,2,-1,-2,-3,1,1,1,-3,4,0,-1,-3,6,2,3,6,0,1,-9,7,-4,1]]
2128787	r	3129	[[2805,808,2,-8,5,-3,9,7,-4,6,-7,-1,-2,1]]
1861290	r	942	[[2775,696,1,-2,4,-1,3,5,-1,4]]
1849592	r	1130	[[2714,711,1,-3,3,0,5,3,0,3,3,-2,3,1,-7,2,-1,-2,-1,2,-1,0,1,-2,-4,0,1,-2]]
1861641	r	1765	[[2750,717,13,-6,1,2,1,2,-3,4,-1,-1,-4,1,-1,-3,0,3,-4,1]]
6822141	r	547	[[2724,725,11,-4,-4,3,-1,-1,-3,5]]
1860748	r	275	[[2809,722,3,-4,2,1,-2,4]]
1853237	r	1275	[[2629,658,2,-1,-1,0,0,-2,5,2,2,-1,0,-1,5,4,-4,1,2,2,-4,1]]
6822190	r	1152	[[2808,776,4,-2,1,1,-2,2,3,1,1,-3,5,-2,3,2,0,3,-9,2]]
11611615	r	234	[[2671,685,4,-4,2,1,-2,3]]
1862373	r	1324	[[2616,666,2,-2,-1,-2,7,-2,0,6,-3,1,-2,2,1,1]]
2113077	r	308	[[2810,714,1,-2,4,2,-2,2]]
1856068	r	740	[[2558,534,1,-2,-1,-2,2,0,5,3,2,3,-2,2,-4,-5]]
11612482	n	1571	[[2691,704,6,-4,4,0,5,3,-2,0,-1,2,-6,2]]
1864637	r	1172	[[2774,719,4,-4,2,1,-1,1,3,0,3,4,-3,1,-5,0]]
2112263	r	1416	[[2828,775,1,-2,2,1,-1,1,2,3,1,-1,0,3,1,-1,1,2,2,0,-1,1,2,0,-1,1,2,1,-6,2,-4,-4,1,-4]]
1863082	r	1085	[[2710,687,2,-7,4,1,3,3,-5,4]]
6822207	r	2464	[[2817,810,6,-6,6,10,-1,5,-6,-1]]
11611476	r	652	[[2610,664,1,-2,4,-1,3,3,-3,2]]
11612472	r	1276	[[2799,745,9,-8,3,1,0,4,-9,4]]
6822149	r	1456	[[2814,753,1,-6,6,0,-1,8,-1,3,-2,0]]
2112996	r	88	[[2814,716,1,-2,2,0]]
1853066	r	600	[[2716,689,5,-5,2,2,-4,6]]
1856434	r	1758	[[2787,762,8,-2,4,5,-1,2,-3,0,-1,3,-3,1]]
1860122	r	328	[[2672,681,5,-2,2,3,-3,1,-1,-2,-2,2]]
1863310	r	2513	[[2632,693,5,-3,8,2,4,3,1,6,-2,2,-11,-9]]
1864557	r	840	[[2760,719,3,0,2,-4,4,4,-4,5]]
2127878	r	1662	[[2815,824,1,-1,8,3,2,-3,-2,-4,4,0,1,9,-3,-1,-7,3,-2,-2]]
6825490	r	2516	[[2772,737,3,-2,9,1,4,7,-1,2,-8,0,-3,-6]]
6822158	r	188	[[2505,495,4,0,-4,3]]
1862612	r	442	[[2735,736,5,0,1,3,-6,0]]
1856698	r	3257	[[2649,695,9,-3,4,1,4,7,-4,2,-12,-1]]
1850217	r	996	[[2770,738,4,-1,5,8,-2,-1,0,2,-2,0,-4,-3]]
1848375	n	727	[[2624,667,8,3,-1,3,-5,-1]]
2128867	r	1797	[[2794,800,0,-2,13,2,-2,8,-6,5,-2,-1,3,-5,0,-4,-3,-3]]
1865412	r	754	[[2682,697,2,-4,2,1,-2,1,5,-1,-3,6],[2685,691,2,-2,0,2]]
1861108	r	1606	[[2602,644,1,-2,1,2],[2603,640,7,-2,5,3,1,2,-7,3,-2,-3,-2,1]]
6825492	r	894	[[2764,756,6,2,2,3,-3,0,1,5,-5,-4,0,-2,2,-1]]
1855476	r	903	[[2622,630,5,-3,2,8,-4,0]]
2111884	r	3286	[[2827,793,4,-3,2,-4,6,-2,-1,2,2,1,-2,0,3,2,-2,0,2,2,0,2,-2,-1,1,3,-3,7,-5,-1,-1,-7]]
11612557	r	759	[[2697,712,5,-3,4,5,-1,1,-2,0,-6,-2]]
1855670	r	2343	[[2733,743,2,-4,10,0,1,3,-8,1,7,3,0,3,2,0,-3,1,-7,-2,-3,-1]]
11612701	r	430	[[2612,668,4,-2,2,4,-5,0]]
1850523	r	522	[[2795,699,4,-1,4,4,2,0,-8,1,0,-3]]
184745	r	6001	[[729,-27,3,-6,9,-1,3,10,3,2,-2,2,-4,-1,-7,6,-3,-3,1,-3,-2,-4,3,-1]]
195272	r	3821	[[687,8,1,-1,0,-3,3,-2,0,-3,8,2,1,8,-3,2,6,2,0,4,-2,1,0,-3,-2,0,-6,-6]]
186301	r	4660	[[778,-83,8,-1,-3,-3,4,-1,3,-2,5,11,-1,1,1,-1,2,3,-5,1,-1,-2,2,-2,-2,-1,-3,3,0,1,-1,-2,-5,3,-3,-4]]
184622	r	5604	[[708,-6,5,-8,3,5,3,-2,1,-2,-2,0,1,-1,2,1,2,7,2,-1,4,6,-4,1,-1,5,-2,-5,-2,2,-7,-2,-1,-3,1,0,0,-2]]
198629	n	1575	[[701,10,0,-2,5,-2,4,3,-4,6,-3,-1]]
191245	r	2059	[[689,-4,5,-4,6,3,2,3,-3,3,-2,-1,-7,-1]]
184707	r	2466	[[722,-13,2,-2,0,-3,7,-5,1,3,-1,2,3,3,-1,6,-4,-2,1,-3,-2,1,-1,-2,-2,0,0,2]]
193627	n	3184	[[734,-13,1,-3,6,-5,4,1,2,-2,1,1,-2,3,3,0,-4,2,5,1,-3,4,-4,0,-1,-2,-7,2]]
185131	r	2701	[[744,-26,4,-4,4,-1,1,-2,2,2,-1,1,1,3,-3,5,3,0,0,3,-7,-1]]
197745	r	56188	[[772,-8,9,-17,17,6,5,-13,1,-9,14,7,13,1,-11,16,0,26,-7,-4,-6,-1,-12,6,-6,10,-3,-2,-3,-4,-10,-4,2,-11,-1,0]]
191220	n	1338	[[696,20,2,-3,3,1,2,-1,2,3,-7,4]]
187968	r	923	[[794,-63,4,-4,2,1,0,1,3,0,-3,2,-1,-1,-3,2],[801,-51,3,-4,3,3]]
187896	r	24477	[[796,74,0,-7,5,-2,4,-6,5,-2,4,-10,6,-3,0,13,6,6,12,17,-15,-1,-8,7,-18,-9]]
191299	r	1540	[[692,-13,1,-6,7,1,-4,4,2,2,-1,2,-1,-1,-2,3]]
178443	r	56680	[[778,51,2,-11,4,-6,5,-3,-3,-2,5,-14,4,-5,13,-6,5,1,7,4,0,35,-6,3,-4,10,-5,2,-4,6,-5,2,0,7,-5,-6,-5,2,1,-9,-6,-3,-1,-6]]
189280	n	1960	[[708,62,1,-3,3,-1,3,1,1,3,-1,4,-3,1,-3,-1]]
186827	r	9305	[[742,0,4,-3,13,-5,1,3,2,-1,3,4,3,1,-4,6,-3,8,-9,-3,-1,-5,-3,1,-3,-4],[768,-1,4,-6,1,6]]
182701	r	3517	[[732,-7,2,-6,2,2,7,-2,3,10,-5,3,-1,-1,0,-3,-3,2,-4,-1]]
196231	r	31278	[[737,11,5,0,5,-7,1,2,3,-1,1,5,9,3,3,-8,4,-6,3,1,4,-2,-2,12,10,4,3,4,3,2,-3,9,3,2,-5,3,-5,8,-11,-7,-1,-3,-8,-7,-5,2,-11,-12,-4,0]]
192067	r	11931	[[782,-71,2,-3,3,-1,0,-2,1,3,-1,-2,1,1,0,-2,3,-3,2,1,-2,2,2,2,4,-1,-1,-2,3,10,4,2,-3,1,0,-1,-2,-1,-4,4,2,1,2,-2,2,1,2,-1,3,4,-2,1,1,4,-6,9,-14,-15]]
184433	n	1193	[[737,0,3,-4,0,3,5,3,-4,3,-3,-2]]
199989	r	1870	[[678,3,1,-4,1,0,3,7,5,0,1,9,-3,0,-3,-3,-1,-5]]
186731	r	3747	[[678,-16,0,-4,24,-12,-7,4,-3,7,1,8,-3,-3,-6,1]]
200067	r	2878	[[686,14,3,1,-1,-6,4,-1,9,8,-1,2,-7,-4,0,2,3,1,0,1,-4,5]]
184379	r	18254	[[692,-20,3,-8,26,-14,0,12,6,7,-5,10,-3,-1,-1,1,2,0,-1,2,-3,2,-3,-5,-1,2,-4,-1,2,-3,-5,-5,-5,3]]
198476	r	3764	[[745,-16,5,-2,4,2,2,-2,3,10,-10,4,0,-1,-3,2,2,-4,-1,-4,3,-4]]
188492	r	1828	[[741,-33,4,-6,5,7,-6,6]]
198547	n	1365	[[814,56,2,-3,3,-1,0,4,3,3,-5,1]]
197334	r	1630	[[720,-12,2,-2,3,1,0,-2,2,0,1,2,2,-1,-1,3,4,2,-4,1,-1,-1,-1,1,-4,2,0,-3]]
191919	r	622	[[692,22,4,-4,-3,-2,0,-2,2,0,3,3,-4,5]]
194160	n	1615	[[698,25,7,-4,2,4,-2,3,-3,1,-3,-1]]
192900	r	4347	[[700,-5,1,-7,3,-1,3,-5,3,2,-2,3,4,1,-4,6,5,1,0,2,-1,0,1,3,-4,0,-7,-2]]
178522	r	21860	[[752,-68,3,-5,18,-13,10,13,-1,2,4,11,-1,5,-5,5,-7,2,9,-13,-9,0,-3,2,-4,9,-8,-4,-1,-10,-3,0,-1,3,1,-5]]
7931933	r	1826	[[725,-7,3,-2,1,1,4,-1,-1,3,2,4,-1,3,-3,1]]
196742	r	2979	[[681,-11,2,-5,7,0,4,8,-5,4,1,-2,-4,-3,-4,2]]
196185	n	1479	[[706,15,4,-6,5,5,-4,4]]
194038	n	1696	[[698,3,2,-3,3,0,3,1,0,4,-5,3,-2,-1,1,-2]]
187585	r	76577	[[721,83,0,-18,2,-1,-1,-4,6,-3,3,-9,2,0,1,2,0,-2,4,-4,0,-4,4,-1,10,-12,7,-2,8,7,1,3,11,7,-1,9,2,1,1,6,6,3,-1,9,-8,0,-7,3,-9,-1,-25,17,-16,0]]
383388	r	3779	[[678,2,1,-9,6,0,1,-2,4,3,1,8,-3,2,0,2,-5,0,-3,-7,-1,0,0,4]]
187725	n	1960	[[730,22,1,-3,3,-2,3,2,1,3,-1,3,-3,2,-3,-2]]
192859	n	702	[[743,-11,2,-1,2,1,0,5,-2,1]]
191038	r	31211	[[752,-22,7,-21,2,0,4,-5,5,-11,6,-2,6,0,-10,13,8,4,1,19,-13,24,-2,0,-4,-5,-2,1,-2,-6,0,-5,-3,-3,0,-3]]
189741	r	8720	[[801,-47,6,-5,6,1,12,10,6,8,-13,-1,-14,-7,1,-2]]
195298	r	20479	[[717,-41,34,-18,2,-2,1,-3,3,0,2,9,-7,9,2,2,-10,5,-3,5,-10,2,-2,6,4,0,-3,1,0,3,-3,1,0,-2,-6,-7,0,-12]]
195821	n	1729	[[710,9,2,-3,4,-1,3,2,0,4,-1,2,-3,1]]
182880	r	2420	[[694,-8,2,-3,1,1,1,-2,-2,-2,9,-7,1,1,1,2,-3,5,-3,1,-1,7]]
196752	n	1357	[[796,-30,2,-4,5,1,-2,8,-3,-1]]
178077	n	1878	[[748,-36,1,-3,4,-1,3,1,1,4,-2,3,-2,-1,-1,2,-3,-1]]
1528675	r	4087	[[1481,857,2,-4,4,-2,6,-1,5,2,1,7,-12,5,-4,-3]]
1527534	r	2730	[[1448,811,2,-5,6,-2,6,2,2,5,0,2,-5,2,-6,-5,-5,2]]
1528249	r	2386	[[1452,819,1,-2,4,-1,6,1,-4,-2,3,-1,4,2,1,3,-2,4,-5,2,-5,-2]]
1528121	r	4421	[[1559,850,2,-5,7,-2,6,2,3,5,-3,5,-6,2,-7,-2]]
1527199	r	1697	[[1499,855,4,-3,5,-1,4,2,2,4,-10,0,-5,2]]
1527592	r	3952	[[1511,829,3,-5,6,-2,6,2,3,5,-3,4,-6,2,-6,-2]]
1527299	r	2761	[[1437,850,3,-3,5,-2,5,2,2,3,-1,4,-8,1,-4,-1]]
1528735	r	1622	[[1410,799,4,-2,0,-1,5,0,3,2,-2,0,1,1,-1,4,3,-2,0,1,-3,3]]
1821306	r	3399	[[2092,237,3,-1,-1,-3,2,-5,-1,-1,3,0,2,-3,3,0,0,12,-3,4]]
1821940	r	5096	[[2086,221,9,-11,2,0,5,4,-1,5,5,-2,0,3,-6,4,-2,3,-3,0,-1,-5,-6,1]]
1822214	r	7676	[[2068,270,5,-11,10,0,4,6,0,5,-4,5,-6,2,-7,-3]]
1831797	r	4309	[[2057,262,2,-5,5,-2,5,2,2,5,-1,4,-4,3,-8,-4]]
1830194	r	2064	[[2046,271,1,-5,7,-1,3,15,-3,-5,-3,-2,1,-1]]
1831167	r	3168	[[2087,245,2,-4,4,-2,5,2,2,4,-3,0,1,3,-5,3,-4,-2]]
1831142	n	564	[[2070,212,3,-2,2,1,-1,5]]
1825978	n	15232	[[2111,249,1,-2,3,1,-1,-3,7,-3,3,-3,10,0,2,5,-7,6,15,2,-12,9,-4,0,-1,1,2,1,-2,5,-2,0,-3,-1,-5,-5,-5,3,3,-15]]
1831173	r	2269	[[2103,240,2,-5,4,-1,4,10,-6,1]]
1831898	r	5306	[[2076,287,1,-10,10,-3,6,12,0,2,-2,-1]]
1822768	r	6585	[[2070,251,2,-6,6,-3,6,3,3,6,-4,4,2,1,-5,3,-7,-2]]
1830467	r	1707	[[2081,203,10,8,5,-1,-6,6,-8,-9]]
1831133	r	8019	[[2075,235,1,-3,5,-3,-4,-5,9,-3,2,2,6,-1,2,6,-2,5,1,3,-10,2,-1,4,-2,-1,-1,-3,-2,1,-3,-2]]
1830468	r	18608	[[2052,223,1,-10,22,5,3,5,-1,1,4,5,-5,3,0,5,1,0,-1,1,-7,4,-5,5,-10,-3,4,-11]]
1822610	r	2974	[[2103,232,1,-8,5,0,3,3,1,5,-4,2,-5,2]]
1822019	r	2601	[[2109,234,4,-2,4,1,2,4,0,4,-5,4]]
1822029	r	14172	[[2108,268,3,1,1,-5,5,-2,5,5,5,1,2,-5,-2,0,0,-1,1,-1,4,0,-1,6,2,0,-2,6,2,3,-1,4,4,2,-1,7,-2,0,-3,3,-2,-3,-3,1,-2,-3,-4,0,4,-6,-2,-3,-3,1,-6,3]]
1830098	n	1960	[[2095,276,1,-3,4,-1,3,1,1,3,-1,3,-3,2,-4,-2]]
1821993	r	2673	[[2109,222,1,-3,5,1,3,-3,1,1,2,-1,2,5,-5,2,-1,4,-1,0,-3,-1]]
1822207	n	1925	[[2055,271,2,-3,4,-1,2,3,1,3,-2,3,-4,0,-2,-2]]
1831112	r	1723	[[2078,213,6,-2,5,4,-3,3,-3,0,-4,-2]]
1831125	r	13832	[[2083,255,5,-4,3,1,6,-3,1,-4,6,-1,-1,3,2,1,2,-1,1,3,7,0,-4,19,-7,-4,-13,1,-4,-8]]
1825093	r	5281	[[2059,284,10,-10,8,3,0,10,-3,2,-12,-3]]
1830205	r	3983	[[2047,264,3,-4,0,-7,5,-4,3,1,3,4,-5,10]]
1831732	r	6091	[[2132,274,3,-6,6,-1,5,3,2,6,-3,5,-6,2,-6,-3,0,-4]]
2110257	n	22	[[3462,27,1,0,0,1,-1,0]]
921772	r	856	[[864,-235,4,-3,2,1,-2,8,-3,0]]
921753	n	445	[[884,-243,7,-4,-2,6,-2,-3]]
921889	r	199	[[873,-245,0,-2,4,0]]
3575551	n	238	[[-1257,347,5,-2,-2,2,-2,1]]
1871859	r	4823	[[2506,779,6,-3,3,2,9,-2,9,0,-1,2,-5,2,1,5,-13,3,-6,-4,1,-1]]
1877449	r	6553	[[2537,803,2,-11,12,-1,-1,4,1,1,2,-2,3,1,-2,2,2,0,0,7,-2,-1,-3,7,-9,-2]]
1873757	r	2115	[[2502,773,4,-1,1,-2,3,-1,2,3,9,3,0,1,-6,2,-3,-2,-8,4,-1,-4,1,-1,1,1,1,-2,3,2,4,-3,-4,1]]
1869012	r	1161	[[2515,788,12,-3,1,3,-6,4,-2,-1,-1,1]]
1876373	r	3469	[[2522,760,1,-4,5,2,4,-3,1,1,0,3,11,7,-9,5,-6,-8]]
1866923	r	5904	[[2537,783,2,-6,7,-3,7,0,6,4,-4,4,-4,1,2,1,0,2,-5,-2,0,3,1,0,-1,1,2,1,1,-3,0,5,-9,0,-4,-4]]
2044757	r	6202	[[2576,840,2,-4,18,-3,10,9,-4,2,-1,2,-4,-3,-8,5,-3,0,-2,-2,0,-2]]
1876401	r	4375	[[2502,793,12,-2,2,-2,3,3,1,-1,2,1,1,3,-3,7,-4,0,-10,-2]]
1870883	r	1561	[[2512,771,4,-4,5,0,3,3,-2,5,-10,-3]]
2040893	r	1571	[[2486,798,5,-2,4,1,0,1,-2,2,3,3,-1,4,-7,-4,-1,-2,3,-1]]
1868144	r	4355	[[2520,802,3,-7,-1,-3,7,-5,6,4,1,5,-3,5,-6,2]]
1877615	r	1883	[[2507,754,5,1,1,4,2,0,-3,2,4,-2,5,8,-5,0,-6,-3,-1,-6,1,-2,-2,0,1,-1]]
2043572	r	3918	[[2523,816,5,-3,7,-1,5,4,1,5,-2,3,-5,3]]
2045220	n	1950	[[2570,812,1,-3,5,-1,4,1,2,3,-2,3,-4,2,-5,-2]]
2043837	r	4539	[[2553,828,3,-6,8,-2,7,2,3,6,-3,6,-7,2,-2,0,1,-2,3,-2,-2,-4,-2,-1,-3,2]]
2040959	r	1966	[[2555,802,1,-4,4,3,7,0,4,3,-3,2,-5,1,-2,0,0,-2,-5,-1]]
1878458	n	660	[[2516,759,2,-2,2,-1,-1,2,4,-2,-1,4,-3,3]]
1870648	n	781	[[2508,764,3,-1,5,4,-4,4,-4,-2]]
1950953	n	899	[[2507,789,2,-1,-1,-2,4,-1,3,4,-1,2,-5,1]]
2042893	r	2363	[[2515,817,5,-3,17,15,-6,3,0,-5,-2,0,-3,-4,-4,-1,-2,-4]]
1867429	n	409	[[2501,772,2,-4,4,2,-1,2]]
2042709	n	902	[[2584,825,2,-1,9,1,-8,4]]
2055401	n	470	[[2586,824,9,-4,0,4]]
1875060	n	608	[[2497,766,5,-1,1,3,-2,4]]
2039589	n	1169	[[2601,850,0,-2,10,-1,1,1,-2,4,-1,-1,-4,4]]
2042255	n	796	[[2587,829,8,-4,1,3,-3,1,1,4,-4,0]]
1871537	n	543	[[2502,765,6,-1,0,5,-5,-1]]
1871932	n	1111	[[2519,763,3,-3,7,4,-2,2,-4,1,-2,-1]]
2043962	n	617	[[2585,815,1,-2,5,4,3,0,1,2,-5,0]]
2042645	n	750	[[2600,845,1,1,2,-3,3,2,1,-1,1,2,3,0,-10,2]]
2042500	n	623	[[2595,855,7,1,1,3,-5,1]]
2042718	n	485	[[2583,823,7,-4,3,1,-7,4,-2,0]]
1868578	n	859	[[2500,762,5,0,0,-2,-3,1,2,-1,6,1,1,2,-9,2]]
1873172	n	488	[[2502,759,1,-2,2,2,1,-1,-1,-2,2,0,3,5]]
2043484	n	954	[[2581,819,4,-4,5,4,-7,4]]
1835848	r	3314	[[2534,759,5,-4,-1,-2,2,1,-5,-3,3,-2,3,0,3,3,2,-2,3,2,-4,4,1,8,-5,1]]
1838524	r	758	[[2576,703,0,-1,3,1,1,-2,4,2,2,4,-4,0]]
1843564	r	943	[[2526,754,2,-1,-2,2],[2527,749,2,-1,3,2,-2,1],[2527,755,1,-3,3,1,-2,3],[2532,752,0,-4,4,0,-1,2,1,2,-3,1]]
1835329	r	4829	[[2563,725,3,-2,-3,-8,6,0,-2,-1,0,-2,4,2,9,-1,1,5,2,2,-3,4,-6,0,-4,3,-5,0]]
1835235	r	3839	[[2537,729,3,-1,0,-2,3,-1,1,-2,10,-5,4,9,-2,3,-6,-2,-2,2,-3,-2,-2,2,1,2,-5,2]]
1841811	n	2542	[[2532,703,2,-3,3,-2,-1,-1,7,-3,1,5,0,3,1,0,1,1,-4,5,-3,0,-5,-3]]
1835553	r	481	[[2538,746,1,-1,4,-1,-1,-2,4,2,-5,3]]
1833747	r	1068	[[2579,711,7,-4,3,5,-6,2]]
1842485	r	888	[[2530,755,1,-3,2,1,4,-2,3,2,-2,0,1,2,-5,4,0,-5,-1,2]]
1846326	r	2282	[[2567,703,2,-2,7,0,1,1,-1,5,3,2,1,4,-7,0,-2,-3,2,-3,-5,-1]]
1897000	r	770	[[2540,749,1,-2,4,-2,4,2,-2,4,-1,-1,-2,2,-1,-3]]
1845604	r	2744	[[2543,734,2,-6,3,2,2,-2,7,3,0,3,-6,7,-5,-2,2,-4]]
1838716	r	125	[[2535,750,1,-2,2,1,-2,2]]
1845759	r	2622	[[2535,736,3,-4,1,2,4,-2,0,3,3,-1,2,1,-2,4,4,3,-4,2,-3,-2,-3,1,-5,-3,2,-1,0,-3,-1,3]]
1843847	r	649	[[2533,745,1,-2,3,1,-2,-2,1,-1,4,0,0,3,3,0,-5,2,-2,-2]]
1845457	r	2926	[[2536,716,8,-4,8,3,0,2,0,2,-5,2,-8,2,-1,0,0,-3]]
1846918	r	218	[[2531,744,1,1,0,1],[2534,747,5,-1,-3,2]]
1846898	r	165	[[2537,748,1,-2,3,2,-1,1]]
1842943	n	836	[[2576,703,2,0,6,5,-4,3,-4,-4]]
1839071	r	3486	[[2579,715,1,-2,3,1,7,-1,2,8,-4,4,1,7,-9,-8,3,-4]]
1846266	r	973	[[2523,666,15,4,-2,1,-6,-1,-4,-1]]
1833105	r	2644	[[2555,744,1,-1,11,0,3,4,-2,4,-13,-1]]
1846052	r	2808	[[2554,705,5,-5,2,2,0,-3,7,3,0,4,-9,7]]
1845136	r	4413	[[2545,756,2,-3,4,-1,0,1,6,2,7,5,-6,6,-11,0,-1,0]]
1835648	r	1517	[[2543,694,4,0,2,2,-2,0,5,2,-1,3,1,3,-6,-1,-1,-1,-1,1,0,-4]]
1884138	r	1121	[[2543,688,2,1,-2,1],[2543,690,4,-1,2,2,-2,1,3,0,-2,3,-3,-2,0,-1,-1,1],[2551,697,0,-4,2,-1,-1,2,3,1,1,2,-3,-1,-2,2],[2555,693,1,-1,0,2],[2557,697,0,-3,2,1,2,-1,0,2]]
1841066	r	1131	[[2525,702,2,-2,-1,-1,3,1,-1,-4,2,0,1,2,3,2,-2,3,-4,0,1,-3,-2,3],[2525,693,3,-2,3,0,-2,3,-1,-1,1,-1,-2,0,-1,3]]
1842025	r	712	[[2530,719,5,-1,3,2],[2531,723,3,-3,3,1,-3,2],[2532,714,3,1,-2,1],[2534,717,2,-1,0,1]]
11101805	r	393	[[2570,697,2,0,0,-3,2,0,0,2,1,0,-1,5,-2,-2,1,-1]]
1845033	r	2343	[[2553,741,2,-5,2,-2,8,3,2,6,-11,0,-1,1]]
1843137	r	2670	[[2567,757,1,-6,3,-4,7,5,2,-1,2,1,-7,8]]
1843702	r	583	[[2545,745,5,-3,0,-1,3,1,-1,2,-2,0,1,2,-2,1]]
6621166	r	889	[[2523,666,2,-2,7,1,5,1,2,3]]
1884178	r	1077	[[2551,701,2,-4,6,3,-5,5],[2557,697,2,-1,-1,3]]
1846986	r	3685	[[2569,730,2,0,-1,-3,4,-2,8,2,6,5,-2,5,-7,-2,-3,1,-1,-2,-3,0]]
1842944	r	2559	[[2554,718,4,-5,5,2,3,8,-8,3]]
11695689	r	1425	[[2532,714,3,-3,0,-2,4,-1,3,0,2,4,-5,3]]
1832743	r	753	[[2548,748,3,-2,-1,-2,3,-1,-2,-2,3,1,1,8]]
1837706	r	1522	[[2556,732,1,-1,-1,-1,2,-3,-1,-2,5,0,3,2,5,0,-8,5,-3,-2,-1,3]]
1892823	r	1831	[[2573,748,6,-4,8,0,-5,8,-2,-1,-2,1]]
1835447	r	687	[[2527,729,2,-1,-1,2],[2530,730,2,-1,-2,-1,2,-1,-2,-1,2,-3,-2,0,4,0,0,4,2,2]]
1844174	r	1038	[[2528,731,8,-2,2,3,-3,4]]
1832384	r	3455	[[2566,738,6,-4,3,0,1,2,3,-1,5,1,-1,5,-11,5,-5,-3]]
1832830	n	598	[[2547,751,1,-3,3,0,4,2,-2,3]]
1840379	r	3266	[[2542,708,4,-5,6,1,2,1,4,7,-4,4,-10,-4]]
1836553	r	1357	[[2563,762,6,-5,6,3,-3,5,-2,-1,-1,1]]
1840886	r	1044	[[2557,733,2,-3,3,2,3,-1,2,5,-2,1,-4,-1],[2567,730,1,-1,-1,2]]
1844191	n	1321	[[2553,753,2,-3,7,1,1,3,-3,4]]
6903078	r	1906	[[2560,712,8,-6,5,1,-2,3,2,3,-1,1,-4,-2,-1,2,2,1,-6,0,-3,-1]]
1835895	r	1604	[[2523,735,0,-1,1,1,0,-2,1,1,1,-2,1,3,1,-3,7,4,0,3,-2,1,0,-2,0,2,-3,1,2,-3,-2,1,0,-2,-1,3,-3,1,1,-5,-1,0,0,3,0,-2,-2,1,0,-2]]
1842859	r	1374	[[2525,709,5,0,1,-3,3,-1,5,3,-4,1,0,2,-3,3,-3,-2,5,-1,-6,0]]
1845020	r	527	[[2562,699,5,0,1,-2,1,1,-1,2,2,0,-3,0,1,2],[2569,701,1,0,-1,1]]
1840179	r	1366	[[2558,766,4,-4,7,3,1,-1,2,1,-5,7,-4,-5]]
1838508	r	1091	[[2534,726,0,-3,3,-2,2,2,5,0,-1,2,-3,1,0,2,-3,1]]
1832798	r	839	[[2565,737,2,-1,-2,-6,2,1,3,-3,1,2,-2,0,3,4,-3,3,-3,1]]
6395804	r	561	[[2521,697,1,-1,1,1],[2522,688,2,-1,0,3],[2525,697,2,0,-1,1]]
1832501	r	647	[[2526,705,2,-2,4,0,2,2,-3,1,-2,3,0,-2]]
11762608	r	2739	[[2527,695,5,-2,-1,0,0,-7,4,3,1,3,0,-3,2,-1,5,6,-9,6,-3,-2,-1,-3],[2533,687,2,-1,-1,2],[2542,691,1,-1,0,2]]
285839	n	1668	[[955,583,4,-5,7,0,-3,2,-1,7,-6,0]]
285787	n	174	[[956,591,0,-2,5,3]]
285799	n	1564	[[948,587,2,-4,5,0,1,5,-2,-1,2,4,-5,0]]
3580661	r	200	[[-1628,385,6,2,-6,0]]
3580477	r	26	[[-1628,387,1,0,0,1,-1,0]]
1526384	r	6753	[[1525,865,2,-5,5,-2,7,2,8,-2,3,3,1,4,-2,5,-19,2,-3,-3]]
1526273	r	11629	[[1412,1024,1,-5,4,-3,12,-3,12,3,4,3,1,5,-1,4,-4,3,-12,4,-12,-4,-4,-3]]
1518980	r	8735	[[1379,846,4,-7,9,-2,9,2,4,7,-4,7,-9,3,-9,-3]]
610611	r	14898	[[1125,1006,1,-5,4,-4,14,-4,14,4,4,4,2,5,-2,4,-4,4,-14,4,-14,-4,-4,-4]]
609655	r	5208	[[1448,995,5,-6,10,-2,9,3,4,6,-4,6]]
1516905	r	4163	[[1417,858,2,-4,3,-2,3,3,12,2,1,1,-3,5,-8,3,-7,-3]]
1519922	r	3825	[[1301,897,3,-4,6,-2,6,2,3,4,-3,4,-6,2,-6,-2]]
608668	r	3601	[[1019,1025,2,-4,8,-2,7,2,3,4,-4,5,-2,-1,-2,2,-5,-2,-1,2,2,0,-6,-2]]
1520240	r	8470	[[1524,1046,1,-4,4,-3,10,-3,11,3,3,3,2,4,-2,3,-3,3,-11,3,-10,-3,-4,-3]]
1520316	r	5004	[[1641,999,3,-5,8,-2,8,2,3,5,-3,6,-8,2,-8,-2]]
1519422	r	5209	[[1594,1008,3,-5,8,-2,8,2,3,5,-3,6,-8,2,-8,-2]]
610529	r	8206	[[1021,942,3,0,8,-2,2,1,1,-3,4,0,1,1,2,-2,3,-1,-1,2,3,0,2,2,5,-1,0,3,-1,4,-3,4,-12,4,-12,-4,-4,-4]]
1517945	r	2962	[[1357,866,2,-4,6,-2,6,1,3,4,-9,5,-1,-2,0,2,-3,2,-3,-3]]
1519928	r	4466	[[1261,1068,12,-11,8,1,4,5,-2,5,-7,3,-8,0]]
1520172	r	4553	[[1371,1097,4,-4,8,-2,8,2,4,4,-4,5,-8,2,-8,-2]]
1518262	r	4550	[[1446,1001,4,-5,22,6,-5,5,-8,2,-9,-2]]
1522203	r	4179	[[1377,1066,3,-5,8,-2,8,2,3,5,-3,4,-8,2,-8,-2]]
610612	r	1501	[[1020,878,6,-10,4,3,1,3,-3,3,-4,2]]
1519843	r	3874	[[1251,1059,3,-4,6,-2,7,0,6,4,-10,9,-9,-2]]
1524325	r	2735	[[1498,1034,2,-3,6,-2,6,2,3,3,-3,4,-6,2,-6,-2]]
1518542	r	6409	[[1556,900,3,-5,8,-3,9,3,3,5,-3,6,-9,3,-8,-3]]
1516589	r	42041	[[1325,938,12,-6,12,-3,13,0,12,3,10,6,7,7,3,9,-1,9,-6,8,-7,5,-5,-3,-9,1,-10,-1,0,-2,-2,-2,1,-3,-5,-1,0,-1,4,-3,-3,-1,1,-3]]
607610	r	3152	[[1049,867,3,-4,5,-2,6,2,2,4,-2,4,-6,2,-5,-2]]
1525798	n	1960	[[1493,937,2,-3,5,-2,4,2,2,3,-2,3,-4,1,-5,-1]]
1519691	n	1960	[[1592,908,2,-3,4,-1,5,1,2,3,-2,3,-5,2,-4,-2]]
1521368	r	4036	[[1257,912,3,-4,6,-2,7,2,3,4,-3,5,-7,2,-6,-2]]
1520692	r	6381	[[1333,958,2,-5,5,-5,12,10,-1,2,3,0,0,2,-4,2,0,1,5,1,-1,3,1,1,-8,0,-7,-2,-5,-5],[1352,959,2,-1,0,2]]
1522751	r	8714	[[1355,874,9,-4,0,-2,1,2,16,-8,5,7,0,4,-3,4,-9,5,-11,-1]]
1521370	r	12559	[[1651,1014,20,-22,14,4,7,8,-7,1,0,6,-9,6,-7,3,-13,-2]]
609123	n	1960	[[1074,939,2,-3,4,-2,5,2,2,3,-2,3,-5,2,-4,-2]]
1519948	r	31368	[[1506,877,0,-2,67,-7,3,9,-46,24,-10,-3,-8,-6,-4,-6]]
1651944	r	4858	[[2042,364,7,-4,3,-1,0,-2,2,-1,3,3,4,1,1,3,-3,5,-6,2,-7,-1]]
1653316	r	21502	[[2095,331,5,-6,1,-3,7,-2,-1,-2,3,2,8,-2,5,2,0,3,2,1,1,-2,6,2,1,3,3,0,-5,6,0,7,-8,2,-4,-1,-6,1,-1,-1,-3,1,-4,-1,-2,1,-6,0,-2,-2]]
1655199	r	5235	[[2089,354,7,-6,-1,-8,2,2,7,0,1,2,1,7,-4,5,-7,1]]
1654379	r	3700	[[2110,302,2,-2,-1,-2,5,-2,5,2,1,4,-1,5,-5,2,-5,-2]]
11244752	n	441	[[2002,407,1,-2,3,3,-3,3]]
1652203	r	14914	[[2065,408,1,-4,13,-11,11,3,6,8,-4,1,0,3,-3,-1,-2,2,5,4,-10,6,-6,-2,-1,-4,-6,3,-2,-1]]
1655559	r	34483	[[2020,392,5,-1,-2,-3,4,-8,-3,-3,1,-3,21,4,4,8,1,-2,4,2,-2,5,6,3,0,2,4,2,0,4,-1,1,3,4,-2,2,1,5,4,2,-6,2,-3,5,-3,0,0,-3,-6,-3,-3,0,0,-3,-3,-2,-1,-6,-21,-4]]
1655123	n	1960	[[2059,389,1,-3,4,-2,3,2,2,3,-2,3,-3,2,-4,-2]]
1655078	r	11970	[[2025,414,2,-6,3,-4,13,2,1,6,3,2,0,3,6,2,-6,6,-10,2,-3,-1,2,-1,-1,-2,-4,2,-3,-3]]
1655140	r	4876	[[2063,368,1,-3,2,1,-1,2,3,1,9,-3,3,1,2,-4,1,5,-3,7,-7,2,-7,-2]]
9948272	r	25318	[[2121,319,8,-28,2,1,6,-6,4,3,1,-1,4,4,3,-1,2,7,-2,3,3,0,0,7,-4,2,-4,7,4,1,1,4,-2,-1,-5,2,-6,8,-1,-3,1,-1,-3,0,0,-3,-7,-2,-3,2,0,-4]]
276781	n	1470	[[709,674,4,-2,3,0,-1,6,2,3,0,1,-4,2,0,-4,-3,-2]]
268743	n	5.039	[[709,678,1,0,0,1,-1,0]]
266826	r	1424	[[713,685,4,-2,5,2,1,3,-1,3,-3,2,1,-2,-4,-2]]
268064	r	463	[[705,668,8,4,-4,2]]
267008	n	559	[[702,662,4,-1,2,2,-2,5,-1,0]]
278913	n	1145	[[706,668,3,-5,1,0,1,3,1,-1,3,2,0,2,-2,3]]
266045	n	1060	[[715,678,1,-5,1,0,2,0,0,1,3,3,-3,5]]
273675	r	1551	[[722,685,6,-4,5,3,-2,4,-5,2,2,2,-2,-1]]
277130	r	1177	[[718,683,4,-6,5,0,-2,1,3,3,-6,4]]
3576686	r	111	[[-1220,281,2,-2,0,3]]
3576812	r	498	[[-1222,278,3,-4,1,5,-2,2]]
3042030	r	137	[[190,941,2,1,-2,3]]
1248991	r	1457	[[1596,139,3,-8,4,5,-1,4,-5,2]]
1242833	n	506	[[1597,194,3,-2,-2,3],[1598,195,6,-3,-4,4]]
1233369	n	1039	[[1596,149,1,-7,5,-1,-1,5]]
1241622	n	1787	[[1608,145,2,-3,3,-1,3,2,1,3,-2,3,-3,1]]
1226260	n	1054	[[1620,172,3,-5,5,1,-1,2,-4,0,2,1,-2,5]]
1242110	n	917	[[1632,148,2,-3,4,-1,-3,7,-3,-1]]
1246294	r	768	[[1602,123,5,-4,2,5,-3,2]]
1229989	n	443	[[1600,196,4,-3,3,0,-5,3],[1603,196,5,-3,-3,4]]
1250161	n	921	[[1629,154,3,-4,3,1,-3,4,2,-1,-2,4]]
1251568	n	939	[[1617,125,1,-4,7,2,-4,4]]
1235846	n	572	[[1607,120,6,-1,-2,5,-3,-1]]
1248749	n	1960	[[1608,157,2,-3,3,-1,3,1,2,3,-2,3,-3,2,-3,-2]]
1251081	n	1960	[[1604,166,1,-3,3,-1,3,1,2,3,-2,3,-3,2,-3,-2]]
1225018	n	1960	[[1605,175,2,-3,3,-2,3,2,2,3,-2,3,-3,2,-3,-2]]
1250066	n	902	[[1611,123,2,-4,5,2,-2,4]]
1251574	n	737	[[1600,129,2,-6,3,4,-2,2]]
1228730	n	1960	[[1603,134,2,-3,3,-2,3,2,2,3,-2,3,-3,1,-3,-1]]
1250615	n	1960	[[1617,140,1,-4,3,-1,3,1,2,4,-2,3,-3,1,-3,-1]]
1237980	n	1786	[[1603,150,1,-4,4,-1,4,5,-2,3,-3,1,-3,-1]]
2274895	n	1209	[[-221,132,6,-4,-1,-2,7,-2,-4,8]]
2277060	n	1960	[[-194,140,1,-3,4,-2,3,2,1,3,-1,3,-3,2,-4,-2]]
2278158	n	992	[[-204,121,6,-7,2,4,-2,3,-3,1]]
2277241	n	999	[[-184,145,1,-3,3,-2,4,3,-1,4,-1,-2,-5,-1,0,2]]
2276086	r	6789	[[-213,132,4,-8,2,-1,13,5,-9,16,-1,0]]
2272491	n	1946	[[-167,121,1,-3,3,-1,3,1,2,3,-1,3,-3,2,-4,-1]]
2276492	r	1880	[[-162,91,7,-4,4,0,-1,8,-5,0]]
2273312	r	7866	[[-209,163,3,-5,6,-4,3,-1,9,3,-3,8,1,3,-4,1,1,1,-1,0,-1,2,-6,-3,-1,2,-4,0,0,-6]]
2273435	n	1961	[[-221,137,1,-3,4,-1,3,1,1,3,-1,4,-3,1,-4,-1]]
2276600	r	2071	[[-186,104,11,-7,1,4,-3,5,-5,1]]
2274129	n	1453	[[-177,147,2,-4,1,0,3,1,1,4,-1,3,-4,1]]
932505	n	876	[[546,-590,5,-1,4,4,-4,3]]
932521	n	400	[[554,-579,6,-3,-1,5]]
932438	n	1368	[[545,-601,3,-2,-1,-3,2,-1,6,3,-1,4,-3,1]]
932614	n	1425	[[541,-594,4,-7,5,3,0,3,-3,3,-3,0]]
932698	n	638	[[559,-578,1,-4,5,2,-3,5]]
932886	n	1009	[[562,-575,3,-5,4,1,1,3,-1,4]]
932183	n	1389	[[549,-607,7,-5,3,4,-1,3,-3,1]]
932035	n	1230	[[551,-584,5,-3,3,1,1,3,-6,4]]
1106835	n	1960	[[567,-590,2,-4,3,-1,4,1,1,4,-1,3,-4,1,-3,-1]]
593116	r	5113	[[492,1094,2,-4,3,-2,12,-2,6,5,-1,5,3,2,-6,3,-9,0,-7,-2]]
598316	r	3719	[[467,1098,9,-5,11,1,3,4,-4,5,-8,2,-8,-2]]
598098	r	2228	[[420,1108,2,0,1,5,2,-3,-1,-2,7,2,3,3,-1,4,-4,3,-8,1,1,-9]]
594739	r	3811	[[455,1117,5,-4,8,-1,7,2,3,5,-4,4,-9,2,-8,-3]]
596128	r	3379	[[477,1115,3,-5,7,-1,8,1,3,5,-3,4,-8,2,-7,-2]]
601084	r	2695	[[472,1087,4,-4,6,0,6,2,2,3,-5,5,-9,0]]
597231	r	2568	[[458,1091,3,-4,7,-1,4,1,4,5,-7,4,-3,1,-6,-2]]
593672	r	2635	[[503,1110,3,-4,6,-1,7,1,2,4,-2,4,-7,1,-6,-1]]
593926	r	2694	[[436,1120,2,-4,7,-2,7,2,2,4,-2,3,-7,2,-7,-2]]
593959	r	2323	[[437,1105,1,-3,4,-1,10,0,3,4,-3,4,-6,1,-7,-1]]
2960316	r	1777	[[116,995,2,-2,-2,-2,3,-2,8,0,1,4,2,1,-6,4]]
456172	r	2481	[[469,1137,7,-1,11,-4,5,10,-2,0,2,2,-4,2,-11,-6,-8,1]]
460413	r	2741	[[520,1119,6,-4,5,-2,5,1,6,3,-3,4,-7,3,-8,-1]]
457954	r	2028	[[419,1131,1,-7,8,1,4,5,-2,4,-8,3,-1,0]]
459279	r	2279	[[464,1133,3,-4,7,-2,6,2,4,3,-8,4,-7,1]]
454310	r	1730	[[428,1143,4,-1,7,1,3,3,0,4,-2,2,-5,-1,-6,-5]]
456202	r	2566	[[537,1130,3,-3,7,-2,6,2,3,3,-3,4,-6,1,-7,-1]]
453754	r	2171	[[499,1151,16,-4,4,4,-3,4,-7,1,-7,-1]]
457065	r	1743	[[487,1132,10,0,4,2,0,3,-3,3,-6,2]]
459283	r	2818	[[507,1130,3,-4,7,-1,7,1,3,4,-3,4,-7,1,-7,-1]]
454768	r	2029	[[454,1139,2,-3,4,-2,5,0,4,3,0,4,-4,1,-1,3,-7,-2]]
460570	r	2089	[[496,1146,3,-4,6,-1,7,1,3,4,-16,4]]
2210247	r	1982	[[257,656,1,-3,4,-1,4,-3,6,7,-8,2]]
88319	r	13704	[[398,635,4,-10,4,0,4,-4,16,0,-2,10,-8,8,-5,12,-10,-7]]
2214846	n	1058	[[296,648,4,-5,6,2,-2,3,-7,1]]
2208485	n	1081	[[286,649,2,-3,3,-1,4,1,2,3,-9,2]]
2219905	n	1825	[[276,653,2,-5,2,-1,6,2,2,2,-4,3,-6,2]]
2218970	n	2741	[[242,647,6,-5,2,1,-1,4,3,0,1,4,2,0,3,2,-1,3,-5,0,0,4,-1,-4,-3,1,1,-4]]
2212775	r	67108	[[260,568,13,-35,8,-3,-2,-5,10,3,32,-11,3,3,6,13,0,15,-55,29]]
81302	n	978	[[474,642,1,-3,3,-2,4,1,2,2,-10,4]]
89113	n	1883	[[399,615,2,-3,4,-2,3,2,2,3,-2,3,-3,2,-3,-1]]
2219701	n	705	[[243,653,4,-2,2,3,-1,3,-3,0]]
89055	n	1780	[[430,655,1,-3,4,-1,4,1,1,3,-1,3,-5,1,-4,-2]]
2210554	r	75395	[[290,611,2,0,-1,-3,4,-7,-2,-2,8,-5,9,-2,5,-4,3,0,5,2,8,-2,9,1,7,-3,5,2,6,-8,2,-5,5,-4,5,-1,0,13,4,7,2,17,-12,8,-17,7,-26,4,-9,5,-5,-4,-5,-1,-3,-6,-7,-4,0,-3]]
87205	n	971	[[447,655,2,-2,3,-2,3,0,3,3,-10,3]]
2219936	n	1369	[[236,657,1,-3,4,-2,2,1,2,4,-8,4]]
88903	n	1648	[[412,651,3,-6,5,1,2,3,-1,3,-3,2]]
2210221	n	1881	[[267,649,2,-3,3,-2,4,1,2,3,-2,5,-3,0,-4,-1]]
2220139	n	1206	[[255,651,2,-4,7,0,2,2,-4,3,-4,1]]
2217362	n	1856	[[255,643,2,-3,3,-1,4,1,2,3,-2,4,-7,0]]
2219235	n	1960	[[251,532,1,-3,4,-2,3,2,2,3,-2,3,-3,1,-4,-1]]
2214603	n	1960	[[273,518,2,-3,3,-1,4,1,1,3,-1,4,-4,1,-3,-1]]
2214433	r	77720	[[186,602,7,-10,4,-9,0,-8,11,2,31,2,0,6,12,3,-11,51,-5,5,1,2,-3,-1,-3,3,-13,-6,-1,-2,-3,-1,-2,-4,-5,-2,-3,-3,3,-8,-2,-8,-6,-7]]
2216645	n	1960	[[314,583,1,-4,4,-1,4,1,1,4,-1,3,-4,1,-4,-1]]
2553604	r	3478	[[-161,669,4,-3,-1,-3,11,-1,2,5,-1,3,2,5]]
2538475	r	1967	[[-145,676,6,-2,3,-3,3,0,3,3,-1,5,-5,0,-1,2]]
2548885	r	3984	[[-106,683,2,-7,8,-4,5,2,0,4,-5,8,-6,0]]
2530335	n	1319	[[-120,710,5,-2,4,6,-1,3,-6,-1]]
2542997	r	4631	[[-168,633,2,-5,6,-2,6,2,2,5,-4,5,-8,1,-3,-3]]
2537763	r	1988	[[-137,681,1,-2,5,0,6,5,0,4,-5,3]]
2561668	r	2594	[[-198,613,6,-5,-1,-6,4,-1,3,1,-1,10,-2,0,1,2,-5,1]]
2542715	r	2571	[[-117,680,2,-7,2,-1,5,1,4,4,-2,5,-2,1]]
2540483	r	1722	[[-45,693,5,-5,4,0,2,2,-3,2,2,3,-5,3]]
2528910	r	2103	[[-114,709,6,-4,4,1,3,2,-6,7,-4,0]]
2558545	r	1236	[[-85,704,3,-3,4,-1,4,1,2,4,-2,1,-2,-2,-2,1]]
2537881	r	2450	[[-188,640,5,-1,5,3,1,6,-3,3,-4,2,-1,-1,0,-7]]
2544248	r	2231	[[-145,658,1,-3,3,-2,6,1,1,8,-7,0]]
2550078	r	1499	[[-175,661,5,-2,4,2,3,3,-1,4,-7,-3]]
2555745	r	1929	[[-131,648,1,-7,2,0,5,1,3,4,0,2,-9,2]]
2541479	r	2368	[[-66,700,2,-3,5,-1,7,6,-7,4,0,3,-3,-3,-3,-2,1,-1]]
2529317	r	2815	[[-87,684,2,-4,5,-1,4,1,2,4,-2,4,-4,2,-5,-2]]
2537406	n	1681	[[-158,660,2,-3,4,-2,3,2,2,3,-1,2,-8,1]]
2558470	r	1831	[[-126,673,4,-2,5,1,1,2,-1,6,-5,1]]
2544001	r	1619	[[-124,698,8,-2,4,6,-5,3]]
2543549	r	1061	[[-126,698,10,8,-2,2,-3,1]]
2548526	r	3051	[[-208,580,2,-4,5,-2,4,2,2,4,-2,4,-4,1,-5,-1]]
2544333	r	2566	[[-119,659,1,-4,5,-1,4,1,2,4,-2,3,-4,2,-5,-2]]
2555467	r	2079	[[-53,698,2,-3,5,-2,1,0,5,5,-8,5,-4,-1]]
2530048	r	2408	[[-64,689,3,-5,2,-1,5,1,2,4,-1,3,-4,2,-5,-1]]
2548830	n	1258	[[-139,650,0,-2,8,0,2,2,-3,3,-3,1,-3,-1]]
2540689	r	2234	[[-135,654,5,-2,8,4,-6,5,-4,1,-2,0]]
2549979	n	1961	[[-153,641,1,-3,4,-2,4,2,1,3,-1,3,-4,2,-4,-2]]
2532945	r	1709	[[-125,685,3,-4,4,-1,3,10,-8,-1]]
7280528	r	2736	[[-95,639,2,-4,4,-2,5,2,2,4,-2,3,-5,2,-4,-2]]
2548489	r	2535	[[-73,685,1,-4,4,-2,5,1,2,3,-3,6,-2,1,-5,-1]]
2539134	r	1567	[[-187,613,0,-6,3,-5,4,2,-2,9]]
2556018	n	1960	[[-164,645,1,-3,4,-2,4,2,1,3,-1,3,-4,1,-4,-1]]
2528659	n	1492	[[-131,679,1,-4,4,-1,4,7,-5,1]]
2529649	r	3005	[[-183,614,4,-11,5,1,3,2,1,5,-3,3,-5,2]]
2549263	r	2539	[[-197,628,0,-5,7,1,3,4,0,6,-4,3]]
2548818	r	314	[[-112,717,1,-2,4,0,-1,4]]
2533191	r	1653	[[-118,680,1,0,9,3,-1,4,-6,3]]
2527089	r	2801	[[-201,592,3,-3,5,-1,4,3,1,4,-2,3,-4,2]]
2530241	r	2365	[[-228,569,2,-4,4,-1,4,1,2,4,-2,3,-4,2]]
2540850	r	3801	[[-145,618,2,-4,5,-2,5,2,2,4,-2,5,-5,2,-5,-2]]
12718688	r	2056	[[-127,694,4,-5,9,2,-2,5,-8,2]]
2526488	r	2474	[[-177,645,3,-4,5,-1,4,2,0,5,-1,1,-7,2]]
2546917	r	1546	[[-108,673,9,-7,3,3,0,2,-7,5]]
2532412	n	1346	[[-139,646,3,-4,6,1,-1,5,-8,0]]
2540810	r	2093	[[-116,696,1,-5,3,0,5,1,2,4,-2,3,-4,2]]
2555519	r	1546	[[-146,670,2,-3,2,0,6,3,-3,4,-5,1]]
2536074	n	1926	[[-174,653,2,-3,5,-1,3,1,1,3,-2,3,-4,2,-3,-2]]
2542227	r	2526	[[-101,654,2,-4,4,-1,4,1,2,4,-2,3,-4,2,-4,-2]]
2556464	r	1679	[[-110,669,1,-4,3,-1,4,0,3,2,-9,7]]
2544720	r	1387	[[-130,652,1,-2,8,-2,2,4,-3,4]]
2993458	n	19	[[147,874,1,0,0,1,-1,0]]
618426	r	5495	[[563,937,4,-6,10,1,5,4,4,7,-1,1,-8,0,-9,4,-4,-3,1,-5]]
617239	r	832	[[590,941,1,-7,6,-2,2,0,0,4,-8,3,1,2]]
618605	r	2058	[[550,955,1,-3,4,-2,6,0,5,2,-5,7,-11,-2]]
618577	r	1044	[[582,936,9,-2,-1,7,-5,0]]
617486	r	1788	[[572,954,10,-3,3,6,-3,3,-2,-1,-3,2,-3,-1]]
618456	r	2021	[[562,920,1,-7,-1,-1,7,1,4,4,-1,3,-7,4,-3,0]]
617180	r	1470	[[551,948,8,-7,2,-1,2,2,0,4,-3,3,-5,1]]
617367	r	886	[[559,966,3,-5,10,0,1,2,-3,0,0,-2,-2,2,-2,0,1,2,-5,0,-1,1]]
617638	r	2010	[[568,948,9,-4,6,0,1,4,-2,3,-9,2,-3,-2]]
618405	r	3247	[[563,925,11,-6,4,1,2,4,-2,4,2,2,-2,2,-12,-1]]
617076	r	2248	[[538,964,3,-2,2,-4,5,0,5,8,-6,3,-3,-2,-3,1]]
618120	r	2035	[[579,932,1,-2,4,0,0,-3,2,2,1,-1,2,2,4,-3,4,4,-6,3,-9,2]]
618329	r	1603	[[561,959,4,-6,6,1,3,4,-1,3,-11,0]]
618370	r	1636	[[549,959,2,-2,10,2,1,2,-3,5,-4,0,-2,0]]
3193044	r	1570	[[381,852,1,-6,4,-1,6,7,-5,3]]
3194494	r	2562	[[371,855,4,-3,6,0,6,3,-3,4,-5,2,-6,-2]]
3199394	r	603	[[369,850,2,-2,-1,1,4,1,0,-2,-3,0,3,-1,1,5,-4,2]]
3193161	r	2181	[[374,865,12,-5,3,1,2,4,-6,6,-5,0,-2,-1,3,-4,-1,-1,-3,2]]
3203106	r	260	[[374,847,5,-3,3,1,-8,3]]
3204509	r	800	[[379,844,4,-5,4,-1,0,4,-2,2,1,1,-4,1]]
3204176	r	3453	[[386,860,2,-4,10,-5,4,2,-1,2,3,0,3,2,-8,5,-2,0,-6,3,-2,-4]]
3202641	n	781	[[374,848,8,-2,-1,6,-6,0]]
3578851	n	68	[[-1263,361,3,0,0,1]]
1070940	n	5102	[[942,-380,2,-4,6,1,1,-3,3,-1,3,2,1,12,-4,-2,-2,3,-4,0]]
1053384	n	1023	[[983,-363,1,-3,3,-1,2,8,-4,-1]]
1069166	n	1842	[[936,-397,1,-4,4,-1,3,1,1,4,-4,4,-4,-1]]
1062663	n	1047	[[922,-314,1,-4,3,-1,-2,3,1,2],[926,-316,3,-2,2,1,0,4,-2,2,-2,-2]]
1064890	r	3242	[[936,-429,1,-4,5,-2,4,2,2,4,-2,4,-4,2,-5,-2]]
1055429	n	980	[[872,-463,3,-8,3,2,0,3,-2,3]]
1069129	r	2624	[[979,-248,2,-3,4,-2,4,1,3,2,-4,5,-1,-1,-2,2,0,1,2,-1,-1,4,-2,0,0,-2,-2,0,2,-1,-1,-2]]
1056899	r	2551	[[996,-285,3,-6,5,-1,-1,14,-5,-2]]
1071296	r	2334	[[999,-298,3,-6,7,0,-5,9,0,3,-4,-2]]
1055433	r	1435	[[933,-501,1,-2,5,1,4,6,-6,1]]
1070661	r	8325	[[936,-386,13,-16,11,-1,2,3,1,5,-6,7,-6,2]]
1079048	r	10085	[[906,-504,3,-8,16,8,6,1,-2,12,-8,2,-8,-3,-5,-5]]
1082243	r	14350	[[971,-258,1,-1,1,2],[972,-272,8,-6,0,-5,2,-1,2,4,2,-1,14,14,-1,6,-2,2,-19,5,1,-3,-3,-6,0,-4,-3,-3,0,-2]]
1083724	r	9746	[[957,-275,1,-3,2,-1,-2,-1,3,-2,-1,-2,19,-6,4,3,3,6,-2,1,-2,-4,-2,1,0,5,-8,5,2,2,-1,2,-4,2,1,-3,-3,-1,-1,-5,-2,1,-1,3,-2,-1,0,3,-1,-2,-1,2],[958,-282,2,-2,0,1]]
1058532	r	18361	[[957,-388,11,-12,8,3,7,18,-8,10,-9,2,0,5,-3,-1,-1,-3,-3,-1]]
1069579	r	17578	[[883,-371,2,-6,0,-5,5,-8,10,-1,6,3,2,27,-3,3,-5,3,-9,-8,2,-4,-7,-4]]
1058381	r	23456	[[876,-425,7,-2,8,0,8,3,6,5,3,6,1,7,-1,7,-4,7,-14,2,-3,-5,2,-5,-11,-17]]
1076105	n	292	[[964,-265,0,-3,3,0,-1,4]]
1082639	r	17281	[[951,-357,0,-3,8,-7,3,1,1,3,3,1,1,-5,8,-2,5,14,-8,15,-5,0,-6,-2,-6,-4,-3,-4]]
1054463	r	28201	[[906,-390,5,-4,8,-2,13,11,4,25,-14,5,-7,-1,-7,-3]]
1061605	r	1853	[[954,-443,1,-4,3,-2,5,11,-6,0]]
1064980	n	1225	[[983,-348,3,-3,4,-1,-2,5,2,4,-4,-1]]
1079088	r	12775	[[930,-411,2,-7,22,-3,4,4,2,6,-3,8,-8,1,-8,-1,-1,-2,-10,-3]]
1064275	r	51124	[[892,-444,12,-27,11,-5,11,0,8,2,7,27,-28,26,-17,-12]]
1068971	r	19008	[[944,-301,2,-5,5,-5,6,-2,6,0,6,2,4,5,3,5,0,6,-3,7,-13,4,0,-3,-1,3,0,-1,-3,1,-2,-5,1,-3,4,1,1,-3,-1,2,-1,-2,-2,3,-7,-11,1,6,-1,3,-3,-4,1,-1]]
1065158	r	7259	[[942,-456,3,-9,8,-5,5,20,-12,3,-3,-4]]
1062842	r	38275	[[912,-339,1,-6,3,-7,20,-8,11,4,14,22,-4,8,-6,6,-39,-14]]
1061912	r	18215	[[878,-352,3,-4,0,-13,2,-2,3,0,7,4,-2,4,17,14,-8,9,-11,6,-7,-9]]
2113779	r	7926	[[3416,153,1,-12,8,-11,6,1,-4,24]]
785842	r	1613	[[425,841,0,-6,4,-2,9,6,-11,5]]
788886	r	1466	[[427,844,11,-5,3,1,-2,7]]
786735	r	2012	[[424,826,10,-4,3,1,-2,7,-7,2]]
792578	r	1478	[[422,817,10,0,2,2,0,3,-9,3]]
785082	r	1348	[[414,837,7,0,4,-2,0,7,-3,2,-6,-2]]
785058	r	1408	[[428,833,7,-3,3,2,2,1,-1,6]]
790295	r	1054	[[412,836,3,-3,9,1,1,1,-4,2,-9,0]]
785482	r	1005	[[439,839,1,-6,5,-1,3,3,-7,5]]
7886881	r	923	[[409,831,2,-3,-1,-2,6,1,-1,6,-4,3,-1,-1,1,-4]]
787487	r	617	[[413,821,1,-3,3,0,2,8,-1,0]]
789541	r	1193	[[435,830,2,-6,6,-1,2,3,-7,6]]
785387	r	623	[[410,826,3,-5,5,5,-2,1]]
789403	r	682	[[441,840,7,-4,3,5]]
785380	r	1436	[[447,827,8,-2,1,2,3,0,0,4,-3,2,-9,-4]]
789527	r	1601	[[415,832,1,-5,3,-1,5,0,2,5,-2,3]]
786565	r	928	[[445,832,2,-3,10,5,-9,1]]
789045	r	1112	[[440,846,2,-6,9,2,-6,5]]
790744	r	808	[[443,823,11,0,1,2,-8,2]]
787716	r	802	[[438,832,7,-6,2,1,-2,5,-5,1]]
784424	r	532	[[448,836,7,-1,-4,6]]
791559	r	759	[[451,842,4,-7,5,0,-3,5]]
786341	r	1121	[[417,818,5,-1,2,9,-5,0]]
2460596	r	2911	[[-166,255,2,-6,3,-2,4,1,-2,2,1,3,3,1,-1,3,-5,2,-3,-1]]
2451185	n	1960	[[-118,226,1,-3,4,-1,3,1,1,3,-1,4,-3,1,-4,-1]]
2454268	r	17035	[[-127,240,18,-4,4,1,3,3,9,1,4,6,1,-1,-1,2,2,3,-2,3,-3,0,-2,2,-1,-2,-4,-2,-1,1,-2,-2,-1,4,-4,3,0,-5,-3,0,-1,3,-9,-1,-5,-4]]
2451478	r	45263	[[-149,285,1,-1,5,-1],[-142,260,4,-4,7,0,4,-5,2,0,5,4,8,1,5,-3,0,5,3,1,-1,5,2,4,-1,0,-1,4,7,1,1,7,-1,2,-3,-3,-2,1,1,2,-4,5,-7,4,1,3,-1,2,2,3,6,0,2,4,-1,7,-3,1,-19,-1,-5,-11,3,-8,-2,-3,-3,1,-2,-4,-3,-1,0,-8,3,-6,-2,-3,-3,-1]]
2455518	r	39399	[[-245,295,2,-2,-1,-5,4,-5,1,-6,-3,-3,5,-8,2,2,3,-1,3,-7,10,2,15,20,-4,10,-5,0,4,3,-6,12,-3,-5,-10,11,-7,-2,-2,-14,-4,-2]]
2453348	r	61922	[[-113,291,7,-4,4,-5,-1,-2,2,-1,3,3,0,-9,4,-1,3,2,0,-2,5,5,4,2,3,-8,10,-6,4,1,-1,8,5,-2,3,1,-1,3,2,5,7,4,3,0,0,5,-2,11,-22,11,-2,-2,-4,0,-1,3,-3,3,-13,-4,-8,0,-3,1,-2,-2,3,-1,2,-6,-3,-5,-6,0,-2,-3,1,-2]]
2457163	r	124043	[[-37,296,3,-6,12,6,7,5,-9,3,-4,2,-6,3],[-34,350,3,-11,17,-1,0,-17,5,-19,-6,-1,6,1,1,-2,3,1,9,-3,0,2,10,-1,5,1,8,6,33,1,1,2,2,7,-36,23,9,18,-11,-2,-13,5,-11,16,-19,5,0,-14,-5,3,-3,-14]]
2451778	r	13442	[[-106,258,3,-3,1,-4,2,2,1,-1,4,2,1,2,2,-2,7,0,1,5,-3,4,8,6,0,-1,6,-3,0,2,-6,4,-3,8,-2,0,-7,-7,0,2,-3,-2,-10,0,1,-5,-2,-3,1,-5]]
2459775	r	37745	[[-174,220,2,-1,2,2,4,-1,-1,-8,2,-4,3,1,1,-2,1,0,1,-4,5,5,4,1,1,-2,2,0,-1,-2,8,-2,1,4,6,0,0,6,4,-2,1,3,2,0,2,3,-1,0,0,3,-4,2,0,4,-2,-1,0,12,-12,5,2,1,-2,6,-7,-6,-2,-4,-9,-5,-9,-2,0,-4,3,0,-1,-1,1,-1,-2,0]]
2449067	r	227989	[[-117,370,5,-40,5,-3,-3,-17,5,3,3,-1,8,0,13,4,3,-3,1,-3,4,0,2,2,34,-16,3,13,6,-3,4,-2,9,-3,6,1,-5,19,0,17,-17,1,-1,4,-2,7,8,6,3,14,-9,23,-3,2,-21,5,-13,-1,-13,-3,-19,-9,-9,-9]]
2455216	r	51443	[[-224,256,3,-10,5,-4,2,-4,7,7,13,-4,1,3,6,1,1,2,-2,2,1,1,7,-1,8,6,-1,2,1,6,3,5,-2,6,2,3,-2,2,-1,-2,-2,0,-3,2,2,5,-4,4,-1,-5,-3,0,-4,4,-2,-3,-4,3,-7,-5,-4,0]]
2454530	r	47364	[[-180,249,1,-3,-1,-2,2,-1,0,-2,3,-1,-2,-7,3,0,2,-3,1,0,2,3,8,1,10,6,2,5,2,0,2,14,4,1,1,6,3,1,2,3,-3,6,0,8,5,4,-4,-1,-1,-3,-7,-1,-3,1,-8,9,-8,-7,-4,0,-3,2,-2,-2,-3,0,1,-4,-1,0,-1,-3,4,-2,2,2,2,-1,-2,-6,2,-4,-3,-5,-1,-6,1,-1]]
2457763	n	1446	[[-144,256,2,-4,3,-1,3,1,1,4,-3,0,-3,4]]
2453662	n	1750	[[-126,274,5,-5,3,2,1,3,-1,3,-3,1,-4,-1]]
2452655	n	1960	[[-124,285,1,-3,3,-2,3,2,2,3,-2,3,-3,2,-3,-2]]
2452651	r	33266	[[-215,307,6,-12,-4,-3,5,0,4,-10,4,0,7,5,5,-3,0,2,2,1,3,-4,3,0,1,5,5,-2,3,2,3,0,4,7,2,8,-1,7,-24,0,0,4,-2,-2,1,-3,-13,-2,-14,2]]
2455290	r	227364	[[-41,400,9,-7,9,-23,5,-3,0,14,19,-5,11,-16,13,-5,11,2,-9,-18,45,-28,5,3,4,12,3,2,1,55,-19,-3,-4,3,3,5,0,9,-10,3,-1,2,-2,-1,-2,1,-2,-1,-2,4,-2,1,-2,-1,-6,1,-4,6,-6,3,-3,0,0,7,-29,19,-16,-10,-12,-10,-6,-8,4,-10]]
1298824	r	5304	[[1915,334,4,-4,4,0,-1,-4,5,3,-3,6,2,-4,2,-1,3,0,3,3,-5,1,-1,5,-4,7,-7,-4,2,-3]]
1311874	r	5461	[[1904,436,3,-4,1,4,3,2,4,-6,10,4,2,6,-2,0,-1,7,-4,-2,0,-3,-7,1,-1,-2,-5,0,1,-5]]
6611854	r	9513	[[1914,391,3,-7,15,5,2,12,-5,1,1,2,-4,3,-2,-2,-4,1,-1,-2,-4,2,2,-3,-2,-3,1,-3]]
1308465	r	3011	[[1947,332,0,-2,5,1,0,-2,-2,1,-1,-1,2,-5,1,5,0,-7,6,0,1,4,-2,3,3,1,-1,4,-9,0]]
1321218	r	18829	[[1867,475,2,-2,-1,-8,17,-13,3,-2,10,8,2,5,-1,6,-3,5,-6,5,-6,2,-2,-4,-7,3]]
1300466	r	5724	[[1921,358,3,-12,4,-5,10,1,-1,2,1,2,-2,2,2,1,2,-3,2,3,-13,5,-3,5,-4,1,0,-2]]
1328421	r	8259	[[1884,321,1,-2,4,3,1,2,-1,2,2,-1,3,3,-1,3,5,2,7,9,-5,4,-3,0,-6,4,2,-4,-2,1,0,-3,-2,0,0,-5,-1,-1,-1,-7,-2,-1],[1888,320,0,-3,4,3,1,5]]
1285693	n	1322	[[1933,417,2,-7,1,2,0,-3,4,0,0,5,-1,1,-2,-1,0,5]]
1308522	r	10772	[[1886,442,2,-7,14,0,6,3,-1,5,3,-1,3,2,-3,5,-5,1,-2,3,-6,0,-1,2,4,1,-1,1,-4,-1,-6,-6]]
1316752	r	1662	[[1868,399,2,-4,0,3],[1869,387,4,-6,1,2,7,2,-1,3,-4,-3,-5,4],[1872,389,3,-1,1,-3,2,2,-1,1,0,1,2,0,-4,2],[1872,394,2,1,-1,1]]
1295765	r	2263	[[1853,409,2,-4,-1,5],[1855,410,4,-4,-4,-2,3,-2,3,8],[1859,403,4,-6,-1,3,2,-2,-1,4,3,-1,-1,5,-4,4,-1,-7,2,1]]
1309793	r	6289	[[1907,415,2,-4,4,-2,11,6,3,8,-11,3,-8,-6]]
1309611	n	1009	[[1967,249,1,-2,1,2,0,3],[1971,245,3,0,2,2,0,4,-3,2,-1,-2,2,-1,-2,-1,2,-2]]
1319364	n	1345	[[1994,432,2,-3,3,-1,3,2,1,3,-4,1,-1,3]]
1308318	r	1347	[[1953,477,4,-2,4,0,2,3,0,4]]
1293960	r	13431	[[1934,427,4,-7,-1,0,0,-4,1,-2,1,1,1,-1,-1,-7,2,-3,3,0,0,8,7,-6,5,1,3,5,0,6,-5,10,-9,4]]
1307835	r	3790	[[1902,435,6,-15,8,6,-1,6,-5,5,-2,-1,-1,-4,-3,3]]
1293625	n	1444	[[1961,285,1,-2,0,-6,2,0,0,4,1,-4,2,1,1,4,-1,3,-3,1]]
1299154	r	8656	[[1893,379,6,-12,3,-2,9,2,5,7,-1,8,-21,-1]]
1325211	n	1777	[[1904,353,3,-4,6,1,0,6,-2,1,-4,0]]
1298073	r	6433	[[1883,375,5,-8,-2,-2,2,0,1,-2,3,-3,4,-1,1,3,3,2,-8,17,-3,3,-6,-8,3,-1]]
1314759	r	3502	[[1948,459,2,-4,5,-2,5,2,2,4,-2,4,-5,2,-5,-2]]
1302439	r	2136	[[1896,427,1,-3,3,-2,4,0,2,2,-3,8,-5,-1]]
1292288	n	1469	[[1943,341,2,-6,5,-1,1,8,-4,1]]
1328872	r	12005	[[1870,400,2,-2,3,0,-2,-2,1,-1,1,0,0,-1,1,1,-2,-3,6,-3,-3,0,1,-3,2,2,1,-1,0,1,1,-3,7,-1,4,9,-7,13,-5,6,-6,4]]
1309937	r	6800	[[1924,449,1,-7,2,0,-2,-5,1,-2,3,-2,1,3,5,3,0,1,3,-5,-2,0,-4,-3,3,-2,3,2,4,7,-3,9,-1,1]]
1308567	n	1752	[[1989,437,1,-3,4,-2,4,5,-1,3,-4,1,-3,-1]]
1285173	n	1424	[[1893,409,1,-3,7,1,1,2,-2,4,-4,-2,-1,2]]
1290596	r	13571	[[1916,382,2,-14,3,-2,24,6,1,4,0,1,-13,12,-16,-5]]
1292037	n	2307	[[1899,386,2,-3,4,-1,3,3,1,3,-2,3,-4,1,-2,-2]]
1312609	r	5946	[[1886,406,7,-13,13,3,2,3,-3,2,1,7]]
1321275	r	3899	[[1924,415,3,-4,3,1,-1,-5,3,-5,4,0,-1,8,1,1,-1,-1,-5,14,-3,-1],[1934,419,4,1,-3,1]]
1307741	r	22435	[[1933,496,8,-5,3,3,0,4,4,-1,0,3,6,-2,0,3,2,4,2,-1,3,2,2,6,4,0,4,5,-2,2,-5,6,-7,3,-7,2,-8,-1,-7,-26,7,-2,-6,0,-1,-4]]
1327659	r	6877	[[1884,418,1,-6,10,1,1,-2,3,0,1,3,7,1,0,3,-18,10,-4,-5]]
1308937	r	10089	[[1919,461,6,-11,12,-1,5,7,-2,8,-7,5,-9,-1]]
1303406	r	7736	[[1924,359,3,0,2,-5,10,-4,4,4,2,4,-3,7,-7,4,-7,-3]]
1296736	r	13414	[[1896,454,4,-2,3,1,2,-3,5,0,2,-5,4,-2,4,1,0,3,5,3,-12,23,-10,-3,-5,-12,2,-2,-3,0]]
1295087	n	1574	[[1914,346,3,-4,7,4,-1,3,-3,2,-5,-2]]
1315056	n	1305	[[1939,492,3,-3,4,0,3,5,-2,3,-3,1,-2,-7]]
1326703	n	1146	[[1907,330,4,-3,5,6,-5,2]]
1294041	r	4602	[[1904,396,10,-5,1,3,2,9,-4,6,-4,2,-3,-3,-1,-7,3,-2]]
1328121	n	1706	[[1903,326,1,-3,3,-2,0,2,1,-2,3,1,2,3,-6,5,-3,-1]]
1325814	r	4144	[[1889,360,3,-8,-1,-3,6,-3,4,-1,-1,18,-6,-4,-5,4]]
1323815	n	1960	[[1921,512,2,-3,3,-1,4,1,1,3,-1,3,-4,2,-3,-2]]
1285899	r	3292	[[1913,409,4,-4,2,-1,1,2,4,-1,2,2,4,-3,-1,-2,3,0,-3,5,1,5,-3,-1,-3,4]]
1296645	n	1921	[[1931,485,1,-3,3,-2,3,1,2,2,0,4,-3,2,-4,-1]]
1308078	r	4965	[[1891,319,5,4,-4,-5,2,-1,4,7,2,1,-3,-2,1,-2,6,7,0,2,4,2,2,3,-1,1,-3,0,1,5,-2,1,-7,-9,-3,-1,-1,-10],[1892,326,2,2,-1,-2,1,3],[1893,330,1,-1,0,2]]
1319573	n	249	[[1970,204,1,-4,2,4]]
1292507	n	1186	[[1951,321,3,-3,0,-3,5,2,-1,5]]
1327854	r	9572	[[1844,424,4,-10,4,-5,2,1,-1,4,2,-3,11,5,-2,9,-8,7,-4,0,0,-7,-1,3,-3,-1,-2,2,-1,-1]]
1328218	n	1889	[[1940,487,0,-4,3,-2,3,0,3,3,0,3,-3,2,-4,0]]
1292313	n	1701	[[1913,350,2,-1,5,2,-1,5,-3,2,-3,-2]]
1291193	r	2030	[[1928,336,2,-3,3,1,0,-3,-2,-1,1,0,4,5,2,6,-10,0]]
1317397	n	1227	[[1911,327,2,-2,3,0,3,2,0,3,-3,3]]
1295301	n	1383	[[1993,409,1,-3,5,3,3,-2,0,2,-1,3,-3,2,-4,-2]]
1311909	r	2111	[[1870,377,3,-3,2,0,0,4],[1873,381,6,-4,1,2,-2,5,1,-1,2,2,-7,-2],[1881,382,1,0,-1,-5,2,-1,2,3,-1,2,-3,4]]
1316703	r	6044	[[1915,432,1,-6,11,-3,10,6,-5,3,6,4,-3,4,0,-1,-5,-3,-1,-3,-4,3]]
1302849	n	1617	[[1950,334,6,1,1,3,-1,3,-5,1]]
1325443	r	16108	[[1858,440,9,-5,12,0,5,3,4,12,-20,15,-2,-4,-3,0,1,-3,-2,-3,1,-10,-3,-1,0,-4]]
1313479	r	14986	[[1933,389,11,-10,5,1,7,5,-1,3,2,3,2,2,0,5,-7,8,-16,-4,-2,-1]]
2028462	r	6599	[[2122,958,2,-4,8,1,3,-4,7,-1,2,1,-2,6,2,1,-1,1,5,7,-7,2,-9,0,-7,-4]]
2031405	n	1943	[[2075,981,2,-4,5,-1,4,1,2,4,-2,3,-4,1,-5,-1]]
2031964	r	4382	[[2108,990,3,-5,7,-2,8,2,3,5,-3,5,-8,2,-7,-2]]
2032054	n	1960	[[2284,961,2,-3,5,-1,4,1,2,3,-2,4,-4,1,-5,-1]]
2029901	n	1492	[[2142,957,2,-6,6,1,2,3,-1,3,-4,2,-3,0,0,-2]]
2029945	n	1960	[[1996,993,2,-4,5,-1,5,1,2,4,-2,3,-5,1,-5,-1]]
2032533	r	4271	[[2005,924,3,-5,6,-2,7,2,3,5,-3,5,-7,1,-6,-1]]
1515029	r	27710	[[1814,1000,1,-6,9,-8,9,-3,8,-1,11,1,9,4,6,6,2,7,-2,5,-5,6,-7,4,-2,-2,-7,4,-3,-3,-7,0,-8,-5,-8,-1,-4,-2]]
1516048	r	99376	[[1801,958,1,-3,5,-2,2,-7,5,-6,4,-1,2,-4,1,-4,-3,-5,2,-6,-6,-5,-1,-5,4,-6,5,0,9,-3,13,-1,20,0,-2,15,5,2,6,11,-3,4,6,0,3,2,7,2,-6,10,4,4,3,25,-57,6,-9,-8,-7,0,2,-3]]
2032814	n	1961	[[2049,925,2,-3,5,-1,4,1,2,3,-2,3,-4,2,-5,-2]]
1515436	r	3985	[[1789,979,3,-4,7,-2,7,2,3,4,-3,5,-7,2,-7,-2]]
2032007	r	6572	[[2077,871,3,-5,8,-3,8,3,4,5,-4,6,-8,3,-8,-3]]
2029156	n	1518	[[2117,1005,2,-4,5,-1,5,1,2,4,-1,2,-6,-1,-4,2]]
2029656	n	1961	[[2207,946,2,-3,4,-1,5,1,2,3,-2,4,-5,1,-4,-1]]
2028606	r	7427	[[2016,950,4,-7,9,-2,9,2,4,7,-4,6,-9,2,-9,-2]]
2032081	n	1960	[[2196,898,2,-4,4,-1,5,1,2,4,-2,3,-5,1,-4,-1]]
2032614	r	2711	[[2258,934,2,-4,6,-2,5,2,2,4,-2,3,-5,2,-6,-2]]
1516393	n	1960	[[1919,927,2,-3,4,-1,5,1,2,3,-2,4,-5,1,-4,-1]]
2032201	r	3898	[[2060,976,3,-4,6,-3,7,1,4,4,-8,9,-8,-2]]
1515007	n	1960	[[1930,955,2,-3,5,-2,5,2,1,3,-1,3,-5,1,-5,-1]]
1821274	n	30	[[2271,442,1,0,0,1,-1,0]]
7828758	r	242	[[2912,300,1,-2,0,3],[2914,302,1,0,1,3]]
3570675	n	731	[[-1224,294,4,-2,0,-1,-2,-1,1,-1,4,1,0,-2,0,4,-2,3]]
3569926	r	374	[[-1225,296,4,-2,3,2,-1,-1,-4,3]]
2377450	n	2178	[[-321,353,6,1,-2,4,2,2,1,3,-3,4,-4,-1]]
2377457	n	249	[[-342,417,1,-1,2,7,-1,0]]
2378538	n	1960	[[-233,332,2,-3,3,-1,3,1,2,3,-2,4,-3,1,-3,-1]]
2377539	n	1960	[[-150,332,1,-3,4,-1,3,1,1,3,-1,4,-3,1,-4,-1]]
12718654	n	1960	[[-120,317,1,-3,3,-1,4,1,1,3,-1,3,-4,2,-3,-2]]
2378736	n	1270	[[-275,324,2,-2,3,1,3,-4,1,4,-1,3,-3,2,-3,-2]]
2375558	n	1961	[[-254,455,1,-4,4,-1,3,1,1,4,-1,3,-3,1,-4,-1]]
2376719	n	1961	[[-248,303,1,-3,3,-1,4,1,1,3,-1,3,-4,2,-3,-2]]
2381334	n	1960	[[-266,410,2,-3,3,-1,3,1,2,3,-2,4,-3,1,-3,-1]]
2381291	n	1960	[[-197,333,1,-3,4,-1,3,1,1,3,-1,3,-3,2,-4,-2]]
2381659	n	1960	[[-283,341,1,-3,4,-2,3,2,1,3,-1,3,-3,2,-4,-2]]
2376898	n	1013	[[-321,330,10,0,-2,3,-3,2,-3,-2]]
2381690	n	1960	[[-292,395,1,-3,3,-2,4,2,1,3,-1,3,-4,1,-3,-1]]
7266440	n	36	[[-1244,335,1,0,0,1]]
3578069	n	64	[[-1244,334,1,0,0,1,-1,0]]
2562541	r	162	[[286,719,1,-1,2,1]]
2563191	r	162	[[287,718,2,-2,2,2]]
934154	n	405	[[1147,-406,5,1,1,5]]
933945	n	979	[[1146,-409,4,-1,5,1,-4,5,-4,-2]]
934631	n	513	[[1152,-405,2,-3,2,1,0,3,-3,4]]
1282027	r	36	[[1469,84,1,-1,1,2]]
927967	r	17008	[[658,-277,2,-4,3,3,3,-3,3,-7,4,-4,1,2,7,0,6,2,2,-2,4,13,-2,6,-4,5,-18,-5,-1,1,-1,-2,-8,-2]]
931755	r	11978	[[686,-316,4,-9,8,-4,7,1,1,4,6,2,2,3,-12,8,1,2,-3,2,-2,-1,-5,4,-5,-6]]
925475	n	1960	[[676,-229,1,-4,3,-1,4,1,1,4,-1,3,-4,1,-3,-1]]
923295	r	9645	[[692,-303,6,-5,2,1,3,-2,-1,-2,13,-9,1,0,1,12,-1,5,2,5,-24,-1]]
235715	r	14446	[[661,-192,3,0,3,-5,-1,-4,5,-4,2,-5,-3,-4,20,1,2,1,-2,12,-9,10,-2,-1,-1,-3,-3,2,-7,0,-2,2,-4,0]]
928534	r	18890	[[655,-271,3,-4,9,3,1,2,1,-1,18,6,1,7,-3,7,-3,4,-14,4,-3,0,2,-4,4,0,-4,-4,-7,-1,-1,-3,1,-3,0,-6]]
927246	r	15437	[[689,-290,1,-2,2,-8,26,2,-1,5,-20,23,-1,0]]
3530597	r	2012	[[-1991,391,4,-8,8,-1,0,4,-3,6,-3,-4]]
3981609	r	1519	[[-2343,651,5,-8,2,3,2,-2,3,1,-2,3,-1,3]]
3521081	r	6068	[[-1975,380,2,-9,5,-1,5,2,0,5,5,0,2,4,-6,4,0,5,-3,1,-3,-1,2,-6]]
3529612	r	1974	[[-1984,397,2,-2,-1,-2,2,-3,7,3,-8,9]]
3991164	r	2803	[[-2013,413,1,-5,4,-2,3,2,4,6,-3,3,-3,2]]
3998655	n	4899	[[-2046,422,7,-8,4,-1,2,4,1,-2,6,3,-3,5,2,6,-3,2,-3,-4,0,-1,-4,-2]]
4013708	n	3321	[[-2140,634,2,-5,5,-3,6,0,6,2,-3,2,-4,5,-12,0]]
3979770	r	5020	[[-2079,414,0,-2,11,0,0,2,6,5,-1,5,-6,1,-5,-1,-4,-5]]
4005539	r	1339	[[-2072,410,3,-4,6,2,-4,4,-2,-1,-3,1],[-2068,414,0,-2,3,1,2,5]]
3523349	r	5776	[[-1803,419,1,-5,4,-3,3,4,6,-1,4,4,-1,3,-2,3,2,3,-12,-2,-4,-2]]
3995465	r	5205	[[-2020,523,4,-5,-1,-2,1,-3,5,-3,-3,1,4,-7,1,5,-1,-2,3,0,4,3,-2,3,1,1,0,6,-5,0,-1,6,-5,-1]]
3530589	n	2185	[[-1981,389,2,-5,0,-2,-2,0,6,-2,2,5,-1,8]]
3996069	r	10612	[[-2320,646,8,-14,4,-3,1,7,3,1,3,-3,0,-5,1,-2,2,1,2,5,0,3,-3,2,-1,6,-1,1,2,5,3,0,2,4,-24,-1,1,-5],[-2296,635,3,-1,-2,2]]
4014338	r	26190	[[-2137,593,12,-36,7,9,4,1,-1,2,18,22,-11,7,-12,3,-9,0]]
3531673	r	2998	[[-1746,423,1,-3,8,-3,2,6,-1,1,-1,5,-1,0,-2,2,-5,-3]]
3522790	r	165	[[-1988,389,3,-1,1,2,-2,1]]
4004898	r	45647	[[-2252,578,7,-3,1,5,-1,5,-4,-1,-1,-5],[-2248,587,3,-1,2,-7,5,-3,4,-7,8,-4,1,1,4,2,0,2,21,1,18,10,-7,14,-16,9,-17,0]]
4012176	r	22397	[[-2161,496,4,-5,-2,2,7,-4,1,1,1,-2,-1,0,1,-1,-6,3,16,-11,12,6,3,11,-4,12,-5,4,-6,4,-20,-18,0,-3]]
3995402	r	4171	[[-2030,395,2,-4,-1,-2,2,1,4,-7,5,1,1,11,-3,3,-9,0]]
3981254	r	16935	[[-2085,511,1,-6,4,-4,5,-3,6,0,0,-9,1,0,1,12,7,-5,1,1,-3,4,6,4,2,6,-4,7,-12,5,-5,-1,-4,-3,-2,1,-3,-4]]
3985606	r	12758	[[-2034,448,2,-10,5,-5,15,0,4,14,-4,6,-9,1,-8,-4,-3,2]]
4019233	r	8667	[[-2057,438,2,-6,5,-4,11,6,-3,1,1,2,2,1,2,-2,3,2,-2,6,-6,4,-12,-3]]
3988086	r	26482	[[-2043,500,5,-6,8,-6,18,4,3,9,-5,10,3,-1,-5,3,-1,3,1,2,-4,5,-6,3,-3,-1,-1,2,-1,-2,-3,3,0,-2,-2,1,0,-3,-1,0,-1,-1,2,-2,-6,-2]]
4005492	r	4545	[[-2006,508,3,0,0,-2,4,2,2,-1,2,2,7,2,-1,5,-5,5,-4,-5,-3,3,-3,1,0,-6,-1,-1,2,-3]]
3533462	r	6070	[[-2011,342,14,-5,3,-3,9,-1,1,6,-9,6,-3,-2,-1,2,-2,0,-5,4]]
3515431	n	209	[[-1989,390,6,0,0,1,-2,1]]
3981461	r	1493	[[-2069,411,2,1,5,-5,3,5,-3,7,-3,-6]]
3515001	n	1960	[[-1867,335,1,-3,4,-2,3,2,1,3,-1,3,-3,2,-4,-2]]
3520339	r	10259	[[-1985,523,5,-13,7,-5,3,5,7,-1,0,6,4,1,2,3,0,2,-7,0,-12,6,-6,1,0,3]]
3515807	r	1403	[[-1995,394,6,-4,4,2,2,-1,1,4,-2,2,-2,-1]]
4011743	r	4890	[[-2101,480,2,-5,6,-2,5,2,3,5,-3,5,-5,3,-6,-3]]
3523466	n	1266	[[-1955,518,1,-4,4,-1,4,1,1,4,0,1,-4,-2,-5,4]]
3515302	r	4866	[[-2003,381,4,-3,5,0,0,3,4,-1,3,3,-4,8,-5,4,-3,-1]]
4006702	r	4510	[[-2338,641,6,-4,-1,-2,-2,0,2,-2,-1,-2,4,-2,4,1,4,4,0,6,-4,5,-8,-1]]
3514783	r	3515	[[-1932,384,2,-6,3,-2,5,-1,5,2,-6,8,-3,1,-1,5]]
3526617	n	3939	[[-1948,389,2,-5,4,-1,9,1,2,2,-4,2,1,4,-4,3,-3,-1]]
3522551	r	5872	[[-2004,550,2,-6,3,-4,6,-2,6,0,-2,3,-1,10,-7,5,-2,3,-3,-4]]
3996322	r	16697	[[-2140,479,11,-15,9,-7,5,-7,2,1,4,6,2,7,-7,15,-6,3,-8,2]]
4004330	r	2812	[[-2035,413,3,-6,5,4,2,-2,4,0,-1,1,2,5,-2,2,-6,0]]
3516266	r	4558	[[-1856,302,11,-11,2,9,2,1,-3,4,2,4,-8,-1,-5,-4,0,-2,-1,1]]
3514670	n	1941	[[-1863,358,2,-2,4,-1,2,3,1,3,-3,3,-3,0,-3,-2]]
4014875	r	2194	[[-2022,410,2,-5,2,-1,6,2,-1,8,-7,1]]
3529947	r	2816	[[-1992,378,7,-7,2,-1,2,7,2,1,1,3,-8,2]]
3981941	r	11554	[[-2110,434,6,-4,-1,-8,11,-3,5,3,4,5,-2,9,-7,6,-9,-1]]
3530580	n	1960	[[-1988,475,2,-3,3,-2,4,2,1,3,-1,3,-4,1,-3,-1]]
4013704	n	1914	[[-2204,550,2,-3,3,-2,3,1,2,4,-1,3,-4,1,-3,-1]]
3530517	r	8767	[[-1896,367,4,-24,8,-2,2,1,3,3,0,9,-4,3,3,3,0,4,-11,-1,-4,6]]
3516355	r	7521	[[-1971,447,3,-6,4,3,5,-5,4,0,-1,3,2,-2,-3,13,-1,-1,0,3,3,3,0,-1,0,5,-10,-1]]
3980760	r	3660	[[-2051,391,16,-13,1,1,-3,13,-5,2]]
4004886	r	7377	[[-2232,626,1,-4,3,-4,9,-4,10,4,3,4,1,4,-16,1,-11,3]]
3997479	r	2558	[[-2186,516,3,-5,-2,3,4,-2,4,4,2,1,1,-2,0,1,-1,4,-5,2,-5,-2],[-2182,511,4,-1,1,5,-3,-4]]
3522210	r	3352	[[-1982,404,5,-6,5,-2,2,12,-8,1]]
3522507	r	4209	[[-1941,343,1,-6,4,-2,5,1,4,4,-2,5,-4,3,-5,-1]]
4000900	r	22524	[[-2240,490,6,-4,0,1,3,0,10,-5,9,-8,6,-3,4,-9,3,1,0,2,-2,3,2,2,2,-2,-2,4,5,1,0,3,-3,3,0,2,-3,0,0,2,-5,4,-2,-1,1,-2,-6,1,-3,6,2,5,-5,7,-2,7,-3,2,-10,-7,-6,-9,4,-6],[-2216,513,1,-1,0,2],[-2214,501,2,-4,1,1,-1,3,-2,1],[-2208,491,1,-3,1,2]]
3516109	r	6133	[[-1958,369,1,-4,10,-5,6,3,3,6,-14,9,-5,-5]]
3991328	r	8207	[[-2114,408,4,-6,10,0,6,5,1,9,-2,3,-10,3,-6,-7,4,0,2,-3]]
3531732	r	26930	[[-1821,382,20,-17,19,28,-27,20,-1,-15,-4,-4,-1,-7]]
4013728	n	1145	[[-2024,586,3,-4,6,1,-6,6,-2,1]]
3519537	r	7630	[[-1858,324,3,-1,14,13,-2,5,-4,3,-5,2,-5,-1]]
3995523	r	12944	[[-2040,539,2,-5,3,-3,-2,-4,3,-1,0,2,3,-3,1,2,1,-2,5,0,6,4,4,4,1,5,-2,7,-14,3,-7,-3]]
3530240	r	2954	[[-1942,383,3,-13,4,1,4,5,-1,5,-2,3]]
3985710	n	526	[[-2202,461,3,-4,3,2,-3,3]]
4026082	n	955	[[-2049,360,5,-2,5,1,-2,3,-3,2,-3,-1]]
3530599	n	519	[[-1841,373,0,-2,4,1,-3,2],[-1841,371,3,-2,1,1,-1,2,-1,0,1,-2]]
3530870	r	14637	[[-2006,351,7,-6,2,0,1,-2,3,2,11,-7,6,5,2,8,-2,9,-28,-2]]
3979802	n	2063	[[-2051,398,4,-3,5,1,-8,6],[-2050,402,8,-5,1,3,-1,3,-4,1]]
3521168	r	3569	[[-1956,411,3,-5,6,-2,5,2,1,2,-4,6,-8,1]]
3985604	r	11812	[[-2308,629,3,-9,2,0,5,4,1,6,-1,-2,-2,-1,-1,2,0,5,-3,3,-3,-1],[-2301,645,1,-1,1,-6,16,-8,3,1,0,3,3,6,1,-6,1,0,1,-2,-1,5,4,4,-1,0,0,1,-24,8,-3,0]]
3985344	r	2000	[[-2020,417,1,-2,6,-1,4,3,0,2,-4,4]]
4005509	r	9472	[[-2062,455,2,-5,6,-4,-1,-1,16,3,2,7,-2,6,-6,5]]
3531023	n	830	[[-1771,370,0,-1,5,1,3,4,-5,0]]
4012406	r	29087	[[-2161,568,4,-11,9,-7,8,-2,7,0,7,5,1,4,-11,32,-10,-2,-8,-4,-5,-7]]
3530367	n	1960	[[-1847,325,1,-3,3,-2,4,2,1,3,-1,3,-4,1,-3,-1]]
3996663	r	8341	[[-2105,393,3,-2,2,-4,4,-1,0,-2,7,-2,2,0,0,-2,5,-1,1,1,-4,17,-3,4]]
3518723	r	12360	[[-1935,362,3,-8,8,-4,8,2,6,7,-6,13,-2,1,-9,0,-6,-6]]
3529982	r	2136	[[-1983,371,5,-1,4,2,-1,8,-3,1,-1,-3,-2,-1]]
3518407	n	1246	[[-1973,385,1,-3,6,2,-2,6,-4,-1]]
3992619	r	1947	[[-2017,574,3,-5,7,0,-6,11,-3,-3]]
3521342	r	2385	[[-1749,413,2,-6,10,10,-8,2,-3,-2]]
4013720	n	1960	[[-2114,564,1,-3,4,-2,3,2,2,3,-2,3,-3,1,-4,-1]]
4013516	r	5705	[[-2083,392,2,-9,9,-3,1,-3,1,2,6,-2,1,1,2,6,-19,10]]
4006163	r	19134	[[-2076,464,2,-8,5,-6,29,19,-3,5,-5,4,-6,2,-7,0,-7,-2,-4,-4]]
3518692	r	5299	[[-2007,403,5,-3,7,1,4,5,-1,6,-4,3,-4,1]]
3986172	n	942	[[-2199,462,3,-3,6,4,-4,3]]
3483849	r	12355	[[-1991,448,3,-19,6,-3,6,1,5,2,4,4,0,2,-4,12]]
3522307	r	1999	[[-1948,377,1,-2,5,-4,3,1,-2,11,-5,-2]]
3526798	r	6413	[[-2004,366,4,-8,20,1,2,5,-7,7,-7,-4,-2,1]]
4005143	n	947	[[-2223,560,3,-1,2,-2,1,3,0,-2,4,0,-1,3,-3,2,-4,-1]]
3995019	r	12351	[[-2199,540,3,-6,6,-1,-1,1,1,1,5,-7,9,5,3,5,0,5,-4,8,-7,4,-8,-8,-4,1,-1,-3,2,-1,-3,-3,0,-2]]
4013714	n	1960	[[-2074,394,1,-3,4,-2,3,2,2,3,-2,3,-3,2,-4,-2]]
4004867	r	18861	[[-2129,539,1,-6,3,-4,6,-3,6,-2,6,2,5,3,3,4,1,6,-1,6,-5,5,-14,2,-8,-5]]
3515696	r	3877	[[-1955,396,0,-3,4,-4,3,0,7,7,-7,7,-5,-1]]
3515062	r	2935	[[-1972,396,5,-2,5,2,-5,13,-3,0]]
4018400	r	10562	[[-2061,382,3,-7,6,-5,12,1,6,6,-17,14,-6,-2]]
4002224	r	5725	[[-2051,427,5,-5,9,2,10,9,-5,5,-5,-2,-2,2,-3,-3,3,-1]]
3981984	r	4524	[[-2063,423,4,-11,7,0,3,12,-7,2]]
3531576	r	9051	[[-1883,364,5,-2,-1,-17,15,3,1,15,-6,2,-2,3]]
3526357	n	1234	[[-1905,331,4,-5,3,2,2,-1,0,3,-3,3,-3,0]]
3521912	r	2051	[[-1875,367,4,1,2,-3,6,-2,10,6,-1,3,-5,-3]]
3982213	r	5507	[[-2221,376,2,-2,1,2,-2,1],[-2083,379,7,-4,6,-8,3,-2,3,-1,3,5,-1,6,-8,4,-1,-2,-1,3,-9,3,0,-3]]
3528756	n	1960	[[-1984,455,1,-3,4,-2,3,2,1,3,-1,3,-3,1,-4,-1]]
3515011	n	1540	[[-1953,419,3,-4,3,0,3,2,-4,7,-4,-2]]
3520064	r	315	[[-1906,324,0,-2,7,2,-3,2]]
4004885	n	1771	[[-2012,389,1,-3,4,-2,3,2,2,3,-2,3,-2,1]]
3994489	r	2661	[[-2063,403,14,2,1,2,-4,5,-7,0]]
4000821	n	1956	[[-2045,407,1,-3,4,-2,3,2,1,3,-1,3,-3,1,-4,-1]]
3515887	r	3030	[[-1995,398,1,-3,8,1,4,6,0,2,-4,2,-4,-1,-3,-3]]
3996387	r	18149	[[-2028,473,1,-5,4,-5,4,-3,6,-1,6,1,5,3,3,5,1,5,-1,5,-3,5,-5,3,-6,1,-6,-1,-4,-3,-4,-5]]
4019260	r	15498	[[-2205,627,0,-17,14,-4,10,2,12,19]]
3530103	r	479	[[-1740,407,0,-2,5,7,-4,-1]]
4005297	n	1748	[[-2166,508,2,-3,4,0,3,2,0,3,-2,3,-4,1,-2,-1,1,-3]]
4005270	r	1676	[[-2029,423,3,-5,-1,-1,5,0,0,6,-2,1,-2,5,-1,0],[-2022,417,1,-1,1,2]]
4005219	r	5860	[[-2181,509,11,-3,2,-3,3,6,1,1,-1,3,4,11,-8,2,-5,-11,-1,2,-1,-1,-2,-7]]
3524348	r	10758	[[-2005,493,5,-6,8,-3,11,5,3,5,0,7,-5,7,-9,-6,2,1,2,-1,0,-3,-8,1]]
3980605	r	1293	[[-2032,407,0,-2,12,0,-3,5,-2,-1,-2,2]]
3516843	r	8826	[[-1923,326,1,-6,10,3,2,-4,4,3,0,2,4,2,-10,17,-4,-2]]
3523011	r	6703	[[-2010,498,5,-5,9,7,8,-1,0,3,-2,1,-2,-1,9,6,-2,5,-10,-4,-2,-2,-2,1,-9,-5]]
3979673	n	1026	[[-2035,356,8,-6,1,4,-2,3,-4,0]]
4023117	r	5168	[[-2027,432,3,-8,2,-1,0,-6,15,10,-6,6,-12,0]]
3982266	r	2777	[[-2334,650,4,-4,-2,-2,12,1,3,3,-1,5,-16,-2]]
3988258	n	1686	[[-2059,401,1,-3,4,-1,3,1,1,4,-1,3,-7,-1]]
3991347	r	10970	[[-2299,623,6,-11,-1,7,-3,1,-1,4],[-2280,630,0,3,4,-2,3,-2,1,-2,10,-3,1,-3,-1,-1,-1,1,0,-5,2,-4,6,12,6,4,-2,1,2,3,-2,0,2,3,-23,7,1,-2,-4,-3,1,-5,-1,2,-1,0,-1,6,-3,-6]]
3519907	r	5578	[[-1916,370,6,-10,14,7,1,2,-9,5,-10,1,3,-1,-3,0]]
4013712	n	1686	[[-2016,394,1,-3,3,-2,6,5,-2,3,-2,1,-5,-2]]
3523513	r	3423	[[-1948,403,7,-7,8,2,1,2,-7,8]]
4004887	n	1960	[[-2248,614,1,-3,4,-1,3,1,2,3,-2,4,-3,1,-4,-1]]
4019827	r	2855	[[-2020,399,3,-4,12,5,-2,3,-5,3,-6,-2]]
3526992	r	3729	[[-1966,409,4,-13,7,3,1,5,-3,5,-5,2]]
3994616	r	19901	[[-2175,608,1,-5,4,-5,5,-3,7,-1,6,1,6,3,3,5,1,5,-1,6,-3,5,-6,3,-6,1,-7,-1,-5,-3,-4,-5]]
3993179	r	3186	[[-2037,392,2,-10,6,0,4,4,-2,4,-2,-1,1,2,-2,4]]
3988333	r	13830	[[-2037,557,2,-6,18,-6,7,5,2,7,0,4,-16,9,-9,-4]]
3520235	r	13811	[[-2012,433,11,-8,10,2,2,2,-2,19,-5,4,-10,-1]]
3527023	r	7918	[[-1965,356,3,-6,6,-3,7,3,3,6,-1,4,-10,5,-6,-3]]
4018348	r	3232	[[-2052,412,4,-5,9,7,-2,4,-7,6]]
3815324	r	3137	[[-1962,385,9,-4,2,3,0,4,-4,5,-6,0]]
3980777	r	2204	[[-2031,403,2,-5,9,0,2,6,-12,1]]
3533426	r	6880	[[-1911,357,2,-5,4,-3,6,-2,6,1,-3,19,-14,-8]]
3516225	r	3560	[[-2001,371,1,-4,6,1,2,-1,7,4,-7,7,-6,0]]
3979846	r	2903	[[-2042,394,5,-2,7,3,1,3,-3,6,-8,-3]]
3521476	r	8715	[[-1875,318,17,-14,5,6,0,8,-5,6,-11,1]]
1735161	r	2320	[[2032,63,1,-3,1,0,2,-3,2,0,0,2,2,-1,1,0,0,3,3,1,-2,5,-3,-2,-2,3]]
1732752	r	480	[[2073,29,4,0,3,3,0,-1,-2,2,-1,-1,-2,1]]
1771023	n	427	[[2026,66,1,-5,3,4],[2029,63,2,-1,0,1]]
1735158	r	98	[[2031,63,2,-1,0,2]]
1734634	n	3326	[[2014,90,4,-5,2,0,6,5,1,5,-3,2,-4,0,-5,-5]]
1732903	r	880	[[2025,58,4,-2,2,4,0,3,-2,-1,1,2,-2,0,1,-2,-2,-1,-1,2,1,-3]]
8504423	r	598	[[2029,56,1,-2,4,2,-2,4,2,0,-1,1,-2,0],[2032,59,1,-1,2,1]]
13118225	n	679	[[2026,66,2,-1,1,1,2,-3,2,3,-6,5]]
1734759	r	2006	[[2040,48,4,-4,6,-2,1,1,-2,1,3,4,-2,1,-2,4]]
10063567	r	488	[[2068,30,2,-5,4,4]]
1736376	r	1835	[[2036,115,7,1,6,5,-1,2,-7,2,0,-3]]
1735227	r	1693	[[2061,76,3,-4,5,-1,-2,4,1,5,-4,1]]
6847550	n	804	[[2004,109,0,-4,2,0,1,3],[2007,113,1,-5,1,0,1,-2,1,4,-3,4]]
1735498	n	1579	[[2007,119,0,-5,4,-5,5,0,0,3,-3,4]]
7795834	n	593	[[2029,70,1,-2,3,-2,-1,-2,2,0,2,4]]
1732722	n	248	[[2077,30,2,-2,1,3,0,1]]
12750654	n	1111	[[2067,31,7,-2,0,3,-3,-1,4,2,-2,3,-3,0,-3,-2,1,-1]]
1733432	r	1966	[[2319,115,3,-1,4,2,0,5,4,2,-3,4,-2,-2,1,0,-4,-3,-1,-5]]
1734052	n	988	[[2358,117,1,-3,3,-2,3,1,2,3,-3,0,-1,-2,-4,0,-1,2,5,1,-2,4]]
1734705	r	5631	[[2050,98,7,-4,2,5,4,-1,4,1,-5,9,-7,5,-3,-4]]
1736309	n	3595	[[2004,125,3,-6,2,-2,9,0,-1,7,-5,-1,1,4,-2,2,-3,1]]
1735634	r	4582	[[2194,31,12,-10,0,3,2,-1,1,4,6,4,-4,1,-1,3,-2,-1,-1,2,-1,-2,-7,0,-2,1]]
1734810	r	2838	[[2035,57,1,-4,6,-4,6,4,0,4,-2,3,-6,-2,-2,1,0,-2]]
1734199	r	6101	[[2344,87,7,-4,2,1,0,4,7,-4,7,2,-3,6,-11,6,-6,-4],[2353,85,5,-2,-4,2]]
1732811	r	5411	[[2062,43,3,-3,-1,-1,0,-6,4,-1,1,4,4,0,-2,2,0,3,3,0,4,7,-8,6,-4,-4,2,-2]]
1732869	r	2086	[[2049,44,5,-7,7,9,-4,2,-5,-3,-2,2]]
1738050	r	6715	[[2270,76,4,-3,8,11,0,2,2,2,-1,3,-4,1,-1,-7],[2301,80,4,-4,-3,-6,1,-3,4,-7,1,0,3,3,-1,2,2,4,1,0,-1,3,0,6,-1,1,-2,-3,-2,1,-5,5]]
1735459	n	1868	[[2016,80,2,-3,3,-1,3,2,1,3,-2,3,-3,1]]
1734586	n	2204	[[2008,100,4,-3,1,-4,4,1,2,2,-1,4,-4,3]]
1734821	r	757	[[2030,54,4,-2,3,1,-2,1,-1,6,-2,0,2,-4]]
1735902	r	11807	[[2225,46,1,-3,2,0,-2,-1,2,-4,8,-3,8,3,4,8,-4,8,-8,3,-7,-3,-1,-3,2,-1,-2,0,2,-3,-5,1],[2226,49,2,-1,0,5]]
1732676	n	2421	[[2026,74,3,-4,7,-2,2,2,-1,4,-5,4,-4,-1]]
1734393	r	1543	[[2008,107,1,-1,0,2],[2010,108,1,-3,4,-1,7,1,0,3,-11,2]]
1732687	r	1355	[[2055,37,9,-5,0,7,1,1,-2,3,-4,1,-1,-1,2,0,2,-3]]
1735453	n	1012	[[2011,86,5,-6,2,5,-4,4,-2,-1]]
1737486	r	17136	[[2245,59,9,-12,11,-1,7,3,4,5,2,7,0,7,-8,8,-10,-13]]
1735545	r	1915	[[2043,116,9,-6,3,3,-6,8]]
1734815	n	429	[[2035,52,2,-4,3,0,0,2,-3,3]]
1732637	r	7515	[[2047,82,3,-12,3,-3,3,-6,7,1,2,1,-7,20,-3,2]]
1733953	n	1225	[[2362,100,1,-2,4,3,3,-2,1,1,-1,4,-3,1,-4,-1]]
1735572	r	9516	[[2031,111,1,-7,5,-5,7,-2,6,2,2,10,-4,5,-5,2,-12,-2]]
1733782	r	2106	[[2301,104,2,-1,4,1,-1,5,-3,-1],[2303,98,4,-1,5,4,2,5,-3,5,-4,-5,5,-1,-1,-4,-4,-3,-3,1]]
1737919	r	17562	[[2274,73,7,-9,7,-1,6,2,9,6,2,5,-4,4,1,2,4,-5,1,8,-5,3,-7,7,2,-7,-2,-5,-3,-3,-3,6,-3,-1,0,3,-3,3,1,-3,-2,-2,0,-2]]
1733331	n	606	[[2007,102,1,-1,6,3,-5,2]]
1763999	n	594	[[2021,72,3,-5,3,4,-3,2]]
1732945	n	1152	[[2064,85,1,-3,3,-2,2,6,-1,3,-3,-1]]
1732680	n	630	[[2054,37,8,3,-1,2,-1,1,-2,-1]]
1734098	r	14065	[[2314,111,1,-17,2,-2,6,-1,6,1,5,4,4,5,1,7,-2,6]]
1732846	r	8690	[[2048,53,2,-4,2,-1,-1,-1,5,0,2,1,3,-2,-2,-2,3,-1,6,5,-2,2,5,5,-2,5,-3,2,-10,-1,-7,-3]]
1736278	n	877	[[2003,129,1,-4,4,5,-2,3,-3,0]]
1733697	r	1365	[[2364,92,3,-5,4,0,2,2,-1,1,-2,1,-1,1,3,1,-3,1],[2373,90,0,-2,2,1]]
1735022	n	1634	[[2044,69,1,-3,3,-1,3,0,2,3,-3,1,-1,5,-4,-2]]
1744288	r	5551	[[2205,22,5,-5,4,0,4,3,7,1,-1,6,-8,4,-1,-2,-1,0,1,2,-6,-4,-1,-4,-2,1,0,-3],[2220,32,4,-4,-3,5]]
1732891	r	371	[[2022,70,4,-7,1,8,2,-1,-3,2,-2,-5]]
1732738	r	4434	[[2071,38,3,-5,3,-1,1,1,1,0,3,-6,4,0,-2,9,-6,12,-4,-7,-3,0]]
1040652	r	2639	[[649,-521,1,0,-1,-10,9,1,1,8,-2,-4,-3,2,-3,5,4,2,0,3,-4,1,0,-5],[658,-521,1,-1,1,3]]
1039854	r	3901	[[639,-519,2,-1,0,-6,8,-3,1,8,-1,0,2,3,0,5,-3,2]]
1033356	r	4973	[[778,-302,1,-4,3,-3,8,1,3,6,-2,5,-6,2,-5,-2]]
1052373	n	13867	[[679,-395,2,-5,11,4,1,-3,2,-2,-1,3,2,2,-3,3,5,-4,3,2,-2,2,4,1,0,-2,7,8,-3,4,-5,4,-11,1,-5,-2]]
1049261	r	4166	[[663,-382,2,-5,5,-2,4,2,3,5,-3,4,-4,2,-5,-2]]
1026014	r	6141	[[664,-323,2,-6,6,-2,6,2,2,6,-2,5,-6,3,-6,-3]]
1028434	r	3591	[[730,-358,2,-4,4,-2,4,3,-3,3,3,-2,5,5,-4,4,-5,0,-4,-2]]
1043893	r	4786	[[698,-266,2,-5,5,-2,5,2,2,5,-2,5,-5,2,-5,-2]]
1035025	r	2827	[[806,-290,5,-6,6,0,-1,8,-2,-1,-1,-2,0,4,2,0,0,2,-1,1,-2,-1,-1,2,-2,-2]]
1028918	r	3042	[[803,-259,2,-6,6,-2,1,8,-2,0,0,-1,-2,1,5,3,-1,3,-6,0]]
1024694	r	30639	[[717,-337,2,-8,17,-3,1,1,19,-2,4,2,3,10,-2,7,-3,7,-36,0,-4,-7]]
1045512	r	18563	[[724,-309,2,-8,6,-6,16,0,5,6,3,8,-3,7,-6,6,-7,-4,-6,0,-5,-6]]
1024552	r	2265	[[665,-501,2,-4,13,5,-2,4,-13,-3]]
1039536	r	4660	[[697,-477,3,-6,7,-3,3,4,1,5,-1,1,-3,-3,1,9,-1,2,-7,-3]]
1041190	r	6994	[[705,-278,12,-15,1,-5,8,13,-2,5,-4,3,-5,2]]
1028079	n	1064	[[639,-510,0,-3,4,0,2,3,-1,3,-4,3]]
1052944	r	6831	[[783,-329,4,-6,11,7,1,2,-3,0,5,2,1,5,6,5,-7,3,-4,-4,-1,1,-1,-3,-2,0,1,-1,-4,-4,-2,1,2,-1]]
1047660	r	16724	[[716,-303,6,-7,7,4,5,6,6,0,8,5,-1,5,-8,9,-10,2]]
1037125	r	14803	[[767,-263,4,-8,9,-4,9,4,4,8,-4,9,-9,4,-9,-4]]
1049861	r	14422	[[663,-500,29,8,-12,23,-7,2,-3,-11,-3,2,-2,-16,0,-2,5,-2,-4,0]]
1040989	r	5437	[[648,-498,0,-13,3,-2,4,-1,2,3,8,5,-3,6]]
1048364	r	13893	[[642,-491,0,-2,6,-4,14,-3,4,4,4,0,-5,2,0,2,2,16,-7,1,-9,-2,-6,-6]]
1037390	n	704	[[810,-301,0,-2,4,2,-1,1,2,0,-2,3,1,-1,2,2,-4,-1],[811,-304,3,-1,-1,1]]
1033827	n	1960	[[782,-314,2,-4,3,-1,3,1,1,4,-1,3,-3,1,-3,-1]]
1037180	r	9590	[[793,-288,4,-19,4,-4,5,-2,5,17,-4,4,0,4,-3,-1,-5,5]]
3352136	r	4930	[[334,-451,2,-5,6,-2,5,2,2,5,-2,5,-5,2,-6,-2]]
3353383	n	1289	[[391,-358,1,-4,3,-1,4,1,1,4,-7,1]]
3359638	n	1035	[[288,-459,1,-5,2,0,3,2,1,3,-1,2,-3,1,-2,-4,0,2]]
3352844	n	929	[[289,-449,2,-7,3,-1,1,6]]
3354021	n	1960	[[309,-356,2,-3,3,-1,3,1,2,3,-2,3,-3,2,-3,-2]]
877178	n	1043	[[481,-350,1,-3,4,-2,3,2,1,3]]
3353811	r	3037	[[327,-409,2,-4,4,-2,4,2,2,4,-2,4,-4,1,-4,-1]]
3356264	r	2575	[[357,-532,2,-3,4,-2,4,2,1,3,-1,4,-4,2,-4,-2]]
3357247	r	2785	[[374,-449,1,-4,4,-1,4,1,2,4,-2,4,-4,1,-4,-1]]
2139521	r	3595	[[3322,-442,5,-1,0,-2,2,2,0,-3,2,1,4,-3,2,0,0,2,2,-2,2,3,-2,3,-5,2,-4,4,-6,-2],[3348,-453,1,0,1,2,-1,0]]
2440485	r	6747	[[34,270,2,-6,6,-2,6,2,3,6,-3,6,-6,3,-6,-3]]
2441291	r	36060	[[124,273,5,-1,10,-12,2,0,3,2,5,0,7,5,7,-2,0,5,-6,1,-2,4,6,4,1,2,-3,0,2,8,-1,1,-3,-2,-3,1,0,4,-3,1,-3,12,-8,3,-5,0,-4,-9,-1,-8,-4,-5]]
2437798	r	146024	[[147,306,1,0,3,-12,3,-1,0,-4,3,-1,3,2,10,-7,0,-5,-6,-4,3,-2,-1,-8,8,-6,6,-1,13,-1,7,8,15,4,2,9,5,4,3,3,6,0,9,4,-2,3,2,1,0,58,-19,-8,-35,-23,-20,-8,-16,0]]
2439376	r	48921	[[78,300,13,-13,35,0,4,5,2,12,-4,9,-6,6,-9,5,-9,1,-11,-3,-7,-5,-6,-9]]
2448085	r	425199	[[85,383,0,-10,12,1,-2,-5,1,-6,-1,-4,3,-1,0,-2,4,-2,2,-5,10,-5,-2,0,20,-25,3,-10,5,0,7,-3,3,5,16,0,20,8,35,23,11,5,8,3,0,-7,10,12,10,5,51,0,4,39,5,8,-8,8,1,4,-9,11,0,10,-4,20,-15,-8,-14,11,-31,7,-21,-12,1,-98,-99,-2,1,18,-6,13]]
2447513	r	208700	[[85,360,0,-2,27,-14,2,0,-10,5,-2,5,-4,2,0,2,-3,1,1,4,-1,6,2,5,-12,-1],[115,389,3,-3,4,-10,-1,-18,99,2,-1,98,4,3,-73,-44]]
2437732	r	11678	[[89,282,3,-8,5,2,8,-1,6,3,12,-5,2,11,-1,3,-33,0,1,-5]]
2445488	r	18468	[[45,247,1,-2,14,3,0,-2,4,-4,2,1,2,5,0,5,2,0,0,4,5,9,-2,0,-12,16]]
2444489	r	4931	[[43,244,5,-6,1,2,-2,5,7,2],[58,247,2,-1,0,2],[62,244,4,-6,4,-1,2,-3,2,1,-2,3,2,2,-1,10,4,3,-5,6,-2,-2,0,-4,-2,0,0,-5,-2,-5]]
2438823	r	5107	[[155,275,2,-4,6,-1,-1,-4,3,-2,2,8,-3,2,6,4,0,5,-5,5,-4,1,-2,-8,3,0,-1,-2]]
2445704	r	30506	[[224,267,5,0,12,-5,8,-1,2,4,5,2,1,3,7,0,3,4,6,0,-4,14,-8,4,-7,1,-14,-2,-2,-1,2,-2,-5,-1,-6,-6,-3,-6]]
2445553	r	23583	[[60,288,1,-6,12,-16,2,0,-3,-7,5,-6,5,7,1,10,9,4,-3,8,3,0,-1,5,-11,11,-11,-3]]
2438678	r	36229	[[3,291,5,-6,-1,-4,5,-7,3,0,10,-6,29,26,-4,6,-6,6,-17,0,-8,-6,-12,-1],[19,267,0,-4,4,3]]
2161314	n	41	[[3358,-581,1,0,0,1,-1,0]]
2332459	r	3950	[[54,127,31,1,-5,2,-1,-1,-2,2,-5,-1,2,4,-7,-1,-2,2,-10,-3],[68,134,1,0,-1,2]]
2335204	r	25196	[[154,230,2,-3,7,3,-1,-2,10,-7,-2,-8,4,-2,2,1,0,10,8,4,3,5,-2,4,-2,-1,1,4,0,4,-2,-2,-2,1,3,12,-1,4,-10,3,-13,-12,-2,-2,0,-7,1,-6,-4,-1]]
2339354	n	2674	[[72,146,3,-3,6,1,2,4,-2,-5,5,0,-2,7,-3,2,-7,-1]]
2352778	n	9915	[[131,173,2,-3,14,-6,3,1,1,9,7,12,-2,0,-4,2,-4,-1,-2,-6,-14,-2]]
2324774	r	4520	[[131,94,2,-3,1,-1,1,2,-1,-2,2,0,-2,7,2,-1,1,-6,2,1,1,-4,-2,7,2,-2,-1,3,2,-2,0,-4,3,1,-1,3,4,-3,-2,2,4,-1,0,4,-9,7,-7,-4],[143,88,3,0,1,2,-2,1]]
2335727	r	42260	[[122,210,2,-2,5,4,9,-9,0,-1,8,-5,-2,-2,2,-2,-2,-3,1,-4,8,2,3,-2,5,-1,1,-4,2,0,1,3,3,0,2,-4,2,2,2,5,-2,3,-7,-3,-3,2,-1,3,2,3,4,2,3,-1,2,-2,2,10,2,4,-1,1,1,3,-2,-1,-4,2,2,8,-10,7,1,2,-9,-3,4,-2,1,-2,-1,-4,-3,-1,-5,2,0,4,2,2,-2,1,-5,-1,-2,-3,-4,2,1,2,-2,1,-4,-7,-8,0,-4,-4]]
2347283	n	5039	[[104,127,1,-6,13,2,1,6,-5,6,-2,-1,-3,1,-4,-3]]
2326016	n	5290	[[130,124,1,-2,3,0,-3,-1,2,-5,-3,-1,3,-4,5,2,1,5,7,3,-5,8,-3,-2,-5,1]]
2353151	n	2752	[[140,103,10,-9,2,1,-2,11,-4,1]]
2331447	r	4317	[[256,237,2,-5,5,-2,4,1,3,6,-2,5,-5,2,-5,-2]]
2337639	n	4624	[[84,175,6,-10,10,5,-2,6,-5,3,-6,-1]]
2322911	r	33640	[[83,267,0,-2,6,-1,7,-14,-1,-3,-3,1,-2,-3,2,-4,-1,-5,-4,-1,3,-4,1,2,5,2,3,0,0,3,-2,1,0,4,2,3,4,0,7,-7,5,8,3,9,2,-1,1,6,5,3,3,-1,3,-3,2,3,2,0,-7,9,-18,6,-6,-3,-8,1,-8,-2,-6,-4]]
2335953	n	5281	[[173,197,4,-7,3,0,5,4,2,6,-4,6,-10,-4]]
2317765	n	1960	[[150,222,1,-3,3,-1,4,1,1,3,-1,3,-4,2,-3,-2]]
2343279	r	4960	[[139,134,3,0,1,4,3,-1,-2,1,-3,-2,-2,1],[141,129,2,-1,2,-7,9,-2,-1,2,2,7,-4,5,-5,-3,-4,2],[146,139,6,-3,-4,-1,3,-1,2,3,-4,5]]
2319133	n	3175	[[110,110,3,1,-2,-2,2,-3,7,-1,3,1,1,3,-1,4,-3,1,-8,0]]
2325200	r	16997	[[54,158,4,1,0,-4,2,2,-1,-5,2,-2,5,4,-1,2,2,0,2,2,0,3,6,0,0,-6,-4,1,2,-4,0,-3,1,2,7,1,2,-2,-2,4,1,3,2,0,2,2,1,-2,4,4,-7,14,3,5,-6,0,-3,-7,-3,-1,-3,1,-1,-2,-2,-2,-5,2,0,5,-6,-4,-2,0,-2,-5,1,-3],[69,178,2,-1,0,2],[74,142,8,1,1,5,-2,-1,0,-3]]
2352947	n	1602	[[62,143,1,-2,5,-2,4,4,-2,4,-7,-2]]
2350841	n	3442	[[99,145,2,0,-1,-9,2,-2,1,-3,6,4,-1,3,-3,0,6,0,-1,3,-3,1,1,3,-2,2,-3,1]]
2347470	r	14935	[[185,207,5,-12,8,-2,8,4,4,12,-4,7,-7,3,-8,-1,-3,-2,-2,-2]]
2334802	r	3797	[[145,260,2,-5,5,-2,5,2,2,5,-1,4,-3,2,-6,-4,-3,0]]
2325590	r	2463	[[83,156,4,-3,5,0,4,-5,1,1,-3,6,2,3,-3,3,-2,0,-2,-3]]
2338900	n	1583	[[85,150,5,-5,3,1,2,2,-3,5,-5,0]]
2340451	r	2709	[[218,206,7,-6,3,2,1,4,-2,4,-4,1,-4,-1]]
2325330	r	2320	[[135,110,1,-4,3,-2,3,0,4,3,-1,4,-7,2,-3,-1]]
2346229	r	3874	[[160,96,2,-3,4,-1,1,2,-3,6,3,-4,1,1,0,-2,3,0,3,5,-1,3,-4,3,-5,0]]
2324623	r	1089	[[170,208,1,-2,2,1,-1,2],[173,203,5,1,1,2,0,4,-2,3,-2,-4,1,-3]]
2327220	r	2933	[[120,152,0,-6,10,0,2,3,-2,5,-5,2,-3,-1]]
2338325	n	1390	[[111,153,2,-5,3,-2,3,2,-1,6]]
2318044	n	2360	[[245,186,1,-4,2,-2,4,0,2,3,-1,5,-2,2,-5,-1]]
2319480	r	2902	[[152,95,5,-3,5,7,2,9,-5,-1]]
2352379	r	1840	[[97,149,2,-2,2,2,5,0,3,5,-1,4,-5,-3]]
2327735	n	1847	[[80,163,2,-4,7,2,0,2,-1,3,-3,1,-3,-1],[81,156,6,2,-2,1]]
2330100	n	1960	[[126,192,2,-3,3,-1,3,1,2,3,-2,4,-3,1,-3,-1]]
2347209	r	3147	[[114,182,2,-4,4,-2,4,2,2,4,-2,4,-4,1,-4,-1]]
2331140	r	5245	[[163,155,2,-6,5,-2,2,0,1,4,2,1,0,-1,3,4,-2,5,-4,2,-7,-2]]
2326171	r	10814	[[88,133,2,-3,1,2,1,-2,-3,-2,3,-1,-1,-1,9,-8,3,5,-2,4,2,4,-3,5,1,9,-2,1,4,2,4,-2,-1,3,-5,0,-11,-6],[107,142,3,0,-3,4],[110,146,3,0,2,-2,-3,-4,0,-6,3,2,5,13,-4,-3,-3,2,-1,2],[114,153,5,0,0,2,-4,0]]
2320576	n	2113	[[145,111,2,-4,3,-1,6,2,-2,6,0,2,-3,1,0,-2,-5,-3]]
2337181	r	1340	[[75,161,-6,0,-2,-5,-2,0,1,-2,5,2,4,-1]]
2318123	r	8546	[[112,98,2,-6,3,-4,2,-1,1,1,1,-2,1,2,0,-2,2,0,1,4,0,-2,2,1,-2,-3,1,0,8,17,-4,5,-14,-7]]
2341374	r	11163	[[168,143,6,-7,8,-2,7,3,4,8,-8,11,-3,0,2,2,-2,1,-7,-8,0,1,-2,-1]]
2338400	r	2080	[[75,134,7,0,-1,1,3,0,-1,1,2,3,-2,4,-2,0,-5,-1]]
2323675	r	3584	[[105,118,2,-5,11,2,4,2,-4,6,-12,-1]]
2343983	n	952	[[94,155,3,-6,3,3,-1,6,-3,0]]
2325314	r	1488	[[108,146,3,-8,-3,0,1,-3,2,0,1,5,3,4,-2,2],[116,139,0,-1,2,2,1,5,-1,0]]
2338106	r	1661	[[150,106,2,-8,1,-1,6,10,-3,1]]
2336905	r	649	[[81,154,3,-4,3,3,-4,3]]
2339937	r	12270	[[116,243,4,-10,4,-4,6,-2,13,13,3,8,-2,2,-10,-2,3,-2,-4,2,-17,-3]]
2329821	n	1771	[[261,205,1,-2,3,-2,4,2,1,4,-5,3,-3,-2]]
2323411	r	1703	[[68,138,1,-5,6,1,0,9,-2,0]]
2320831	n	2264	[[154,120,5,-5,2,-3,5,2,-1,5,-4,3,-4,0]]
12129605	n	1876	[[189,231,1,-3,3,-1,3,1,2,3,-2,3,-3,2,-2,-1]]
2337207	n	966	[[106,147,2,-1,2,1,2,3,-1,3,-2,1,-3,-5,1,-3]]
2337765	n	1152	[[93,161,3,-3,7,3,-2,3,-2,1]]
2323390	n	1922	[[63,173,2,-3,3,-1,3,1,1,3,-1,4,-3,1,-3,-1]]
2338385	r	1548	[[99,158,2,-6,2,3,5,3,0,3,-3,2]]
2322794	r	2657	[[137,184,1,-4,8,1,2,6,-3,-1,-1,5,-2,-1,-4,-2]]
2334327	n	1648	[[72,182,8,-4,2,4,-2,3,-3,1,-3,-1]]
2342490	r	4698	[[136,230,1,-3,3,0,-1,-2,4,-2,2,3,2,-1,1,2,3,0,2,2,-10,11,-6,-6]]
2338711	n	1609	[[71,177,1,-4,3,-1,3,2,2,3,-7,3]]
2353099	n	1051	[[159,124,3,-2,3,1,2,3,-1,3,-4,-1]]
2350249	n	657	[[152,117,2,-1,0,-1,5,-1,0,1,-5,5]]
2332515	r	13772	[[158,162,24,0,7,14,-1,4,-7,2,-13,-1]]
2341656	n	1960	[[216,257,2,-3,3,-1,3,1,1,3,-1,4,-3,1,-3,-1]]
2330028	n	531	[[84,150,2,-7,1,1,2,2]]
2347954	r	11386	[[260,221,13,-4,7,9,4,-1,8,6,-18,11]]
2336589	r	6618	[[219,178,2,-6,6,-3,6,3,3,6,-3,6,-6,2,-6,-2]]
2327143	r	1442	[[144,117,2,-5,5,3,1,4,-6,2]]
2327879	r	1427	[[90,165,0,-3,3,-1,4,2,3,4,-3,2]]
2328684	r	2465	[[141,139,5,-2,1,-3,5,2,-6,2,2,4,1,0,4,-4,2,4,-4,3,-5,0,-3,-1]]
2328952	r	6336	[[199,259,12,-11,4,1,0,17,-2,1,-9,-2,-3,-1]]
2339631	r	2783	[[195,249,2,-4,4,-1,4,1,1,4,-1,4,-4,1,-4,-1]]
2319668	n	1452	[[124,130,3,0,3,1,1,3,-2,3,-4,1]]
2347059	r	6146	[[74,249,1,-4,3,-4,7,6,3,0,5,6,-4,5,-7,1,-8,-8]]
2324857	n	1886	[[214,200,2,-4,3,-1,3,1,2,4,-5,4,-3,-1]]
2348595	n	1960	[[199,234,2,-4,3,-1,3,1,1,4,-1,3,-3,1,-3,-1]]
2332504	n	1960	[[104,177,1,-3,3,-2,4,2,1,3,-1,3,-4,2,-3,-2]]
2334008	r	11491	[[98,208,4,-8,7,-3,8,3,3,8,-3,8,-8,3,-7,-3]]
2346995	r	15399	[[231,217,5,-15,14,-2,2,0,7,21,-7,5,-14,-3]]
2318921	r	23942	[[182,162,2,-4,-2,-2,3,0,12,-16,9,3,7,9,0,7,-1,6,-5,6,-6,3,-7,1,-6,-1]]
2338669	n	1242	[[61,149,2,-4,7,2,-5,6]]
2337148	n	690	[[156,128,3,-4,3,4,-4,2]]
2338876	r	3133	[[54,140,1,-8,6,3,4,0,4,-2,-1,1,0,4,-11,6,-2,-1]]
2343985	n	1286	[[158,130,7,1,0,4,-3,2,-3,-1]]
2324767	r	4859	[[213,234,3,-6,6,-2,6,13,-4,3,-5,0,-4,-3]]
2334652	r	3741	[[151,175,3,-4,6,0,3,3,1,5,-3,4,-5,1]]
2343252	r	2776	[[72,130,5,1,2,-2,1,1,10,-3,1,-1,1,1,-3,1,3,2,-1,2,-1,-2,-2,3,0,2,-14,-1]]
2342192	n	1346	[[280,247,1,-3,3,-1,3,1,2,3,-5,0,-1,5,-2,-2]]
2335713	n	1264	[[161,192,3,-4,4,0,-2,8,-3,-1]]
2338242	r	8295	[[167,121,3,-12,6,-2,2,5,-2,2,1,3,9,8,-4,6,-7,2]]
2345096	n	1861	[[224,230,2,-3,3,0,3,1,1,4,-2,3,-4,0]]
2328617	r	9253	[[228,190,12,-13,10,23,-14,2,-5,-6]]
2335614	n	1263	[[166,196,2,-8,2,0,2,3,0,3,-3,3]]
2328090	n	1502	[[110,156,1,-3,4,2,3,-1,1,2,-2,3,-3,1,-3,-1]]
2350886	n	1199	[[142,134,1,-3,3,-1,5,4,-4,0,-4,4]]
2336237	r	5628	[[77,240,5,-6,6,-1,-1,2,4,1,1,5,-2,4,3,4,2,-2,1,3,-1,3,-7,-6,-3,0],[97,241,0,-2,1,0,2,7,-2,-1]]
2327494	n	958	[[154,114,2,-6,4,2,-1,4]]
2325733	n	1279	[[65,153,5,-6,3,2,0,4,-2,2,-4,-2,-1,1]]
2343822	n	1557	[[151,133,4,-4,1,0,2,1,1,6,-6,1]]
2331005	r	5193	[[143,240,10,-11,1,3,4,1,-1,6,0,7,-9,0,-3,-2]]
2334756	r	9515	[[119,252,2,-6,12,2,4,-2,-3,2,10,2,-4,10,-4,3,-5,-2,-2,2,-3,0,-4,-3]]
2339156	r	3391	[[130,146,0,-7,2,-2,4,-1,4,3,1,4,-3,4,-4,1]]
2351979	n	1960	[[119,125,2,-3,3,-2,3,2,1,3,-1,3,-3,2,-3,-2]]
2342883	n	516	[[158,130,4,-2,4,1,-1,2]]
2320920	n	490	[[139,118,1,-1,4,0,2,4]]
2328790	r	857	[[138,113,8,-1,-2,5,-4,0]]
2348892	n	1804	[[121,141,0,-2,4,-1,3,0,2,3,-2,4,-3,1,-3,-1]]
2331939	r	13610	[[122,169,4,-1,-2,-1,3,-6,-3,0,8,-12,13,0,8,5,0,5,-3,3,-19,9,-2,-1,-3,5,-2,0]]
2343641	n	1399	[[118,135,2,-4,4,-1,1,8,-4,1]]
2345521	n	1960	[[235,235,1,-3,3,-2,3,2,2,3,-2,3,-3,2,-3,-2]]
2344245	r	4191	[[180,241,2,-1,2,2,1,-2,-2,-6,2,1,2,-4,-5,-5,3,-1,10,16,-4,4,-4,1,-6,-2]]
3617763	r	5416	[[-1735,243,3,-6,7,3,4,-3,2,5,-1,1,3,1,-3,5,-5,-1,-1,5,-4,0]]
3618030	r	1884	[[-1742,248,7,-4,3,5,-2,4,-3,1]]
3620381	r	1932	[[-1748,254,6,-6,4,6,-1,3,-4,1,-4,-1]]
3617708	r	3529	[[-1726,253,5,-2,12,7,-1,6,-14,-6]]
3619194	r	3978	[[-1737,262,2,-5,5,-4,4,0,2,5,0,10]]
3619136	r	2178	[[-1721,237,1,-4,7,1,1,3,-2,6,-4,1,-2,-1,1,-1]]
3618929	r	3706	[[-1724,258,15,7,-3,4,-6,4,-6,-5]]
3617459	r	2287	[[-1694,234,1,-4,4,-1,3,1,2,4,-2,3,-3,2,-4,-2]]
3618908	r	8549	[[-1714,243,2,-6,-1,-3,1,1,10,-6,9,19,-6,7]]
3620680	r	1416	[[-1680,240,2,-4,4,-1,0,2,-1,-1,-2,1,2,2,-1,2,2,2,-2,1,3,-4,0,5,-5,-1]]
3617448	r	1830	[[-1735,275,9,-7,3,3,0,4,-2,2,-2,-2]]
3617154	r	17671	[[-1688,281,2,-8,3,-5,5,-4,7,-2,1,13,6,12,-2,8,-2,1,2,2,0,-2,3,4,-7,0,-2,-3,-9,-2,-5,-7]]
3617052	r	4400	[[-1723,230,9,-8,2,2,3,-2,2,5,0,5,-4,3,-9,-2],[-1714,235,1,-1,0,1]]
3618926	r	1468	[[-1729,237,3,-5,6,2,-1,3,-4,3,-4,-1]]
3620674	r	2236	[[-1718,249,1,-3,4,-1,4,2,1,2,-2,4,-3,1,-4,-1]]
3616232	r	1341	[[-1735,273,1,-7,3,-1,3,2,1,2,-7,5]]
2747891	r	3144	[[79,1038,2,1,1,-2,-3,-1,3,-3,9,0,9,4,-2,1,0,5,-9,3]]
2759794	r	1859	[[89,1046,9,-3,4,3,8,1,-11,5,-3,-2,-4,1]]
2745912	r	1848	[[98,1042,0,-4,3,-1,5,1,2,3,5,3,0,2,-11,0]]
2755251	r	2108	[[124,1068,0,-6,18,0,1,1,1,2,-7,4]]
2756253	r	1983	[[103,1026,7,0,5,-2,5,8,-5,1,-8,-2]]
2746301	r	655	[[98,1028,3,2,2,-4,4,5,-6,3,-2,-2]]
2758401	r	857	[[91,1033,3,-4,2,1,0,-2,-1,0,3,0,1,4,2,2,-1,3]]
2750053	r	658	[[113,1038,2,-5,7,0,-3,3,3,1]]
2759661	r	1321	[[111,1042,2,-4,2,1,13,-2,1,2,-16,5]]
2747351	r	1340	[[101,1037,0,-3,6,-3,8,2,-2,5,-7,0]]
2756071	r	483	[[131,1040,5,-1,-3,2,8,4,0,3]]
2759706	r	757	[[113,1046,2,-3,9,-2,-5,6,-3,1]]
2743477	r	1761	[[116,1048,11,0,-1,7,-4,2,-6,-1]]
2751792	r	2838	[[106,1061,4,-3,10,-1,4,5,0,6,-12,-2]]
2751283	r	271	[[112,1017,2,-2,3,0,-1,6]]
2745641	r	949	[[115,1023,8,0,-2,1,4,3,-1,3,-4,2]]
2756987	r	1013	[[119,1047,5,-6,6,-2,0,5,-3,4]]
2759899	r	487	[[92,1051,4,-1,3,2,-1,4,-5,0]]
2754652	r	506	[[116,1021,1,-6,3,0,1,3,-4,1,0,2,5,1,-5,1]]
2754394	r	603	[[130,1044,0,-3,1,-1,10,8,-2,1]]
2751738	r	1845	[[101,1052,5,-4,7,-2,3,2,0,9,-6,1,-3,-4]]
2747930	r	526	[[86,1033,1,-4,7,0,-3,4]]
2759887	r	657	[[127,1048,3,-4,9,5]]
2753638	r	908	[[98,1056,0,-4,5,-1,-2,1,6,2,2,2,-5,2]]
2759633	r	1671	[[122,1059,4,-4,5,1,10,5,-17,1]]
2759145	r	833	[[79,1025,3,0,2,2,-4,1],[79,1029,9,-2,-2,6,-4,0,2,-1,-4,0,5,-3,-6,2],[79,1033,3,0,-3,1]]
2745774	r	338	[[106,1038,6,0,-1,4,1,1,-4,-2]]
2757220	r	698	[[93,1056,5,0,8,3,0,2,-8,-3,-3,1],[94,1061,3,0,1,3]]
2754861	r	916	[[126,1055,2,-6,6,0,1,2,-1,2,3,0,-6,3]]
2756136	r	1162	[[131,1056,6,-3,4,0,3,9]]
2750896	r	1241	[[67,1028,1,-3,11,0,0,2],[69,1031,8,-3,2,1,0,2,-2,1],[74,1034,5,-1,-1,2]]
3143244	r	8598	[[192,1205,15,-9,-1,-2,2,-1,0,-3,3,-1,2,3,-2,6,4,0,-1,-3,-1,2,-2,-2,4,-4,20,2,3,2,-1,2,3,2,-2,4,-7,4,-19,1,-9,-3,-3,3]]
3161732	r	3627	[[96,1212,1,0,-1,1],[99,1206,3,-2,-2,5,-1,-2,2,-1],[99,1216,6,-5,9,4,-1,-1,2,0,-1,-5,-4,0,4,1,0,4,-2,0,-6,-3,3,-2,-3,2,0,-3,-3,-1,1,-3,3,0,-1,0,2,-1,7,5,-4,-3,3,0,-3,-2,5,1,-2,0,0,-2,2,0,-2,-1,1,-1,2,1,0,2,3,2,3,0,1,2,-2,0,2,1,-2,4,-6,3,-9,2,-2,-2,2,0,2,-2],[99,1211,4,-3,1,1],[103,1201,2,-1,1,1,-2,1,1,-1],[107,1200,5,-1,1,2]]
3133880	r	9267	[[184,1269,0,-2,6,1,-5,-1,6,-6,17,-3,16,3,6,4,1,4,-1,3,-4,4,-12,-4,-1,-1,5,1,-3,-2,3,-1,-2,-1,-6,2,-9,-1,-1,-2,5,0,0,-2,-5,2,-3,0,2,2,-5,4,-4,-1,1,-1,-6,0,-1,-2,6,1],[191,1273,11,2,-6,-1,4,-4,18,5,3,2,-2,1,-8,-2,7,2,-14,1,-13,-4,5,0,-5,0]]
3137115	r	4014	[[103,1184,2,-1,1,2,-2,3],[104,1190,2,-3,1,1,1,-2,1,2,1,-2,2,2,0,-2,5,1,-1,2,-3,-1,3,1,0,2,7,-1,-5,-1,0,-2,6,4,-11,1],[110,1183,4,-3,-4,0,5,-2,2,2,-1,1,1,1,4,-2,-1,-1,1,-1,5,4,11,2,-5,4,-7,2,-5,-3,5,-1,-10,0],[130,1179,8,0,0,3]]
3149318	r	3940	[[140,1163,0,-2,3,1,-2,-2,4,1,7,-1,7,2,1,2,2,-2,7,3,-14,8,-11,-3]]
3159016	r	3022	[[186,1195,0,-2,13,-4,7,1,-1,1,3,0,0,1,-3,3,2,1,-12,7,-7,-4]]
3140321	r	5951	[[110,1175,4,-5,17,-5,17,14,-18,0,8,3,1,2,-6,0,-8,-3,-4,-3,-4,2,-2,-2,-4,0]]
3156529	r	425	[[214,1186,2,0,-1,-2,1,-1,6,0,0,2,-7,4]]
3140390	r	1040	[[196,1179,9,2,1,-6,1,0,1,10,-7,3]]
3140084	r	2932	[[215,1191,0,-2,8,-4,-2,-1,2,-2,4,0,3,-4,4,2,2,5,-3,7,-2,1]]
3134331	r	710	[[199,1189,1,-3,1,2,2,0,4,-3,5,0,0,2,-3,0,1,2,-4,1],[212,1189,2,-3,1,5,-2,0,1,-2,-1,1]]
3163392	r	9044	[[97,1237,3,-1,4,1],[100,1240,2,-1,1,1],[101,1243,7,-3,-5,-1,-1,-1,1,0,16,0,-4,0,1,-1,14,0,6,1,-7,-2,-8,1,3,-2,-4,2,-2,-2,1,2,-7,-1,3,1,-1,1,-7,0,-5,-2,12,-3,19,0,17,5,-9,7,-1,-3,4,0,-5,0,1,3,-3,3,-3,1,-3,-1,0,-1,-3,1,4,-5,-1,-1,0,1,-5,4,-6,-1,1,-2,-2,1,3,-3,5,-1,-6,0,-2,2,-2,-3,1,4,-5,-1,2,-1,-6,2,-1,-2,4,-1,-3,-1,-5,4],[110,1245,4,-1,2,1,-4,1,-2,-1,2,0],[116,1247,0,-2,6,2,-3,2],[118,1259,12,-5,4,3,-7,5],[121,1249,6,-1,15,1,-9,3,-1,-1,-6,1,-1,-1,6,0]]
3139075	r	5130	[[172,1184,3,-5,13,-3,1,1,-4,0,1,1,8,2,-3,2,6,-2,3,6,-1,3,-15,4,-8,-3]]
3133895	r	18024	[[338,1384,5,0,-5,-1,6,-3,5,4,11,0,-2,1,1,0,-1,1,4,2,-3,1,2,1,-2,0,-2,-1,0,3,-2,-1,-2,1,0,-2,-4,2,4,-3,-9,1,6,-1,-4,-1,2,-1,-9,1,-1,-1,5,-1,-5,0,5,-1],[343,1396,10,-2,10,-4,7,1,-1,-2,11,-3,-5,0,-1,-1,-3,2,-1,-2,0,2,-5,3,-5,-4,3,-3,-10,-1,-3,-2,1,-1,-2,0,7,-2,16,-1,17,0,18,2,-5,2,17,2,8,5,2,6,-4,7,-1,-1,3,-1,-3,0,0,-2,-1,0,0,2,-3,-2,-2,1,4,2,-6,-1,0,-2,-6,-1,1,-1,-1,-1,7,-3,-7,2,-4,-4,-7,-3,9,7,-2,2,3,4,-3,1,-2,-2,-1,2,-3,-4,0,2,-4,-3,1,-1,4,-1,-7,2,3,3,-10,-1,7,4,-3,1,-3,-1,-4,2,-9,-2,5,1,-2,1,-12,-1,-10,2],[380,1403,3,-1,2,2,-2,1],[389,1397,5,0,3,2,-2,1],[391,1405,5,-4,7,1,-5,2,-2,-1,-2,3],[408,1402,7,-1,1,3,-5,1],[410,1397,4,-1,0,2],[415,1400,3,-1,4,1]]
3160881	r	16028	[[255,1346,11,-3,6,2,14,0,1,-2,-2,-1,7,-1,-7,0,-2,-2,-2,2,-2,-2,-1,0,1,1,-8,-1,3,-2,6,-1,-9,0,4,-1,-3,-1,6,1,-4,-1,-9,0,6,-1,-7,0,4,0,-4,-2,10,1,-5,-1,4,-1,-7,0,5,0,25,-1,15,2,10,7,7,3,1,3,-6,4,1,2,6,1,-5,4,-9,4,-5,-2,0,1,-7,-1,0,1,-4,0,-3,-1,5,0,-7,-1,7,-1,-6,0,2,-1,-3,-1,9,1,4,2,-1,1,2,0,-1,-1,6,0,-1,-1,4,-1,-9,1,5,-1,-7,0,-2,-2,5,0,0,-1,-4,1,0,-2,13,1,-7,-2,2,-3,-4,4,-6,-2,1,2,-3,2,-18,0,-11,2],[256,1356,5,2,-3,0],[280,1342,4,-2,1,3],[299,1359,7,0,-4,1],[303,1360,3,0,-1,1]]
3162955	r	2669	[[161,1170,9,-5,9,6,-1,1,6,1,-3,1,3,0,-3,1,5,0,-7,2,-8,0,-7,-3]]
3154084	r	9829	[[196,1211,2,-2,14,-1,31,-1,6,7,-4,6,2,1,-1,1,-11,6,-12,-6,-3,3,1,-3]]
3147474	r	5885	[[191,1222,4,-5,9,-3,17,8,-1,3,3,-3,4,2,-8,6,-12,1,-11,-3]]
3145580	r	13981	[[129,1253,11,1,7,-1,5,1,-2,-1,0,-1,-2,0,8,-1,-5,-1,-8,3,0,-2,-2,1,1,1,-4,0,0,-2,-3,2,-2,-1,9,-3,-4,0,2,-3,8,-1,-7,0,12,-10,22,5,7,4,5,5,-13,15,-3,-1,2,-1,-10,0,2,-1,4,-1,-2,-1,6,1,-5,-1,6,-3,-7,2,0,1,-5,3,-4,-2,5,-1,1,-2,7,-3,0,-1,-8,4,-1,2,-8,-1,2,1,-2,1,-4,-2,-5,2,-7,-2,6,-2,-10,-1],[135,1256,3,0,1,1],[147,1260,3,-1,4,1,-2,2,-1,-2,-3,1],[156,1268,4,-2,4,2,-3,1],[159,1264,5,-1,-2,2],[165,1265,2,-2,4,1,-2,2],[166,1269,3,0,-2,2],[170,1266,3,-2,-2,2]]
1283240	r	3316	[[1700,556,2,0,-1,-3,7,-6,5,0,3,3,-7,9,-5,0]]
1282898	r	6801	[[1670,565,0,-2,9,-6,10,5,0,3,-3,7,-7,2,-7,-2]]
1283613	r	5935	[[1679,552,1,-3,2,1,4,-2,6,-2,6,10,-1,4,-6,4,-12,-8]]
1283581	n	1306	[[1693,541,4,-1,4,-3,2,3,-2,4,-3,1,-4,-1]]
1283582	r	1917	[[1738,534,1,-3,2,1,1,-4,10,0,-1,4,-3,1,-8,4]]
1283467	r	2988	[[1606,574,4,-3,1,3,8,-5,2,5,0,3,-9,4]]
1283339	r	3085	[[1692,547,14,-4,2,2,-10,11]]
1283318	r	1991	[[1713,537,4,-6,3,2,4,-1,0,5,-3,3,-4,0]]
1283562	r	3749	[[1662,554,1,-5,2,-2,3,2,7,-1,1,7,-4,4,-7,0]]
1283460	r	3836	[[1740,539,0,-2,8,-4,4,-1,0,2,1,7,-3,4,-7,0]]
6941099	n	1099	[[1629,562,7,-4,1,2,0,4,-4,1,-1,0]]
6254843	r	4414	[[1624,572,8,-5,6,0,3,5,-3,5,-6,2,-5,-2]]
1283161	r	1860	[[1724,532,6,-2,3,3,-4,9,-5,-2]]
1283095	r	2115	[[1601,578,5,-4,6,7,-2,4,-5,2,0,-4,-2,-1]]
8410807	r	2321	[[1729,542,4,-9,5,1,2,3,-1,5,-6,2]]
1282884	r	883	[[1730,530,4,-2,2,1,3,2,-1,3,-5,-1]]
1283368	r	1287	[[1621,568,2,-1,3,-4,1,0,2,-1,3,5,-6,3]]
1283539	n	1559	[[1710,558,5,-7,4,3,0,4,-3,2,-3,0]]
6254845	n	1960	[[1614,585,1,-3,4,-1,3,1,2,3,-2,3,-3,2,-4,-2]]
7626461	n	29	[[3338,-11,1,0,0,1,-1,0]]
4036284	n	220	[[-3399,-382,1,-1,2,2,-1,2,-1,0]]
2193733	r	6832	[[3484,-729,6,-12,5,2,4,-2,-5,-2,2,0,-1,-2,-2,4,-2,0,3,-6,3,1,-3,-2,13,4,-2,5,-3,0,-1,2,-2,-2,0,2,-1,-2,0,2,-4,-1,0,2,-2,0,4,0,-2,3,3,1,-3,0,0,4,2,-2,-1,3,3,0,-5,5,-3,-3,-5,-2,4,0,0,-6,-4,4],[3497,-729,1,0,0,1],[3500,-736,4,0,0,1],[3507,-724,3,-3,1,1,-3,5],[3507,-730,3,-3,1,-3,-2,-1,3,-5,5,4,0,1,-2,-1,-1,1,3,3,-4,-1,-2,5]]
2192362	r	3679	[[3442,-871,2,-3,4,-3,0,2,2,1,3,-2,-5,-1,7,1,1,-2,6,4,-8,1,3,1,-2,0,0,4,1,4,-1,1,-9,-2]]
2179537	r	3543	[[3485,-824,3,0,0,2],[3492,-825,2,-2,4,2,-1,-3,7,0,0,-4,5,4,1,4,-2,5,-2,-1,-5,4,-4,-6]]
2190324	r	3984	[[3497,-756,2,1,1,-1,-3,0,3,-4,6,-2,5,2,3,4,-3,5,-5,2,-6,-2]]
2208032	r	2821	[[3514,-750,1,-9,16,1,1,2,-8,4,1,-1,-5,0,0,3,3,-2,-3,3,-1,3]]
2191562	r	14210	[[3385,-914,6,-16,3,-1,1,1,-2,0,4,1,1,2,6,4,3,3,9,2,0,2,-3,2,4,4,2,5,3,3,-12,3,-11,-2,-9,-5]]
2185018	r	5678	[[3504,-812,6,-3,7,1,5,4,0,5,-6,5,-8,0,-4,-3,1,-3]]
2186239	n	1115	[[3476,-783,3,-3,4,0,4,2,0,3,-3,2]]
2190224	n	1257	[[3531,-793,2,-3,3,-1,4,0,2,4,-10,3]]
2186313	r	1444	[[3530,-789,9,-3,-1,4,4,4,-8,0]]
6241325	n	1960	[[3519,-763,2,-3,4,-1,4,1,2,3,-2,3,-4,2,-4,-2]]
2189529	r	5208	[[3354,-925,3,-3,6,1,3,-3,1,2,1,-2,-3,-1,3,-1,-1,1,5,-1,0,1,5,0,1,-2,2,4,-2,6,-8,4,-9,-1],[3356,-934,7,-3,-4,3]]
2186280	r	2962	[[3456,-817,5,-6,-1,7],[3458,-827,3,-4,6,1,1,1,-2,1,4,-3,7,10,-2,-1,1,2,2,1,-4,-1,1,-1,-2,-1,-1,1,-4,-2,-4,-3,-2,0,-1,3]]
6230919	n	1771	[[3481,-715,1,-2,4,-2,4,2,-3,0,0,3,1,-2,2,1,1,-2,1,2,-2,2,1,1,-4,2,-4,-1]]
2206854	r	10793	[[3540,-775,9,-6,8,-1,0,-4,3,3,-2,1,1,8,3,0,4,3,1,11,4,6,-5,3,-6,-1,0,-3,1,0,-2,-4,-3,-2,-2,1,-1,-3,-8,-6,0,-1]]
6243926	n	1641	[[3473,-830,1,-3,3,-2,7,2,-3,3,1,3,-1,1,-6,-1]]
2208330	n	1044	[[3534,-759,2,-3,3,-2,4,1,2,3,-11,2]]
287286	n	1994	[[1160,471,8,-8,0,4,4,1,1,3,-1,2,-6,-1,-5,2]]
287830	r	39160	[[1104,454,9,-14,-6,-18,14,-4,5,11,6,1,2,15,1,1,0,6,5,3,-2,2,1,6,4,3,-3,3,2,1,-3,1,-3,3,-1,-1,-9,4,-16,-10,-2,1,-3,-6]]
286621	r	34919	[[1055,346,7,-13,10,2,9,5,11,1,4,-2,5,1,4,5,1,3,-1,2,1,3,-5,6,-7,5,-7,2,-9,1,-8,-3,-6,-4,-6,-6]]
286647	r	1742	[[1126,477,12,-5,1,5,-2,1,1,1,3,1,-4,5,-4,-1,-2,-4,2,-1,3,0,0,-3,-2,-1,-3,1,-3,2]]
289011	r	2937	[[1140,469,3,-3,-1,-1,7,-2,4,1,1,5,-2,3,-3,0,0,2,-8,-3,1,-1]]
286282	r	4062	[[1124,497,1,-12,3,-5,-2,-1,0,-2,2,1,2,-1,3,2,-2,1,2,4,4,1,-5,5,-4,10]]
288955	r	1403	[[1141,473,1,-2,7,3,0,-2,3,0,1,4,-10,3,0,-3]]
288789	r	1177	[[1152,472,2,-3,7,1,0,4,-8,2]]
286590	r	3487	[[1153,464,8,-7,7,6,-4,5,-3,2,-7,-1]]
289317	r	7558	[[1109,469,3,-1,14,9,0,2,2,1,-3,5,-1,12,-3,-2,-2,2,2,0,-1,2,-4,-2,1,-4,-2,-2,2,-4,-2,-2,4,-1,1,-3,-5,0,-5,-2,1,-6]]
286987	r	4167	[[1146,450,9,0,4,3,2,4,-8,7,-4,-1,0,-2,-2,0,1,-2]]
286245	n	1178	[[1186,451,1,-2,3,-2,3,0,2,3,-2,2,-3,-1,-3,4]]
286839	r	2990	[[1169,463,11,-7,5,1,-10,14]]
288899	n	1458	[[1141,460,2,-4,4,-1,1,4,-1,2,2,2,-5,1]]
289199	r	1565	[[1130,477,4,-2,2,3,-2,2],[1137,478,2,-1,-1,-5,1,-1,3,0,-1,2,2,3,0,3,2,-1,-5,3]]
287832	n	1960	[[1166,454,1,-3,4,-2,3,2,1,3,-1,3,-3,1,-4,-1]]
287614	r	1671	[[1122,521,2,-1,-1,-7,3,0,2,6,1,0,-1,2,2,1,-3,1,3,0,-1,1,1,1,-2,0,2,2,-3,1,0,-3,-1,-1,-2,1]]
3703443	r	3613	[[-1596,183,3,-6,4,3,7,0,0,2,2,1,-2,5,-6,2,-3,0,-1,-6,-2,-2],[-1582,182,2,-3,0,4]]
3711668	r	2407	[[-1654,169,0,-3,4,0,1,1,1,-1,4,1,0,-2,1,4,-2,4,-4,1,-4,-1]]
3712076	r	2625	[[-1609,182,9,-3,1,5,5,-2,2,2,3,8,-4,0,-5,-6,-1,1,-4,-3]]
3707961	r	2479	[[-1605,180,6,-10,5,3,-3,0,3,4,-3,7,-2,-1,-1,-4,-2,2]]
3701117	r	3194	[[-1625,162,1,-4,2,-1,1,1,1,-2,5,2,1,4,-1,4,-5,2,-4,-2]]
3703068	r	3264	[[-1613,170,1,-3,3,-2,7,2,1,3,-2,5,-4,1,-4,-1]]
3936456	r	4212	[[-1544,-234,0,-3,2,0,0,-5,6,-6,0,-2,3,-4,-2,6,3,3,-2,2,4,2,0,4,-3,3,-6,-1,-2,4]]
3946083	r	184	[[-1544,-237,1,-4,1,-1,0,5]]
3947322	r	26073	[[-1453,-328,1,-5,5,-2,5,-5,3,-2,8,1,3,3,-1,3,3,0,1,6,6,0,-1,3,3,1,-1,3,2,1,0,1,-8,12,-12,0,-7,-3,-5,-4,-3,-6]]
3691175	r	1790	[[-1585,-159,7,-8,2,2,1,4,-3,3,-4,1]]
3693528	r	11521	[[-1622,-122,6,-3,11,6,-1,5,4,-2,1,5,-6,6,3,4,-1,1,3,1,2,6,-5,1,-2,-1,-1,-1,1,-2,-3,-1,-3,-3,-4,-1,-1,-4,-2,0,3,-8,-1,-3,-3,0]]
3698350	r	2670	[[-1603,-133,8,-8,3,3,1,5,-3,3,-5,0]]
3939459	r	6440	[[-1514,-241,3,-1,2,-4,5,-2,4,2,2,4,4,1,-3,7,-7,3,-10,-7]]
3941584	r	7136	[[-1448,-271,2,-6,7,-2,6,2,2,6,-2,6,-6,3,-7,-3]]
3696183	r	8708	[[-1474,-67,5,-5,-3,-5,2,0,3,-3,-1,-2,5,3,4,-6,2,1,4,9,-4,8,-8,4,-4,-1]]
3693345	n	2084	[[-1496,-168,2,-3,3,-1,3,1,2,3,-1,3,-4,2,-3,-1]]
3698304	r	8631	[[-1576,-172,1,-4,4,-6,-1,-2,1,-1,1,1,-1,-1,3,-2,3,-8,8,20,-4,5,-5,3]]
3928128	r	9286	[[-1417,-360,9,-7,8,2,5,5,-2,6,4,1,-5,5,-7,2,-10,-9]]
3938527	r	12620	[[-1524,-284,6,-9,3,-3,3,1,5,2,4,4,3,5,0,5,-3,6,-5,4,-7,-4]]
3937513	r	4995	[[-1412,-310,2,-6,15,5,0,2,-2,5,-6,2,-6,-4,3,-2,-5,2]]
3699088	r	10320	[[-1580,-143,3,-8,7,-3,7,3,3,8,-3,7,-7,3,-7,-3]]
3696417	r	4516	[[-1532,-199,2,-4,5,-2,5,2,2,4,-2,5,-5,2,-5,-2]]
3691674	r	3898	[[-1620,-96,3,-5,3,0,4,4,3,1,-1,2,3,4,-4,1,0,2,-6,1,-3,-7,1,-2]]
3943789	n	1334	[[-1526,-265,2,-6,5,0,1,3,-2,3,-3,1]]
3947019	r	4220	[[-1491,-263,2,-5,5,-2,4,2,2,5,-2,4,-4,2,-5,-2]]
3931276	r	5694	[[-1410,-317,3,-6,7,-3,6,3,3,6,-2,6]]
3696378	r	8512	[[-1560,-191,3,-6,6,-3,7,3,3,6,-3,7,-7,3,-6,-3]]
3691582	r	4152	[[-1627,-94,3,-3,7,2,-1,2,4,9,-6,5,-6,-6]]
3691148	r	2123	[[-1615,-74,5,-4,6,2,-1,7,-2,1]]
3931470	n	1960	[[-1389,-252,2,-3,3,-1,3,1,2,3,-2,3,-3,2,-3,-2]]
3948642	r	5186	[[-1465,-273,2,-5,5,-2,6,2,2,5,-2,6,-6,2,-5,-2]]
3934608	r	20404	[[-1431,-341,3,-3,-2,-2,3,-6,5,-2,4,1,3,-2,19,16,-5,3,1,3,-3,1,-5,4,2,4,-3,3,-7,1,-2,-2,1,-3,-3,-1,1,-3,-6,0,-1,-6,-3,0,1,-3]]
3698105	r	4912	[[-1607,-105,5,-6,4,1,4,6,-1,8,-3,3,-5,1,3,-2,-2,-1,0,-4,-3,-1,1,-1]]
3939285	r	3986	[[-1549,-228,5,-6,3,3,1,-3,6,6,-2,5,-6,4,-6,-7,1,-2]]
3932145	r	1468	[[-1528,-278,2,0,2,-2,3,1,2,3,0,4,-5,1,-1,-6,-2,1]]
3944797	n	1960	[[-1530,-213,2,-4,3,-1,3,1,2,4,-2,3,-3,1,-3,-1]]
3694112	r	1485	[[-1624,-97,3,-3,-2,-1,-1,-3,5,-5,-1,4,2,0,1,4,-3,5]]
3940002	r	5379	[[-1558,-211,5,-8,1,-4,-1,-3,5,-3,2,2,-2,1,8,8,-1,2,-8,6]]
3938415	r	1260	[[-1433,-345,5,-3,0,-6,9,-5,3,5,-2,1,-4,-1,-3,1,-5,7,2,2,-1,1]]
3691348	n	1960	[[-1525,-186,2,-3,3,-1,3,1,2,3,-2,3,-3,2,-3,-2]]
3696150	r	8366	[[-1586,-114,3,-7,7,-3,6,3,3,7,-3,6,-6,3,-7,-3]]
3927758	r	7611	[[-1523,-228,3,-7,6,-2,8,4,1,5,-2,6,-7,3,-6,-3]]
3694564	r	42540	[[-1555,-108,3,-6,2,0,7,-31,13,2,10,8,4,8,1,10,-3,9,-7,7,-10,4,-9,0,-9,-4,1,-8]]
3939470	r	8399	[[-1510,-256,3,-7,8,-3,5,2,5,10,-2,4,-4,3,-13,-4]]
3698540	r	4589	[[-1564,-125,2,-4,5,-3,4,3,3,4,-3,5,-4,2,-5,-2]]
4034561	r	476	[[-2999,-350,2,-1,1,2],[-2993,-352,6,-1,0,2,-3,1]]
4033779	r	474	[[-2993,-352,1,-3,5,1,1,-2,1,1,-2,2]]
2088122	n	951	[[2940,-186,1,-3,1,0,5,-3,0,3,-1,3,-3,1]]
2092740	n	1360	[[2935,-134,2,-3,2,-2,0,4,6,1,-2,3,-3,1,-3,-1]]
2100633	n	1127	[[3107,-125,3,-4,5,2,-2,3,-3,0,-2,3]]
2090409	n	1960	[[2880,-117,1,-3,4,-2,3,2,1,3,-1,3,-3,1,-4,-1]]
2088163	n	1876	[[2960,-175,1,-4,4,-1,3,1,1,4,0,2,-4,2,-4,-1]]
2091996	r	29260	[[2879,-100,5,-4,7,-2,9,-7,1,-3,3,-1,4,0,1,-2,2,1,6,-2,13,0,6,4,-7,4,-14,2,1,13,-9,9,-6,1,-6,6,-3,1,-1,-12],[2900,-81,2,-1,0,1],[2918,-94,2,-1,1,3,-2,1],[2940,-106,3,-3,1,1,-1,4]]
2093685	n	1095	[[3041,-87,2,-4,4,0,1,4,-4,1,0,2,1,-1,-1,2]]
2090990	n	1960	[[2869,-123,1,-3,3,-2,3,2,2,3,-2,3,-3,2,-3,-2]]
2093967	n	1344	[[2998,-111,2,-3,3,-2,3,2,1,3,-4,0,-2,4]]
2096742	n	1796	[[2903,-122,2,-3,3,-1,3,1,1,3,-1,3,-2,0,-1,2,-3,-1]]
2083537	n	1135	[[2868,-71,1,-3,3,-1,5,2,-7,5]]
2098329	n	803	[[2860,-182,0,-1,8,4,-5,2]]
1692192	r	1224	[[2419,298,2,-2,6,1,0,1,-3,0,5,5,-7,-2],[2420,293,2,-1,0,2,2,0,-2,1]]
1715348	r	3301	[[2504,143,2,-1,-1,-2,5,-2,3,2,2,7,-4,5,-3,0,-3,-2],[2513,142,2,-4,1,5,-2,1]]
1720151	r	74	[[2418,294,1,-1,1,1]]
1701668	r	46	[[2419,292,1,0,0,1,-1,0]]
1684308	r	1642	[[2420,291,5,-6,1,2,7,4,-1,3,2,0,-6,0,-2,1,-1,-3]]
1723510	n	2634	[[2480,141,3,-2,4,1,0,2,3,2,1,9,-9,-2,3,-3,-1,-2,-2,0,2,-1]]
1978681	n	1810	[[2487,137,5,2,3,3,0,3,-2,3,-3,0,0,-4,-3,-2]]
1679432	r	2983	[[2432,133,0,-2,1,2],[2436,132,3,-4,5,1,3,3,-6,3],[2438,143,1,-3,3,-2,5,9,0,2,-2,0,-1,-3,-3,0]]
1717512	r	2841	[[2471,204,3,-2,4,3,2,-1,5,1,1,3,-3,0,-3,-1,1,4,-5,0,-1,1],[2481,201,2,-2,4,-1,2,4,-5,1]]
1730501	r	1604	[[2421,293,2,-2,4,2,-1,2,2,-1,4,1,-2,5,-2,2,-4,-4,3,0,0,-1,-5,-2,2,-2]]
7290466	r	48	[[2420,292,2,-1,0,1]]
1721080	r	2798	[[2487,171,3,-3,-1,-2,4,-1,1,-5,8,10,-2,-1,1,2,-5,4,-1,-5,-2,3,-1,-3,-3,2]]
1680102	r	760	[[2415,297,1,-2,4,-1,0,6,-3,1,1,-1]]
1713022	r	4303	[[2495,120,4,-3,3,1,3,4,-1,-6,5,0,1,6,-2,8,-1,1,-5,-2]]
1694781	r	60	[[2420,289,1,0,0,1,-1,0]]
1707174	r	1098	[[2408,286,6,1,0,2],[2412,285,3,-1,2,2,2,-1,-1,2,2,0,0,2,-4,3,-1,-2,3,-1]]
1720681	r	2693	[[2416,281,3,-3,5,3,2,-2,5,5,2,6,-1,1,-6,-4,-1,-2,-2,1]]
1699076	r	833	[[2415,284,1,-2,4,1,4,3,-2,3,-4,-2,1,-2,-2,1]]
1703417	r	35	[[2420,291,1,-1,0,1]]
1730737	r	1162	[[2404,305,5,-4,5,1,-1,2,2,1,-3,2,-5,-2,-2,1,2,1,-2,1]]
1711005	r	1918	[[2445,214,0,-1,7,1,3,3,-1,3,-4,0,-4,-2],[2450,210,1,-2,1,1,2,6]]
1729564	r	2130	[[2452,223,3,-7,1,4,4,1,-1,3,-2,1],[2452,210,1,-1,2,5],[2456,210,1,-1,2,2,4,-1,1,3,1,0,-4,4,4,-3,-5,4,-1,-3,-2,0,2,-1]]
1682812	r	2403	[[2405,306,2,-1,5,2,1,-2,3,1,-1,9,-3,1,-6,-5,-1,-3,2,-1]]
1721906	r	4980	[[2415,312,1,-5,2,-3,7,2,0,1,3,-1,3,7,-3,6,-5,1,-3,-7]]
1711084	r	660	[[2481,164,0,-2,6,1,-1,5,-1,-2,-3,1,1,-3],[2490,161,2,-1,-1,2]]
1711082	n	1060	[[2486,168,1,-5,4,-2,2,4,-4,1,1,2,-2,2]]
1722186	r	2843	[[2504,181,2,-6,2,0,0,-4,5,4,6,8,-4,4,-4,0,-1,-7,-4,0,-2,2]]
1728930	r	2494	[[2408,326,5,-3,3,0,2,3,0,3,-2,2,1,1,-5,3]]
1701053	r	2057	[[2480,158,3,-3,4,-1,3,3,1,3,-4,3,-6,-1]]
1684712	r	1968	[[2494,226,1,-2,6,-3,1,3,-3,2,0,2,-2,1],[2497,230,3,-1,0,-3,3,-1,2,-3,2,1,0,2,-5,6]]
1690039	r	1389	[[2409,301,3,-5,0,1,1,-1,2,-1,3,5,-1,1,1,3,-2,2,-3,-2,1,-2]]
1697018	r	1912	[[2488,226,0,-7,2,-2,1,2,1,-1,2,1,1,-2,1,3,-2,6,-3,2]]
1726280	r	641	[[2418,274,2,2,1,-3,3,0,0,3,-5,2]]
1684269	n	1848	[[2512,150,3,-3,2,0,1,-4,3,2,0,4,-3,4,-4,0]]
1705357	r	659	[[2430,277,4,2,6,-3,0,3,-6,2,-4,-2]]
1680116	n	1945	[[2492,154,6,1,3,-1,0,2,5,1,0,3,-2,-1,-6,2,-1,-2,-3,1]]
1692685	r	7396	[[2363,188,4,-4,6,7,2,-2,3,6,5,3,0,3,4,6,-5,2,-2,-2,0,-1,-6,0,-8,-10,2,-2]]
1697175	r	2214	[[2400,304,2,-8,1,-1,3,1,-1,-1,2,-2,4,3,-2,5,-5,4]]
1706090	r	569	[[2419,278,7,-2,-1,4,-4,0]]
1709968	r	1443	[[2451,200,3,-8,8,6,-2,0,-4,4,-2,-2]]
1696710	n	1585	[[2464,157,1,-3,3,-2,2,1,-1,3,5,1,-4,4,-4,-1]]
1708522	r	4107	[[2487,125,1,-3,6,-3,11,12,-5,3,-13,-7]]
1685755	r	2539	[[2470,260,2,-2,2,1,1,-2,3,2,3,0,-1,-1,-4,-1,4,-6,2,0,2,10,-2,-1,-4,3,-3,-3,-1,1],[2472,253,4,-6,-1,5,-3,2]]
1691444	r	1427	[[2449,228,4,-3,4,0,2,5,-4,2,-3,-2,-1,2]]
1706889	r	624	[[2470,260,5,0,3,3,-3,-2,0,3,2,1,-4,0]]
1698829	r	1167	[[2456,275,1,-3,7,-4,3,4,-1,1,2,0,-1,0]]
1716198	r	1333	[[2400,320,3,-4,2,0,4,3,1,6,-3,1,1,-3,-2,-3,-4,1,-1,2]]
1680932	r	3779	[[2427,357,7,-10,7,2,1,5,-3,4,-4,-4,5,4,-3,2,-6,0]]
1711146	n	1931	[[2433,343,1,-3,4,-2,3,2,2,3,-2,3,-3,2,-4,-2]]
1700868	r	716	[[2405,288,3,-2,7,4,-7,2,0,-3]]
1680197	r	1691	[[2409,320,3,-4,3,-1,3,6,-1,1,-5,-3,5,3,-7,3]]
1689510	r	2365	[[2418,250,5,-4,-1,-1,3,-1,3,2,1,4,2,3,-6,2,0,-2,-5,0]]
1712875	r	2402	[[2495,182,1,0,0,2],[2496,175,5,-4,4,1,0,-1,3,-1,-4,11,0,-3,-8,2]]
1719274	r	610	[[2426,276,3,-2,1,3,0,4,-4,-2]]
1725863	n	770	[[2405,316,2,-4,5,4,-3,3]]
1721168	r	466	[[2462,224,0,-1,1,1],[2463,220,2,-6,2,5]]
1691490	n	409	[[2423,273,3,-1,3,2,-3,2]]
1725804	r	1708	[[2451,190,3,-3,0,-2,3,2,3,-6,1,5,-4,8,-3,-2,0,2]]
1684803	n	1203	[[2426,353,3,-8,4,1,1,2,-5,6]]
8031389	n	1494	[[2421,348,3,-4,5,1,-3,8,-3,-1]]
1702649	r	1503	[[2508,130,2,-7,4,-2,-1,5,3,1,-2,4,-3,-1,-1,2]]
1711718	r	548	[[2456,203,4,-5,3,0,-6,7]]
1684681	r	716	[[2489,137,4,-5,2,0,-2,7]]
1714956	r	1727	[[2500,137,0,-3,6,-4,4,2,-2,1,0,1,2,1,-2,1,2,2,-2,1,-3,1]]
1682659	r	448	[[2429,281,2,-2,4,3,-4,2]]
1710544	r	1069	[[2464,267,4,0,4,2,-1,4,0,1,2,0,-1,1,-5,-3]]
1692214	r	1625	[[2500,155,5,-8,0,3,4,2,2,3,-1,2,-8,0]]
1714201	r	962	[[2461,184,2,-3,3,6,-1,2],[2466,189,1,-1,3,3],[2469,184,2,-1,1,2]]
1707404	n	937	[[2410,363,6,-2,0,5,-4,3]]
1725684	r	2524	[[2508,170,2,-1,6,3,2,6,1,-3,5,3,-1,2,-4,3]]
1687801	n	1439	[[2426,334,4,-5,5,2,-5,7,-3,-1]]
1717911	r	2225	[[2494,234,3,-3,0,1],[2495,238,3,-3,3,0,-4,-5,5,1,3,8,-2,2,-3,2]]
1700360	r	2674	[[2521,143,0,-1,5,2,0,-2,-4,-2,2,-14,1,9,-2,3,2,0,2,-2,-1,3,3,1,3,5,0,5,-5,-1]]
1710470	n	963	[[2488,133,2,-5,5,3,-2,1,-3,5]]
1710141	n	604	[[2417,119,1,-1,4,0,2,2,-3,2]]
1724767	r	1830	[[2523,168,1,-8,4,-2,1,4,0,4,-2,1,1,3,-3,1]]
1717926	r	2559	[[2485,251,2,-5,14,-1,1,4,0,3,-8,-2,0,4,-2,-1,0,-3]]
1713818	r	318	[[2467,215,3,-1,1,3,0,1]]
1699323	n	1843	[[2516,156,2,-3,3,-1,3,1,2,3,-3,4,-5,-1]]
1716388	n	230	[[2478,221,3,0,-1,1,1,3]]
1714674	r	2520	[[2459,163,10,1,2,5,-1,1,0,-2,-3,5,-5,3,4,-6,-5,0]]
1709632	r	1505	[[2441,235,3,-6,6,0,1,3,-3,3,-6,2]]
1696899	r	918	[[2470,165,6,-4,2,3,-1,2],[2477,162,4,-2,0,4]]
1691280	r	3440	[[2409,268,1,-3,5,-4,1,-6,3,-3,6,1,0,8,-5,3,-1,-2,-7,6]]
1692747	r	3075	[[2510,169,1,-3,12,2,2,2,-3,3,3,1,2,3,-2,2,-6,-4,-1,3,-2,-6]]
1693136	r	1201	[[2464,266,2,-3,3,-2,2,0,2,4,-1,4]]
1720793	r	1412	[[2457,275,10,-3,5,4,-1,2,-2,1,-1,-1,0,3,-3,-2,2,1,-2,-5,-4,0,1,3]]
1728772	r	1111	[[2457,194,1,-3,7,0,-2,2,1,5],[2467,193,2,1,-2,2]]
1685218	n	524	[[2508,194,1,-3,4,1,-1,3,-3,1]]
1715542	r	1656	[[2462,176,5,-3,3,-5,0,2,1,-1,2,4,-1,-1,-2,0,0,8,-2,0]]
1727043	n	116	[[2474,225,1,-2,1,0,-1,3]]
1680007	r	369	[[2459,224,1,-3,2,2],[2461,219,0,-2,3,-2,-1,5,-2,-2,0,2]]
1684497	r	1267	[[2476,194,2,-2,0,1,5,-1,0,4,-3,3,-3,-2,-1,-2,1,-1]]
1699088	r	1203	[[2415,315,0,-2,5,0,3,6,-5,2]]
1683088	r	983	[[2458,191,2,-1,1,-4,4,3,0,2],[2466,190,4,2,-1,2,-2,-1]]
1690033	r	959	[[2406,332,4,0,2,4,-4,3]]
1706361	r	428	[[2409,291,6,-1,-2,4]]
1708824	r	2412	[[2496,140,4,-3,6,2,0,3,-2,1,1,4,-7,-1]]
1716287	n	1174	[[2454,282,3,-4,5,0,-1,4,-4,4]]
1725983	r	410	[[2406,330,2,-4,2,6,-4,0]]
1723763	n	866	[[2353,174,2,0,5,4,-2,2,-3,-1]]
1679802	r	1930	[[2481,273,2,-2,-2,-2,5,-1,-1,4,2,-1,1,2,0,4,-2,1,-1,3,-2,0,-1,-5]]
1731486	n	1409	[[2430,338,5,-7,3,2,0,5,-4,2]]
1686102	r	1586	[[2445,196,2,-5,2,2,2,-3,3,4,-3,6,-3,-3,-3,1]]
1714441	r	2114	[[2492,154,0,-2,6,-6,7,1,-4,7,-3,1]]
1728523	r	377	[[2407,293,2,-2,3,3,-1,0,0,2]]
1691150	r	759	[[2465,213,4,4,5,2,-7,3]]
1723893	n	1352	[[2504,232,2,-4,5,0,-2,9,-3,-1]]
1697006	n	819	[[2472,170,2,-4,3,0,-2,6,-2,1]]
1700179	r	685	[[2431,284,4,-3,2,0,-2,3,-2,6],[2438,284,2,-2,1,1]]
1720472	r	3525	[[2440,276,9,-7,3,2,-2,2,0,3,-2,3,3,0,2,-3,-2,11,-3,-1,-2,-4,-1,3,-2,-2,3,-4,-2,1,1,-2,-5,1],[2440,282,4,-2,-3,3]]
1704968	r	1064	[[2518,142,4,-5,0,-7,2,-3,-2,13,4,2,0,2,-5,-2,0,1]]
1730398	n	1026	[[2428,367,1,-3,3,-1,3,0,2,3,-4,1,0,-1,-4,3]]
1720402	r	1768	[[2487,234,1,-2,2,2],[2487,246,3,-4,4,-1,1,-2,7,6]]
1708226	r	694	[[2457,209,0,-4,7,3,-1,2,-4,1]]
1688232	r	1308	[[2395,324,0,-5,3,-1,0,-5,6,1]]
1720561	r	1161	[[2416,268,2,-5,8,4,-2,2,-1,-2,-2,1,-1,3,-4,-1]]
1689832	r	285	[[2417,301,4,-1,1,1,-4,2]]
1688954	r	944	[[2418,304,4,-3,6,2,-1,3]]
1698030	r	390	[[2411,283,1,-4,5,2,-5,4]]
1681766	n	1173	[[2457,205,4,-5,4,3,-2,5]]
1702934	r	2614	[[2497,161,5,0,2,-2,2,1,5,-1,0,7,-3,4,-2,-2,0,-1,-3,0]]
1722818	n	932	[[2494,138,1,-6,4,1,1,4,-3,2]]
1680505	n	1090	[[2463,211,1,-2,3,-2,3,7,-3,1]]
1718328	n	680	[[2476,212,0,-1,5,0,0,5,-3,-1]]
1727663	n	1934	[[2418,329,0,-3,3,-3,3,1,3,2,-1,4,-2,2,-4,0]]
7083355	n	817	[[2347,174,5,0,2,5,-1,2]]
1685117	r	534	[[2472,269,1,-4,3,0,-3,5,-1,0],[2477,267,1,-2,0,2]]
1726339	n	990	[[2409,358,4,-1,3,4,-6,2]]
1700665	n	920	[[2398,309,2,-3,2,2,2,2,-1,4,-5,-1,1,-3]]
1710932	r	1368	[[2496,161,7,6,3,0,0,1,2,2,-3,1,0,1,-4,-1,-1,-2,2,0,-3,-2]]
1713736	r	801	[[2458,227,5,-3,0,8,-5,-3]]
1722481	r	1767	[[2495,217,1,-5,7,1,-3,2,1,6,-6,3]]
1686777	n	835	[[2468,200,3,-4,3,6,-3,2]]
1709717	n	945	[[2481,131,2,-4,2,3,0,3,-4,3]]
1680019	n	1183	[[2421,264,4,-3,0,-2,4,1,1,3,-4,4]]
1713917	r	3872	[[2382,223,1,-2,3,0,1,-3,2,-1,0,-2,-5,4,3,-5,-1,-3,7,1,-1,4,-2,2,2,9,-1,5,-8,-6],[2394,229,3,-1,1,2]]
1686123	r	2775	[[2441,147,3,-1,1,3,5,2,-1,1,3,3,-4,6,-5,-5,0,-4]]
1722731	r	2515	[[2512,163,2,-4,10,1,-1,8,-10,-2]]
1681149	n	1057	[[2471,161,4,-4,3,0,2,3,-3,2,-3,-3,2,2,-4,3]]
1728336	r	456	[[2412,279,1,-3,1,2,5,0,-3,4]]
1172451	n	2705	[[1481,630,1,-2,6,-3,2,0,2,4,-2,5,0,4,-8,-1,1,-4]]
1174872	r	11015	[[1333,497,12,-2,-2,-3,2,0,-1,0,1,-5,2,0,-1,-1,1,-4,4,-1,-2,-1,2,-1,-1,-1,6,3,2,9,-2,7,-4,8,-6,-1,2,5,0,4,-4,-3,-2,-5,-7,-1]]
1168197	n	4288	[[1422,680,4,-4,12,0,-1,11,-2,1,-3,-6,3,6,-6,0,-3,-4,3,-2,-3,2]]
1179400	n	4582	[[1456,627,3,-7,5,2,0,3,1,-2,3,-1,5,3,-2,4,-3,0,-7,9]]
1166993	n	3263	[[1451,675,6,-3,1,-6,4,2,9,-2,1,1,0,4,-3,2,-12,0,1,4,-3,2,-4,-1]]
1177662	n	2582	[[1478,645,1,-6,3,-2,8,2,0,8,-1,1,-4,0,-1,-2]]
1169825	n	3498	[[1419,601,2,-3,7,3,3,-2,2,3,4,2,-4,6,-4,-2,-1,3,-3,-5,-4,-1]]
1176734	r	3297	[[1361,507,1,-2,4,-2,4,2,6,0,2,2,-2,6,-12,-1]]
1167528	n	5090	[[1330,600,5,-4,8,-1,6,4,1,6,-1,2,-4,-1,-3,2,-4,0,-3,-2,0,-4]]
1183460	n	7780	[[1401,660,3,-7,8,-2,8,2,3,7,-3,6,-8,3,-6,-2,-3,-3]]
1166000	n	2114	[[1449,643,3,-5,6,2,-1,2,5,6,-7,1]]
1164909	n	2331	[[1484,650,1,-2,5,-1,-1,-4,3,-2,6,5,-2,3,-3,1,-1,4,-3,0]]
1183880	n	2025	[[1428,593,0,-6,2,-2,8,1,1,2,-5,7]]
1184370	n	1742	[[1456,607,1,-6,3,-2,5,5,-2,6,-4,0]]
1180281	n	3419	[[1412,638,1,-4,5,-5,5,-1,3,3,-1,8,-3,0,-8,3]]
1169607	n	1420	[[1466,691,3,-7,5,1,1,3,-2,3,-4,1]]
1183105	n	1888	[[1455,694,1,-3,4,-2,5,2,1,3,-2,3,-4,1,-3,-1]]
1180942	n	3259	[[1472,622,10,-9,4,4,-5,11,-2,1]]
1175892	n	1671	[[1441,625,4,-4,4,2,2,4,-3,3,-3,0,-3,-2]]
1176615	n	867	[[1457,673,9,1,0,1,-2,3,-6,-1]]
1165221	n	1940	[[1472,637,1,-5,6,-2,2,0,2,3,-1,4,-4,2]]
1177654	n	2622	[[1476,649,3,-4,5,1,0,4,5,4,-2,3,-4,0,-7,-3,1,-2]]
1164408	n	2780	[[1368,553,0,-3,5,-1,3,-3,3,1,4,6,-6,5,-4,-3,-2,1]]
1166547	n	1975	[[1441,639,5,-5,2,-1,4,2,0,3,-3,5,-7,-1]]
1166548	n	1443	[[1457,613,2,-3,4,0,3,4,-2,4,-3,0,-3,-2]]
1168718	n	2143	[[1464,618,2,-4,4,-1,1,-2,3,0,1,2,-1,3,1,2,-3,4,-4,-1,3,-6,-3,6]]
1167460	n	2837	[[1398,567,2,-5,4,0,6,3,1,4,-3,3,-3,1,-6,-4]]
1174625	n	1282	[[1482,628,4,-9,2,-1,5,4,-3,1,0,2,-2,0]]
1176358	n	1685	[[1419,590,3,-4,6,1,1,1,-1,5,-6,1]]
1180289	n	1930	[[1408,601,2,-4,4,0,4,4,-2,3,-3,2,-4,-2]]
1168021	n	1190	[[1460,639,4,-4,7,3,-2,4,-3,1]]
1163964	r	4336	[[1369,495,3,0,0,-4,3,-2,4,0,2,2,6,-3,1,9,-2,2,-6,1,-2,2]]
1182682	n	1492	[[1448,631,3,-4,5,1,2,3,-6,4,-4,-2]]
1172128	n	3108	[[1355,552,3,-7,4,-2,4,2,0,3,2,2,0,3,-6,2,-6,-1]]
1169116	n	4207	[[1355,523,0,-1,13,-2,4,3,1,2,-3,7,-5,1,-4,-4,1,-3,-7,-1]]
1182092	n	1387	[[1448,605,4,-6,5,2,-1,6,-5,0]]
1170395	n	1854	[[1442,697,4,-6,5,1,2,3,-2,3,-3,2,-4,-1]]
1164776	n	3038	[[1368,520,3,-3,3,0,4,-2,5,3,1,3,-2,3,-3,2,-5,-1]]
1177384	n	1664	[[1469,642,3,-5,6,2,1,2,-1,3,-2,2,-6,-2]]
1170880	n	1779	[[1437,687,1,-11,3,0,5,10,-4,2]]
1185056	n	2049	[[1459,687,5,-9,3,1,2,5,-3,7,-7,-2]]
1170295	n	1579	[[1376,513,2,-7,7,3,0,3,-2,3,-4,0]]
1164709	n	1960	[[1507,706,2,-3,4,-2,3,2,2,3,-2,3,-3,2,-4,-2]]
1165569	n	1297	[[1464,635,4,-6,3,0,2,3,-2,6]]
1183883	n	1152	[[1460,599,2,-3,4,0,4,4,-5,4]]
1332083	n	772	[[1463,610,7,-1,1,2,-1,2,-4,1]]
1172657	n	1580	[[1387,505,0,-4,3,-2,4,1,2,3,-6,5]]
1179837	r	1991	[[1377,505,3,-5,7,-2,0,10,-9,-2]]
1176515	n	1440	[[1364,567,2,-5,2,-1,4,2,1,5,-3,2]]
1173664	n	1960	[[1327,556,2,-3,3,-1,4,1,1,3,-1,3,-4,2,-3,-2]]
1178338	n	1961	[[1481,718,1,-3,4,-1,4,1,2,3,-2,4,-4,1,-4,-1]]
1178231	n	1245	[[1449,623,6,-4,3,1,-2,7,-5,0]]
1165108	n	1362	[[1368,560,3,-4,2,-1,5,4,-6,4]]
1180809	n	1538	[[1351,535,1,-4,4,-1,3,8,-5,1]]
1180752	n	1515	[[1402,591,4,-4,6,1,-4,8,-4,-2]]
1184845	n	1845	[[1420,583,2,-3,4,-2,3,2,1,4,-2,3,-6,-1]]
8986037	n	1328	[[1467,679,3,-3,7,6,-3,3,-5,-1]]
1174376	n	2019	[[1355,562,2,-2,5,-2,4,4,-2,5,-4,1,-3,-2]]
1175864	n	1011	[[1469,659,1,-3,5,-1,4,6,-9,0]]
1163967	n	835	[[1370,513,6,0,2,2,-4,2,-3,0]]
1177042	n	1560	[[1446,592,4,-3,6,3,-4,6,-4,-1]]
1175156	n	1922	[[1444,615,1,-2,5,-1,7,1,1,3,-3,3,-4,-2,-6,1]]
11250625	n	1960	[[1321,526,1,-3,4,-1,4,1,1,3,-1,4,-4,1,-4,-1]]
1176241	n	1483	[[1408,596,4,-8,4,3,1,3,-2,3,-5,0]]
1173491	n	1940	[[1424,672,1,-4,4,-1,4,1,1,4,-1,2,-3,2,-4,-1]]
1172035	n	1858	[[1414,619,5,-4,4,1,1,3,-1,3,-4,2,-4,-2]]
1164970	n	1435	[[1421,598,1,-4,6,-1,3,5,-1,2,-2,1]]
1163198	n	945	[[1441,676,9,2,-5,5,-3,-2]]
1181073	n	1404	[[1453,598,3,-6,6,4,-5,5]]
1177073	n	1804	[[1455,589,7,-4,4,10,-4,1,-6,-4]]
1162959	n	1603	[[1390,508,7,-5,3,4,-1,3,-4,2,-3,-1]]
1170013	n	1429	[[1356,530,5,-1,4,4,-1,2,-5,3]]
1174167	n	1465	[[1408,572,3,-3,3,0,3,1,1,3,-2,4]]
1184249	r	1754	[[1438,672,1,-1,8,-1,4,2,-1,1,1,1,1,3,-7,1]]
1170989	n	1102	[[1360,518,1,-3,3,-1,4,6,-7,1]]
1170486	n	1507	[[1442,610,0,-3,3,-2,3,0,3,2,-1,5,-5,1]]
1169278	n	833	[[1492,641,2,-2,8,3,-4,4]]
1181611	n	997	[[1326,615,4,-1,3,2,1,2,-1,3,-5,-2]]
1169372	n	1080	[[1471,629,3,-5,5,5,-6,3]]
1171123	n	2281	[[1465,651,5,-7,6,3,-6,9,-4,-1]]
1170425	n	1960	[[1425,652,2,-4,4,-1,3,1,2,4,-2,3,-3,1,-4,-1]]
1165388	n	1058	[[1498,646,4,-4,4,1,1,2,-6,4]]
1168555	n	796	[[1464,609,1,-5,2,-1,5,3,-2,3]]
1171502	n	1313	[[1438,597,5,-6,3,1,2,5,-6,3]]
1169027	n	1492	[[1470,662,9,-1,1,2,-2,3,-4,1,-3,-1]]
1163272	n	996	[[1444,619,1,-1,6,-1,4,2,-6,4,-4,-2]]
1176997	n	824	[[1470,609,2,-3,4,-1,2,1,-4,5,-3,0]]
1165638	n	605	[[1356,554,6,1,0,3,-3,1,-3,-3]]
1178456	n	905	[[1382,561,5,-5,2,0,-1,8]]
1163724	n	1754	[[1408,614,1,-3,4,-2,5,5,-5,5,-4,-2]]
1163952	n	1953	[[1366,502,1,-2,4,-3,7,5,-1,2,-4,2,-4,-1]]
1176022	n	1999	[[1440,646,2,-4,5,1,-2,7,-3,-1],[1445,650,2,-7,2,0,3,3,0,2,-3,2]]
1162813	n	1389	[[1442,601,6,-4,4,2,-4,6,-4,0]]
1181163	n	1129	[[1450,612,1,-5,5,0,3,3,-2,3]]
1397479	n	1771	[[1359,571,2,-3,3,-1,6,4,-2,3,-4,2,-3,-2]]
1173378	n	1854	[[1414,609,2,-3,3,-1,4,1,2,3,-2,4,-4,1]]
1174042	n	683	[[1475,655,1,-1,7,3,-3,4]]
1168412	n	1268	[[1377,558,6,-5,4,3,-5,5,-3,0]]
1181636	n	1669	[[1453,656,2,-2,7,3,0,3,-3,3,-5,0,-1,-2]]
1167534	r	5216	[[1343,562,1,-10,4,-4,8,6,0,3,4,3,-3,-1,-8,8]]
1175021	n	1575	[[1380,568,0,-7,9,3,-1,3,-2,2]]
1164216	n	884	[[1445,683,5,-4,3,7,-6,1]]
1179061	n	1427	[[1366,545,5,-2,4,3,-7,4,-2,-2]]
1175560	n	1492	[[1433,610,4,-6,3,0,2,3,0,3,-3,2,-4,0]]
11179544	n	763	[[1392,563,2,-7,5,3,0,2]]
1179790	n	645	[[1471,656,1,-5,4,-2,1,3,-1,2]]
1163414	n	1452	[[1372,563,6,-2,2,1,0,6,-4,1,-3,0]]
1179223	n	1407	[[1452,584,4,-5,6,6,-6,3]]
1167031	n	1261	[[1362,555,6,-2,3,3,-3,4,-3,1,-3,-3]]
1179331	n	1343	[[1447,671,5,-4,5,2,0,3,-6,2,-1,-1,1,-1]]
1173920	n	1678	[[1455,653,1,-3,6,-1,3,2,0,3,-3,3,-7,-3]]
1164069	n	1713	[[1443,659,2,-4,5,-1,3,2,0,5,-3,2,-6,-3]]
1162275	n	1367	[[1405,576,3,-4,7,5,-3,4,-6,-3]]
1176800	n	543	[[1474,616,1,-3,6,1,-4,4]]
1168633	n	1495	[[1414,642,8,-3,2,1,1,2,-2,3,-4,2,-3,-2]]
1163054	n	1960	[[1256,520,1,-3,4,-2,4,2,1,3,-1,3,-4,2,-4,-2]]
1163224	n	926	[[1450,679,1,-1,4,1,2,5,-4,2]]
1170294	n	858	[[1388,564,1,-8,5,1,-2,6,-2,2]]
1183090	n	1840	[[1434,692,1,-2,3,-2,4,1,3,2,-3,5,-2,1,-4,-1]]
1177278	n	860	[[1364,514,2,-2,4,1,1,4,-3,3]]
1177446	n	546	[[1242,504,3,0,1,-1,-1,-1,3,0,-1,1,3,2,-4,2]]
1167507	r	383	[[1455,634,2,-2,3,7]]
1175446	n	1359	[[1434,595,5,-7,4,3,-5,6]]
1177682	n	1424	[[1461,665,2,-3,4,-1,3,1,1,4,-9,2]]
1170398	n	1096	[[1467,603,3,-3,6,1,1,2,-1,2,-4,1]]
1183224	n	663	[[1474,611,4,-3,4,5,-7,0]]
1164896	n	1960	[[1352,591,2,-3,4,-2,3,2,2,3,-2,3,-3,1,-4,-1]]
1168015	n	1810	[[1440,665,4,-4,6,2,1,2,-2,3,-4,1,-3,-1]]
1162316	n	1709	[[1430,581,2,-2,4,-1,3,2,1,3,-2,3,-8,-2]]
1181065	n	1960	[[1430,717,2,-3,4,-2,4,2,1,3,-1,3,-4,2,-4,-2]]
1177107	n	1052	[[1455,679,3,-2,6,1,-5,7,-2,-1]]
1179496	n	1728	[[1425,639,1,-6,5,-1,3,3,0,3,-2,2,-4,1]]
1172295	r	808	[[1452,635,3,-1,5,5,-2,1,-6,-2]]
1170219	n	1960	[[1391,495,2,-3,3,-2,3,2,2,3,-2,3,-3,1,-3,-1]]
1172964	n	1184	[[1457,642,3,-3,6,4,0,2,-4,3]]
1163021	n	1165	[[1390,565,2,-2,7,-2,1,1,-4,6,-4,-1]]
1167380	n	1811	[[1401,582,2,-3,2,-1,6,3,1,1,-2,3,-3,2,-4,-2]]
1162105	n	1960	[[1384,627,1,-3,4,-2,4,2,1,3,-1,3,-4,1,-4,-1]]
1176445	n	1565	[[1431,600,5,-4,2,1,4,4,-2,3,-3,0,-4,-2]]
1161983	n	1570	[[1470,676,2,-2,4,-1,3,1,2,4,-4,4]]
1182122	n	1960	[[1440,725,1,-3,4,-1,4,1,2,3,-2,4,-4,1,-4,-1]]
756135	r	5517	[[408,1043,3,-4,6,-1,5,1,2,-2,7,3,2,5,-1,4,-5,-1,-3,4,-6,1,-7,-2]]
3094802	r	4482	[[390,999,3,-5,8,-1,8,6,1,6,-9,4,-7,-3]]
3081368	r	4302	[[332,1022,9,-8,6,2,5,4,1,2,-3,5,-9,3,-5,-1]]
3093133	r	3727	[[378,1033,2,-3,10,0,10,7,-7,5,-8,0,-5,-2]]
3088171	r	4031	[[327,1048,2,-4,12,-3,7,3,-6,11,-10,-1,-4,-3]]
3099434	r	1489	[[359,1085,3,-3,19,4,1,1,-6,0,2,1,0,1,-5,0,0,-1,-4,1]]
3083829	r	2426	[[285,1073,4,-8,-2,-4,6,-1,6,15,-6,2,-2,-3,1,-1,0,-1,-6,3]]
765876	r	4420	[[440,1025,5,-5,9,-2,5,2,3,8,-5,3,-8,1,-6,-3]]
3102014	r	3404	[[348,1062,2,-4,5,-1,10,3,3,6,-5,3,-6,0,-6,-2]]
776069	r	3408	[[453,1063,3,-5,7,-1,7,1,3,5,-3,4,-7,2,-7,-2]]
3096472	r	2297	[[376,1003,3,-4,11,0,4,7,-11,4,-3,-3,0,-1]]
3099424	r	1607	[[359,1090,3,-4,10,3,-3,7,8,-4,-10,5,-6,-3]]
3100946	r	2890	[[372,1016,1,-1,9,-3,10,4,-3,5,-8,1,-6,-2]]
760778	r	3200	[[413,1028,1,-3,14,-1,3,1,2,3,-3,4,-7,2,-7,-2]]
3099230	r	631	[[369,1005,5,-1,3,3,-7,3]]
759734	r	3522	[[430,1000,4,-5,7,-1,4,1,5,6,-3,5,-9,0]]
3083271	r	2159	[[365,1060,9,-5,9,5,-3,4,-12,2]]
769250	r	2926	[[403,1017,2,-3,5,-2,6,0,5,2,-8,9,-7,-1]]
3101950	r	1355	[[369,1012,1,-2,6,-2,3,-3,4,5,-1,2,-9,3]]
3103402	r	2567	[[374,994,2,-1,1,-2,7,-1,5,3,2,4,-7,3,-5,-1]]
763166	r	3443	[[400,1076,3,-5,7,-1,7,1,3,5,-3,4,-7,2,-7,-2]]
3086800	r	169	[[374,1004,5,1,-2,2]]
3086586	r	815	[[367,1004,1,-4,5,0,3,-2,3,1,-3,4]]
3090048	r	3568	[[348,1013,2,-3,4,-3,15,6,-3,5,-7,2,-8,-2]]
3099759	r	3312	[[381,1086,2,-9,1,0,11,0,5,5,-1,4,-4,3,-13,-2]]
3088825	r	3156	[[386,1048,6,-3,6,0,5,3,1,4,-5,4,-9,1]]
3082707	r	2836	[[318,1014,2,-2,7,1,2,-2,-4,-2,3,0,8,5,2,3,-7,5,-9,-2]]
3081741	r	3164	[[371,1050,6,-3,9,0,4,10,-7,3,-9,-5]]
3080165	r	4072	[[299,1039,3,-5,9,-2,10,8,-4,4,-8,2,-7,-3]]
757026	r	2711	[[411,1000,0,-2,12,-3,4,2,2,3,-10,6,-6,-2]]
3098722	r	3385	[[295,1055,3,-5,6,-1,7,1,3,5,-3,4,-7,2,-6,-2]]
3096880	r	2219	[[355,1039,8,-10,6,2,2,3,-2,5,-11,2]]
3095049	r	2799	[[313,1084,3,-5,7,-2,8,2,3,5,-6,5,-2,-2,-3,-1,1,0]]
3093692	r	1713	[[314,1024,8,-4,10,2,0,2,0,1,-17,2]]
3085450	r	2871	[[330,1089,3,-4,8,-2,7,2,3,4,-2,3,-4,3,-14,-4]]
3097391	r	604	[[366,998,5,0,3,-4,2,4,-4,3,-4,-1]]
3098218	r	3279	[[365,1070,3,-4,11,-2,4,2,2,4,-3,4,-7,2,-7,-2]]
763534	r	2919	[[405,992,3,-4,6,0,2,-1,5,2,2,3,-1,3,-11,3,-4,-2]]
3095321	r	3540	[[354,1044,2,-3,15,-2,3,2,2,3,-2,4,-3,2,-9,0]]
3088972	r	1386	[[390,1030,2,-8,10,3,-8,7]]
3097872	r	2096	[[356,1056,5,-5,4,-1,6,2,3,3,-9,5,-9,-3]]
3092931	r	1552	[[315,1028,0,-1,17,-2,1,3,-1,3,-2,1,-15,-3]]
3097257	r	2503	[[303,1020,2,-1,2,-3,9,-1,1,-2,5,7,-11,5,-5,-2]]
759412	r	2952	[[437,1043,2,-4,7,-1,6,1,3,5,-3,3,-6,2,-7,-2]]
3089033	r	3694	[[325,1063,3,-4,7,-2,7,2,3,4,-3,4,-7,2,-7,-2]]
762863	r	2126	[[421,1015,4,-2,12,4,0,3,-4,3,-5,1]]
3089684	r	2153	[[347,1033,2,-3,4,-2,6,0,4,2,-8,9,-5,-2]]
3084840	r	3290	[[293,1062,6,-2,8,1,4,3,1,4,-5,4,-8,1]]
3099112	r	2633	[[343,1053,4,-7,2,-1,7,1,5,4,-5,5,-2,1,-6,0]]
757718	r	2823	[[449,1083,9,-7,8,2,3,4,-3,3,-9,3,-6,-2]]
756867	r	2131	[[394,1032,7,-7,6,2,2,3,-2,4,-5,2,-4,0]]
761168	r	2014	[[447,996,2,-4,4,-2,9,9,-4,2,-5,0,-5,-2]]
758445	r	2554	[[437,1017,1,-11,7,0,5,4,0,3,-3,3,-5,2]]
753866	r	2668	[[457,1014,2,-3,6,-2,6,2,2,3,-1,4,-9,2,-5,-2]]
3096372	r	1705	[[354,1007,1,-2,12,-1,3,6,-1,3]]
3099213	r	2038	[[311,1032,3,-3,16,3,-8,8]]
3093524	r	2563	[[323,1039,8,-8,6,2,3,3,-2,4,-5,2,-6,0]]
3103709	r	1855	[[378,1027,1,-2,4,-2,9,0,-2,7,-10,0]]
766027	r	2347	[[434,1067,4,-9,8,1,4,4,-1,3,-4,3,-6,0]]
774558	r	2721	[[460,1023,2,-3,11,-3,5,4,-5,5,1,2,-3,1,-8,-2]]
3083426	r	1939	[[367,1082,1,-3,5,-2,5,0,5,2,-2,7,-14,-3]]
764849	r	2333	[[418,1007,12,-7,8,6,-15,5]]
3087584	r	1110	[[356,1002,0,-2,5,0,-1,1,6,-3,2,2,-1,4,-10,1]]
776175	r	2962	[[453,1040,3,-4,7,-1,6,2,3,4,-2,3,-8,2,-7,-2]]
772621	r	2721	[[438,1077,3,-4,6,-2,7,2,2,4,-6,5,-3,0,-6,-2]]
762909	r	2464	[[422,1062,2,-4,5,-1,10,1,-5,9,-8,-1]]
758390	r	1447	[[413,1023,8,-8,7,9,-12,1]]
3080526	r	2117	[[382,1012,1,-2,11,-4,5,3,-1,4,-5,3]]
757033	r	1641	[[423,1011,15,-5,-1,11,-13,-4]]
3424934	r	182	[[-1128,937,1,-1,2,1,-2,3,2,1,-3,-1,1,-2]]
4030723	n	3.173	[[-2603,-502,1,0,0,1,-1,0]]
4568127	n	998	[[-1326,365,5,1,3,-1,2,1,0,2,-9,2]]
4566880	r	932	[[-1335,360,7,-1,-1,5,-5,1]]
4562635	r	869	[[-1339,370,1,-4,4,-1,2,2,0,3]]
4563008	r	1217	[[-1329,364,3,-5,4,3,2,0,2,3,-3,1]]
4566385	r	916	[[-1345,366,2,-2,-1,-5,2,0,4,7]]
4564946	r	462	[[-1316,366,2,-2,2,1,0,3,-4,0]]
4568533	r	432	[[-1329,368,1,-4,2,1,1,5,-4,0]]
4562768	r	160	[[-1333,365,3,5,-2,0]]
4565105	r	420	[[-1326,359,2,-1,6,2,-4,2]]
4565564	r	568	[[-1320,362,2,-2,4,4,-2,2]]
4568917	r	972	[[-1342,359,7,1,1,5,-4,1]]
4566137	r	419	[[-1332,365,4,-1,-1,6,-2,0]]
4562506	r	607	[[-1345,367,7,-1,-1,4,-4,0]]
7303419	n	1730	[[700,633,9,-1,2,3,0,7,-4,-3,-4,1,-2,-1,-1,-2,4,-1,0,2,1,-3]]
281133	n	254	[[685,627,1,-2,5,6,-1,1]]
285066	r	1112	[[697,628,6,-1,5,3,0,1,-8,2]]
282615	n	869	[[700,644,1,-3,1,5,5,0,2,-4,1,2,-1,4,-4,1,-4,-1]]
281102	n	85	[[684,626,1,-2,1,1,-1,2]]
2267057	r	2661	[[-190,776,0,-2,4,-1,4,1,3,7,-3,1,-5,0,1,-1,-3,-1],[-185,773,1,-5,10,8,-4,5,-2,-3,1,-2,-3,-3]]
2735943	r	1823	[[-176,828,3,-5,-1,-5,8,-1,3,3,-6,7]]
2742032	r	2034	[[-175,828,6,-1,9,7,-4,3,-6,0]]
2740637	r	4016	[[-178,804,2,-1,-2,-1,11,-5,6,2,2,5,-7,6,-11,-3]]
2267095	r	2508	[[-183,790,19,5,-14,7]]
2262963	r	2118	[[-182,769,4,0,3,-6,5,3,1,6,-4,5,-8,-5]]
2267827	r	812	[[-345,656,6,-3,6,2,-11,2]]
2732265	r	2385	[[-165,813,2,-3,5,-2,4,2,2,3,-2,4,-4,1,-5,-1]]
2742611	r	1957	[[-177,807,11,3,0,7,-8,1]]
2268339	r	2074	[[-167,742,9,-3,7,4,-3,4,-5,0,-5,-1]]
2739693	r	1823	[[-169,827,5,-6,3,1,3,10,-3,1]]
2268406	r	6741	[[-168,776,1,-11,21,1,0,2,-1,1,2,3,-1,4,-15,6]]
2266249	r	1681	[[-181,789,1,-2,12,0,1,2,-2,4,-12,-2]]
2738785	r	3111	[[-153,809,4,-3,5,-1,5,2,1,5,-3,4,-6,0,-4,-1]]
2732773	r	1313	[[-178,835,3,-7,6,11,-4,2,-4,-4]]
2742027	r	4913	[[-149,836,7,-9,3,-1,10,1,5,4,-7,2,1,4,-2,2,-11,1,-1,-2]]
2270985	r	7543	[[-170,760,4,-7,9,-2,8,2,4,7,-2,6,-20,-1]]
2269514	r	3626	[[-158,796,1,-3,3,-2,5,0,-2,3,9,0,1,2,-3,5,-6,2,-6,-2]]
2263480	r	2347	[[-181,785,1,-3,1,-1,4,1,-3,-1,4,-2,5,2,3,4,-1,2,-14,0]]
2264508	r	3863	[[-159,786,2,-5,6,-3,6,1,5,3,-3,0,-4,5,1,2,-3,2,-8,0]]
6941014	r	820	[[-517,757,7,-3,7,2,-1,1,-7,0,-4,1]]
2732438	r	2116	[[-160,823,4,-2,4,1,3,2,0,3,-3,3,-6,0]]
8063361	n	369	[[2690,149,2,-2,1,7]]
3439389	r	35688	[[-1190,-485,32,-16,-1,-1,4,-1,4,-6,-1,-2,-2,-2,7,-1,2,0,1,14,3,1,7,8,2,5,-12,1,-2,2,2,3,-2,2,1,3,-4,3,-1,6,-3,4,-2,1,-2,-3,-7,-3,-14,2,-2,2,-4,-1,-1,3,-3,-2,0,-3,1,-2,3,-1,2,-2,-2,-1,1,-3,14,-3,13,2,0,-9,-31,2]]
3439101	r	3116	[[-1101,-510,2,-4,7,-4,0,9,3,5,-8,0,-3,-2]]
3437547	r	13342	[[-1137,-446,5,-1,-3,-4,3,-7,6,4,3,-7,-4,-6,4,-6,14,-1,-4,14,1,7,-3,3,0,2,-2,2,-7,0,-4,5,-5,-4,-1,1]]
3438735	r	2082	[[-1125,-547,7,0,3,-2,3,2,1,4,-4,2,-4,1,-4,-3]]
3439320	r	1810	[[-1145,-513,4,1,3,2,0,4,-2,3,-5,-1]]
3439317	r	2485	[[-1125,-512,3,-2,4,0,3,3,0,4,-4,3,-4,-1,-1,0]]
3438819	n	1674	[[-1134,-509,1,-3,8,0,1,5,-3,2,-3,0]]
3438834	r	46154	[[-1183,-475,3,-8,24,-2,0,9,-13,-2,-12,4],[-1178,-465,14,-2,7,3,2,3,2,-1,3,-4,1,-6,4,-3,-1,-3,2,-2,-2,-3,2,-2,12,-1,13,6,-8,13,4,6,-3,7,-6,-4,-3,7,3,4,-8,3,-12,0,0,2,-7,0,-1,1,1,4,-6,-2]]
3436714	n	1743	[[-1134,-515,2,-3,3,-2,4,2,1,3,-1,3,-8,0]]
3437526	r	1575	[[-1170,-541,4,-1,4,1,2,3,-2,4,-3,1,-1,-4,-4,-2]]
3439297	r	6670	[[-1138,-524,6,-8,5,-2,7,3,3,7,-3,6,-17,-3]]
3867291	r	138416	[[-1247,-447,0,-2,2,-2,5,-9,10,-8,8,-4,2,-4,13,-4,6,0,10,-6,4,3,4,9,-1,2,2,1,-2,2,-4,1,0,5,3,2,1,-3,4,1,2,-2,19,38,-11,13,-13,7,-15,4,-15,-2,-14,-6,-11,-9,-7,-13]]
3437063	r	2283	[[-1148,-533,1,-4,4,-1,4,1,2,4,-2,3,-4,1,-4,-1]]
290030	r	2762	[[1022,497,0,-8,4,1,0,2,-2,1,3,-1,6,9,-1,5,-3,1,2,-3,-3,0,1,-1,-2,-1,-3,0,0,-2,-2,0]]
289888	r	4829	[[1015,508,2,-12,-1,-1,3,-4,3,-2,0,11,2,0,0,2,4,0,0,2,3,1,-6,4,-8,2,0,-2,-1,2]]
13512674	n	707	[[1025,512,0,-3,5,-1,-1,2,2,2,-6,2]]
289962	n	739	[[1025,514,6,-1,0,5,-4,-1]]
935264	r	321	[[1107,-418,2,-4,2,5]]
935221	r	424	[[1104,-421,2,-2,3,1,-2,4]]
935214	r	106	[[1108,-426,4,-1,-1,0,1,2]]
935582	r	836	[[1109,-422,0,-4,3,1,-1,-2,5,0,1,3]]
935268	r	682	[[1110,-422,7,-2,0,1,-5,6]]
935223	r	250	[[1106,-424,1,-1,2,-1,0,4]]
683506	r	3959	[[513,889,2,-5,11,-2,4,3,2,4,-2,3,-3,2,-12,-1]]
675810	r	2564	[[543,944,6,-7,9,2,2,2,-4,2,-5,7,-6,-2]]
680963	r	1749	[[565,884,2,-4,5,-2,1,8,2,3,-7,-1]]
681290	r	3822	[[463,935,2,-4,7,-2,7,2,2,4,-2,5,-7,2,-9,-4]]
683844	r	3861	[[501,913,4,-6,8,-2,6,2,4,5,-18,7]]
665087	r	3710	[[415,915,3,-5,7,-2,5,1,3,3,1,3,-1,4,-15,1]]
680332	r	3187	[[468,886,1,-3,5,-2,5,0,4,2,-3,9,-2,0,-7,-1]]
677697	r	2106	[[551,909,17,-3,-6,6,1,1,-1,4,-7,-2]]
665004	r	2891	[[483,931,0,-2,12,-3,3,2,2,3,-3,4,-6,2,-6,-2]]
671768	r	3102	[[431,937,6,-2,6,0,4,3,1,5,-4,3,-5,1]]
670474	r	2999	[[514,903,2,-9,9,0,4,3,-1,4,-3,3,-6,1]]
686254	r	4209	[[415,924,1,-4,19,-2,3,6,-3,5,-9,3,-3,-6,-7,-1]]
683902	r	2046	[[552,905,2,-3,5,-2,6,2,2,3,-14,4]]
670609	r	2730	[[489,896,2,-2,4,-3,6,1,3,2,-2,8,-2,1,-4,0]]
685948	r	2826	[[530,931,2,-4,6,-2,5,2,4,3,-2,5,-12,0]]
667268	r	4649	[[471,912,6,-4,16,2,3,7,-16,4]]
667873	r	2607	[[447,955,6,-5,10,1,3,8,-4,3,-9,-7]]
685826	r	4980	[[463,951,12,-6,8,5,1,4,-3,5,-14,1]]
683123	r	3646	[[528,903,2,-4,7,-2,6,2,2,4,-2,4,-6,2,-7,-2]]
670889	r	3195	[[518,938,4,-5,8,0,3,2,0,8,-10,1,-4,-2]]
668872	r	3719	[[478,902,3,-5,7,-2,8,8,-3,5,-7,1,-6,-3]]
684039	r	2585	[[527,958,5,-9,6,1,4,4,-1,4,-4,2,-6,1]]
665850	r	3105	[[516,953,1,-4,5,-2,5,-1,5,3,-6,10,-7,-2]]
668954	r	5390	[[427,906,3,-5,8,-3,7,3,4,5,-4,5,-7,3,-3,-1,-8,-5]]
678817	r	4083	[[442,893,1,-3,6,5,5,-3,1,-1,-3,0,-2,-1,4,-5,7,3,3,5,-11,7,-8,-2]]
684657	r	4135	[[480,943,2,-4,4,-3,9,1,4,3,1,3,-3,4,-7,2,-7,-2]]
665010	r	3566	[[457,901,3,-4,6,-2,6,2,2,4,-2,4,-6,2,-6,-2]]
675918	r	2639	[[449,915,2,-5,7,-2,7,2,2,5,0,1,-9,0,-9,0]]
668732	r	2424	[[533,935,12,0,2,4,-4,4,-7,1,-3,-2]]
684802	r	2572	[[546,925,2,-4,5,-2,6,2,2,4,-2,3,-10,1]]
679452	r	2270	[[449,918,0,-2,18,0,-4,7,-4,1,-7,-2]]
665024	r	2779	[[502,902,2,-9,6,-1,5,2,-1,9,-6,1]]
678015	r	3234	[[535,914,3,-4,6,-2,5,2,3,4,-3,4,-5,2,-6,-2]]
664518	r	3091	[[567,901,5,-4,7,0,-1,2,3,1,1,-1,-1,-2,2,1,2,3,1,4,-2,3,-5,-2,-3,0,0,-1,-8,1]]
686578	r	3340	[[463,923,4,-7,3,-1,4,0,6,6,-2,5,-5,2,-6,-1]]
666767	r	2795	[[480,891,3,-7,2,-1,7,1,3,4,-1,4,-5,2,-5,0]]
663118	r	3005	[[546,934,2,-5,12,-1,3,4,-2,4,-4,2,-7,0]]
677106	r	1510	[[512,876,1,-2,3,1,6,5,4,1,-3,2,-7,0,-2,-1]]
673634	r	2865	[[478,926,2,-5,12,-3,4,5,0,2,-14,4]]
662334	r	3874	[[451,944,3,-5,7,-2,9,5,1,2,-1,3,-8,3,-7,-1]]
667303	n	1634	[[509,917,10,-4,3,4,-2,4,-4,1,-5,-1]]
8581467	r	5820	[[536,891,3,-5,8,-3,8,3,3,5,-3,6,-8,2,-9,-4]]
686502	r	3702	[[497,880,4,-5,8,-2,3,1,2,9,-4,3,-6,0,-5,-2]]
673441	r	4236	[[506,927,2,-5,15,0,3,5,-3,5,-7,2,-7,-2]]
792680	r	4271	[[401,899,1,-7,8,-5,3,7,9,6,-6,4,-12,-2]]
787657	r	2502	[[430,867,2,-4,13,1,1,3,-3,4,-5,1,-4,0]]
3194360	r	2958	[[388,905,3,-4,9,-2,4,3,-5,9,-7,-1]]
789128	r	2740	[[411,883,2,-4,8,-4,6,4,-1,4,-5,3,-6,0]]
792078	r	1972	[[402,881,0,-8,3,-1,2,0,6,7,-2,3,-2,1,-4,0]]
3189595	r	4308	[[380,919,2,-4,5,-2,12,1,9,5,-4,4,-11,1,-8,-4,-3,0]]
788709	r	2242	[[432,860,3,-4,7,-1,4,5,-2,4,-11,-1]]
787595	r	1809	[[403,863,2,-4,5,-1,-1,1,4,3,-1,2,4,1,-3,3,-5,0,-3,-2]]
789107	r	1955	[[407,872,3,-2,6,-1,3,2,2,4,-8,4]]
783814	r	3743	[[399,912,5,-10,13,2,1,2,0,2,-3,2,0,3,-3,1,-6,1]]
788975	r	2497	[[420,872,2,-4,5,-2,4,2,3,4,-2,3,-5,2,-5,-2]]
3188434	r	4530	[[384,871,5,-4,6,-1,8,4,-1,11,-12,1,2,-1,-1,-1,-6,0,5,-7,0,-2,-3,1]]
785756	r	2625	[[411,890,4,-2,6,0,5,2,1,4,-2,3,-4,2,-8,-5]]
3188402	r	2530	[[391,885,2,-3,9,-1,3,2,0,2,-2,4,-5,2,-5,-2]]
784227	r	3617	[[428,855,7,-2,-3,-5,-2,-1,2,-2,13,2,3,-1,3,3,-2,2,1,4,-22,1]]
3191376	r	2915	[[386,894,2,-3,4,-2,8,2,2,3,-3,5,-7,2,-5,-3]]
524901	r	8506	[[734,1119,3,-3,-1,-3,7,-4,-7,1,1,-2,4,-2,-2,-1,2,-2,7,3,11,-2,4,0,-2,4,3,3,1,3,-1,3,4,5,-12,2,-10,0]]
498817	r	6463	[[589,1195,5,-2,8,2,10,-7,9,3,3,4,-2,3,-5,3,5,2,-3,2,-6,2,-6,-3,-3,3,-6,1,-6,-1,-3,-3,8,-1,2,-2,6,-1,-1,-2,-15,2]]
1496747	r	7573	[[1642,1100,4,-5,5,1,1,-4,5,-2,14,8,-2,2,6,1,-5,6,-11,3,-12,-3,-4,-3]]
1486209	r	3366	[[1200,1136,18,-6,5,0,1,2,-5,10,-5,2,-5,0,-4,-3,1,-6]]
520555	r	6461	[[861,1130,14,-4,0,-6,5,-2,9,0,5,4,-3,5,3,1,0,2,-8,4,-17,2,-6,-2]]
551487	r	5020	[[975,1109,7,-1,9,1,5,4,1,4,-7,6,-12,1]]
1508291	r	7922	[[1215,1106,2,-8,12,-4,13,2,3,2,2,4,-1,4,-3,3,-12,3,-4,0]]
1496153	r	17125	[[1444,1100,2,-5,5,-5,8,-3,8,-1,9,1,8,3,5,5,2,5,-2,5,-5,4,-8,3,-9,1,-8,-1,-8,-3,-5,-4]]
499099	r	5763	[[992,1064,12,-8,4,3,7,-5,4,3,-8,18,-6,0,-5,-4,-5,-1,5,0,-4,-4]]
501175	r	4613	[[780,940,6,-4,11,0,6,3,2,4,-13,7,-4,1,-3,-6,0,-3,3,0,-2,-2]]
479561	r	8510	[[1103,1095,1,-4,4,-3,11,-3,12,3,3,3,2,4,-2,3,-3,3,-12,3,-11,-3,-4,-3]]
1502026	r	5144	[[1844,1121,3,-5,8,-3,9,0,7,4,-13,12,-10,-2]]
472045	r	9243	[[765,1036,4,-5,13,-5,19,3,2,4,-1,4,-4,4,-18,3,-11,-3]]
472757	r	10372	[[874,974,1,-4,4,-3,12,-3,9,2,-2,2,7,3,2,5,-2,4,-4,2,-7,1,-6,-2,-3,3,-8,-3]]
511196	r	7795	[[1104,1162,2,-4,8,-3,4,1,2,4,-4,-8,6,-1,2,0,17,7,-2,8,-11,3,-4,1,-2,-4,-6,2,-7,-1,-4,-2]]
542420	r	4741	[[769,901,3,-5,8,-2,5,1,5,6,-4,6,-13,0]]
498677	r	5674	[[908,1031,3,-6,10,-2,7,1,5,5,-1,4,-4,2,1,0,-8,3,-9,-2]]
1488754	r	6011	[[1296,1143,4,-6,11,-2,10,2,4,6,-4,6,-10,2,-11,-2]]
482283	r	5384	[[971,1073,9,-7,3,1,2,-2,5,-2,8,4,-1,2,-2,1,2,0,-2,2,7,3,-23,4,-5,-2]]
554840	r	4460	[[1050,1137,3,-5,10,-3,10,6,0,2,-5,8,-4,0,-10,-2]]
1510853	r	6233	[[1661,1067,4,-6,10,-2,7,1,-1,2,5,2,3,4,-1,3,-4,2,-5,1,-6,-1,-1,2,-8,-3]]
479123	r	6784	[[953,1087,2,-4,4,-3,12,-2,8,3,2,9,-6,4,-10,1,-9,-3]]
2023469	r	4743	[[2073,1044,6,-5,8,-1,9,3,3,6,-2,3,-6,3]]
2022890	r	5206	[[2691,969,4,-2,-1,-3,8,-2,8,2,3,5,-3,6,-8,2,-8,-2]]
468902	r	5106	[[783,1153,3,-5,8,-3,9,1,7,3,-4,9,-5,2,-11,-1]]
2013348	r	2923	[[2623,861,4,-6,2,2,-1,2,3,1,5,7,-9,3],[2635,860,3,0,-1,1],[2637,862,2,-1,6,4,-3,-1,2,1,-3,1],[2646,858,3,3,-3,1]]
532096	r	2330	[[941,862,7,-5,1,-5,7,0,-1,1,-1,4,-5,4,1,3,2,2,-2,0,0,2,-5,-1]]
1489425	r	4252	[[1688,1128,5,-4,9,-1,8,3,2,4,-2,4,-4,-1,-4,3,-6,0,-5,-2,-1,-2,2,-3]]
515003	n	1960	[[1095,1035,2,-3,5,-1,5,1,2,3,-2,4,-5,1,-5,-1]]
1503901	r	4765	[[1707,1107,2,-4,5,-3,17,0,4,3,2,4,-25,6]]
1496990	r	4203	[[1732,1070,8,-3,11,1,2,13,-7,3]]
500096	r	6725	[[779,1093,5,-6,10,-3,10,3,5,6,-5,6,-10,2,-4,0]]
580497	r	5267	[[950,927,3,-5,8,-2,7,2,3,5,-3,5,-7,2,-8,-2]]
511565	r	5045	[[888,1064,3,-5,9,-2,2,0,0,1,8,2,3,4,-3,4,-8,2,0,1,-2,0,-9,-2]]
523750	r	3619	[[1044,1114,1,-6,5,-1,9,3,3,5,-6,6,-9,1]]
535121	r	5641	[[780,1047,7,-3,7,0,7,2,3,5,-8,8,-8,1,-7,-3]]
548408	r	7910	[[977,1172,1,-3,4,-3,12,-2,6,16,-8,0,-8,-1,-5,-3],[994,1165,8,-1,7,1,4,3,1,4,-5,5,-9,1]]
569696	r	4673	[[933,1123,4,-5,8,-2,11,1,4,5,-4,5,-11,2,-8,-2]]
480562	r	4015	[[742,1080,4,-4,9,0,1,1,1,4,6,6,-9,4,-12,-7,2,0]]
554234	r	4281	[[398,1093,4,-5,15,0,4,3,2,3,-2,4,-10,1,2,2,-5,-2,-7,0]]
538560	r	4849	[[712,1035,4,-5,8,-3,8,3,3,5,-3,5,-8,2,-8,-2]]
487846	r	3843	[[831,903,0,-6,16,-1,2,4,-1,5,-5,3,-6,0,-4,-5]]
571476	r	4936	[[674,1065,4,-5,8,-2,9,2,3,5,-3,5,-9,3,-8,-3]]
480060	r	4339	[[706,1137,3,-5,9,-2,9,2,3,5,-3,5,-9,2,-9,-2]]
532288	r	5383	[[1167,1068,5,-6,9,-2,9,3,3,5,-4,5,-9,3,-11,-4]]
555312	r	3025	[[808,1140,3,-4,8,-2,10,10,-6,2,-7,0,-6,-2]]
520494	r	4596	[[1186,1158,4,-4,7,-2,11,1,4,5,-3,5,-10,2,-9,-2]]
2014407	r	7847	[[2137,1037,5,-7,10,-2,10,2,5,7,-5,6,-10,3,-10,-3]]
473247	r	4615	[[795,1123,1,-4,6,-3,19,4,-7,10,-3,0,-11,-1,-4,-3]]
581049	r	5449	[[803,1283,11,-1,10,2,6,4,2,4,-4,4,-5,3,-17,1,4,-5,-2,0,1,-4,-5,0],[804,1292,5,-1,-5,3],[804,1294,4,-1,-1,2,-3,1]]
2025339	r	7787	[[2255,1041,5,-7,10,-2,10,2,4,7,-4,6,-10,3,-10,-3]]
578072	r	4226	[[721,1012,3,-5,8,-2,7,2,3,5,-3,5,-7,2,-8,-2]]
553915	r	4719	[[712,1091,1,-4,5,-3,13,-1,2,1,1,11,-14,3,-6,-3]]
491687	r	4765	[[628,1096,3,-5,8,-3,9,1,6,5,-12,9,-10,-2]]
491422	r	4253	[[783,880,17,-12,3,3,-1,1,14,6,-6,3,-11,1,-11,-5]]
498698	r	4127	[[892,1084,4,-5,7,-2,8,2,4,5,-4,4,-8,2,-7,-2]]
569223	r	4689	[[744,1183,4,-5,10,-2,10,2,4,5,-4,5,-10,2,-10,-2]]
472459	r	3613	[[786,1184,3,-4,9,-2,8,2,4,4,-4,5,-8,2,-9,-2]]
1501321	r	6623	[[1292,1109,5,-6,10,-2,10,2,4,6,-4,6,-10,2,-10,-2]]
473249	r	2507	[[885,861,3,-5,5,-1,6,1,3,5,-16,3]]
515012	r	4177	[[711,1059,3,-4,8,-2,7,2,3,4,-3,5,-7,2,-8,-2]]
1490624	r	5625	[[1456,1231,8,-14,14,1,5,2,3,4,-2,5,-8,4,-10,1]]
558418	r	5445	[[907,859,8,-1,7,2,2,11,-7,3,-9,0]]
524305	r	4427	[[643,1379,2,-3,5,-2,14,-1,7,1,-2,2,10,2,4,3,-3,4,-8,2,-1,-3,-2,-2,-7,0,-2,-2,1,2,10,2,-5,1,4,0,-5,0,4,2,-3,0,-16,-3,-5,-2]]
484646	r	4521	[[818,1053,4,-4,8,-1,8,3,2,4,-4,5,-9,2,-6,-2]]
509820	r	5329	[[671,1236,5,-6,11,-2,11,2,5,6,-5,5,-11,2,-11,-2]]
484907	r	1971	[[769,945,0,-2,7,3,-5,-2,-1,-1,1,-1,11,4,3,-1,1,3,-4,2,-6,1,-5,-2]]
543878	r	4357	[[807,1158,2,-7,7,-2,10,1,5,5,-2,5,-8,2,-9,-1]]
2021851	r	6229	[[2728,1011,3,-6,9,-2,9,2,4,6,-4,6,-9,2,-9,-2]]
466806	r	4489	[[945,1133,1,-3,14,-4,7,2,3,5,-3,5,-9,2,-9,-2]]
487495	r	2701	[[1108,1073,1,-2,7,-1,14,3,-3,4,-8,2,-8,-2]]
2051523	r	9356	[[2015,1123,1,-4,4,-3,12,-3,13,3,3,3,2,4,-2,3,-3,4,-13,2,-12,-2,-4,-4]]
514734	r	5609	[[1159,1024,1,-2,3,-1,3,2,5,-2,0,-4,3,-1,7,3,3,6,-1,3,-3,3,-11,3,-5,-1,2,-4,-5,-2]]
485239	r	5636	[[1001,1232,7,-5,10,-1,10,2,4,5,-3,5,-3,-1,-4,4,-9,1,-9,-3,-1,-3,2,-3]]
1497543	r	8454	[[1512,1219,1,-4,4,-3,14,-3,14,3,4,3,1,4,-1,3,-4,3,-14,3,-14,-3,-4,-3]]
2027667	r	2540	[[2067,1049,7,-4,16,7,-6,5]]
518255	r	844	[[749,894,6,-1,1,2,2,-2,3,2,-8,3]]
523523	r	3175	[[864,870,2,-4,6,-2,6,2,3,4,-11,6,-4,-2]]
2013159	r	13580	[[2569,1241,2,-5,6,-4,17,-3,18,3,6,4,2,5,-2,4,-6,4,-18,3,-17,-3,-6,-4]]
521118	r	4552	[[1023,1113,2,-4,5,-2,13,0,2,1,-1,6,1,6,-7,1,-6,-3,-2,1,-5,-3]]
563708	r	2065	[[855,1127,19,-9,2,5,-2,4,-16,3]]
487928	r	5406	[[740,1026,1,-4,4,-2,13,-1,2,1,7,8,-7,4,-11,0,-6,-2]]
2026609	r	4519	[[2546,1014,1,-2,-1,-3,1,0,0,-2,5,-2,-2,-5,0,-3,8,1,6,4,1,5,-4,4,-7,3]]
519336	r	5285	[[611,1170,4,-5,10,-2,10,2,5,5,-5,6,-10,2,-10,-2]]
496015	r	3861	[[788,955,1,-3,3,-2,8,2,13,-2,2,4,-1,4,-4,2,-7,-2,-7,0,-1,-2,-7,0]]
1494114	r	3069	[[1722,1076,4,-4,6,-2,12,12,-3,-1,-4,3,-7,0,-4,-3,1,-4]]
500004	r	4471	[[764,1161,4,-5,9,-2,9,2,4,5,-4,5,-9,2,-9,-2]]
1510018	n	1961	[[1697,1051,2,-4,5,-1,5,1,2,4,-2,3,-5,1,-5,-1]]
504341	r	3806	[[555,1156,3,-4,9,-2,8,2,3,4,-3,5,-8,2,-9,-2]]
579492	r	2920	[[951,1035,6,-1,6,2,3,3,0,4,-5,3,-9,0]]
580922	r	3024	[[814,900,1,-2,9,-4,5,2,2,4,-3,4,-6,2,-5,-2]]
2119441	r	4265	[[2844,939,2,-4,3,-2,5,2,3,-3,6,3,-1,1,1,1,-1,1,-2,7,-2,1,-10,-1]]
496285	r	2066	[[781,1291,2,-3,6,-2,15,-1,0,6,-6,2,-3,-2,-4,0,-9,2],[796,1294,8,-2,0,2],[801,1295,3,-1,0,2]]
462444	r	3264	[[1182,1103,3,-4,8,-2,9,11,-6,2,-7,0,-5,-3]]
484972	r	6036	[[956,1063,4,-6,9,-2,9,2,4,5,-9,9,-3,0,-10,-2]]
1512236	r	5068	[[1818,1072,5,-4,7,-1,0,2,11,1,3,4,-5,5,-4,1,-2,-2,-3,3,-5,0,-6,-3,0,-2,2,-3]]
1504826	n	1960	[[1230,1128,3,-3,6,-1,5,1,3,3,-3,3,-5,2,-6,-2]]
2122104	r	5368	[[3158,1061,4,-6,8,-3,2,2,-2,2,3,2,-4,0,0,3,3,0,2,-3,6,4,7,1,-6,6,-10,1,-9,-3]]
577206	r	4390	[[1121,1188,1,-3,3,-2,11,-3,12,3,3,2,1,3,-2,4,-17,-1]]
472761	r	6800	[[831,950,3,-6,9,-2,9,2,3,6,-3,6,-9,3,-9,-3]]
1498894	r	3685	[[1193,1096,7,-2,8,1,5,3,1,4,-4,4,-8,2]]
518970	r	2376	[[792,950,15,-8,3,2,2,4,0,2,-12,2]]
523064	r	1498	[[887,865,15,-4,-8,9,-5,-2]]
1493467	r	3432	[[1615,1030,2,-4,7,-2,7,2,3,4,-3,5,-7,1,-7,-1]]
499292	n	2052	[[1111,1068,3,-4,8,0,5,2,1,3,-2,3,-14,-1]]
2014006	n	1961	[[2633,876,2,-3,4,-2,5,2,1,3,-1,3,-5,2,-4,-2]]
543460	r	3273	[[816,1127,3,-4,7,-2,8,2,3,4,-4,5,-12,0,-4,-2]]
546230	r	2216	[[766,1103,5,-7,3,-1,8,2,4,4,0,1,-7,2]]
2019528	r	3537	[[2647,858,3,0,2,-1,3,1,1,-3,4,2,1,-3,9,2,-3,6,-7,3,-11,-4],[2648,857,2,-1,-1,2]]
563523	r	1165	[[764,1115,8,-4,5,1,-2,8,-4,-3,-7,-1]]
503550	r	1024	[[859,878,4,-3,5,3,-3,4,-6,1]]
528293	r	2216	[[794,891,2,-3,4,-1,5,0,4,2,-1,7,-2,1]]
1497337	r	5115	[[1742,1387,2,-3,6,-3,18,-2,12,3,-14,6,6,-3,7,2,3,3,-6,4,-12,0,-7,-1,9,-5,-11,6,-9,-3]]
582432	r	3034	[[1036,1098,3,-4,16,2,2,2,-3,4,-8,2,-7,-2]]
522377	n	1890	[[832,893,2,-3,3,-2,6,1,2,4,-3,3,-6,1]]
510808	r	2988	[[1186,1138,2,-1,1,-4,5,-2,12,2,-6,3,6,-1,-1,6,-15,2]]
548114	r	2205	[[846,878,2,-4,5,-2,5,1,4,3,-13,6]]
566199	r	4040	[[981,1084,4,-4,7,-2,8,2,3,4,-3,5,-8,2,-7,-2]]
518557	r	4310	[[756,1075,5,-1,10,0,6,3,1,5,-5,4,-10,1,-6,-6]]
553287	r	4030	[[898,1002,3,-5,7,-2,7,2,3,5,-3,4,-7,2,-7,-2]]
496527	n	1513	[[741,1098,2,-3,7,-1,5,2,0,4,-13,1]]
524294	r	2454	[[830,1111,4,-4,16,4,-3,4,-7,2,-7,-2]]
550478	r	2880	[[924,865,3,-4,5,-1,5,1,2,4,-2,4,-5,1,-5,-1]]
522942	r	2780	[[1075,1122,3,-4,7,-2,7,2,3,4,-3,4,-7,1,-9,-3]]
569154	r	2815	[[833,884,2,-4,6,-1,5,1,3,4,-4,5,-10,-1]]
515024	r	1941	[[775,1120,2,-8,9,0,3,3,0,4,-4,2,-7,1]]
1512165	r	2926	[[1799,1125,0,-1,20,-2,2,3,-3,5,-8,2,-8,-2]]
1500973	r	5737	[[1876,1034,4,-5,9,-3,9,3,3,5,-3,6,-9,2,-9,-2]]
520068	n	724	[[764,1117,7,0,4,3,-8,2]]
467978	r	3385	[[760,1052,3,-4,7,-2,7,2,3,4,-3,4,-7,2,-7,-2]]
1489530	r	6199	[[1350,1164,4,-6,11,-2,11,2,4,6,-4,6,-11,2,-11,-2]]
1497917	r	4189	[[1437,1222,3,-4,7,-3,10,0,7,3,-7,11,-13,-1,-5,-3]]
1496503	r	30403	[[1465,1267,60,-22,10,3,10,5,5,4,3,7,-3,6,-8,7,-14,5,-16,2,-15,-1,-15,-3,-11,-6]]
580724	r	2907	[[867,1108,3,-4,7,-2,7,2,2,4,-2,4,-7,2,-7,-2]]
496638	r	1797	[[756,1124,14,-1,-4,9,-2,0,-7,-1]]
1500665	n	1637	[[1716,1093,3,-3,12,2,0,1,-2,3,-6,2,-5,-2]]
515879	r	2021	[[1061,1085,10,-2,7,4,-13,8]]
516436	r	2376	[[722,1102,3,-4,7,-1,7,1,2,3,-2,3,-14,2]]
563514	r	3325	[[877,926,2,-4,6,-2,6,2,3,4,-3,4,-6,2,-6,-2]]
566532	r	1887	[[958,841,1,-3,4,-2,4,-1,4,2,-3,2,-6,8,-3,-3]]
476077	r	2968	[[601,1127,3,-4,7,-2,7,2,3,4,-3,4,-7,1,-7,-1]]
2027456	n	1469	[[2638,867,1,-2,2,2,-1,-2,4,0,-2,-1,4,2,2,-2,-1,-1,3,4,-2,3,-4,2,-5,-2]]
479411	r	3466	[[1060,1271,4,-4,10,-2,9,2,4,4,-4,5,-9,1,-10,-1]]
1504682	r	3780	[[1903,1124,3,-4,8,-2,8,2,4,4,-4,4,-8,2,-8,-2]]
1503772	r	6658	[[1364,1220,1,-3,4,-3,12,-2,12,2,3,3,2,3,-2,3,-3,3,-12,2,-12,-2,-4,-3]]
1498920	r	5199	[[1751,1069,7,-3,8,1,6,3,2,5,-2,3,-4,2,-12,1,-3,-1]]
491023	r	3286	[[1121,1193,3,-3,24,2,0,1,-4,5,-9,2,-10,-2]]
561347	r	3368	[[1042,1163,3,-4,8,-2,8,2,3,4,-3,4,-8,2,-8,-2]]
2013952	n	1960	[[2045,1160,2,-3,6,-2,6,2,3,3,-3,3,-6,2,-6,-2]]
463835	r	1497	[[966,1112,9,0,3,9,-6,2]]
498687	r	2455	[[1066,1130,3,-5,7,-1,10,4,0,2,-13,5]]
471430	r	3020	[[1068,1144,5,-7,19,4,-2,4,-7,3,-9,-1]]
1492663	n	1650	[[1204,1190,4,-2,6,0,5,1,2,3,-4,3,-5,2]]
579460	r	3018	[[854,1031,3,-4,6,-2,7,2,2,4,-2,4,-7,2,-6,-2]]
463343	r	4735	[[696,1047,3,-5,8,-2,8,2,4,5,-4,5,-8,2,-8,-2]]
502965	r	799	[[761,1108,2,-3,9,6,-7,3]]
1496511	r	33348	[[1487,1322,3,-8,10,-6,15,-4,18,-1,17,1,15,4,10,6,3,8,-3,7,-10,6,-15,4,-17,1,-18,-1,-15,-4,-10,-6]]
1538636	n	1801	[[1193,1145,2,-3,10,-1,5,4,-2,3,-6,2,-6,-2]]
1538635	r	3423	[[1860,1127,9,-8,10,1,3,6,-3,4,-7,1,-7,0]]
527191	r	3768	[[799,1058,3,-4,8,-2,7,2,3,4,-3,5,-7,1,-8,-1]]
548605	r	3307	[[832,1149,3,-4,8,-2,7,2,3,4,-3,4,-7,2,-8,-2]]
2123628	r	3155	[[3001,1194,11,-3,3,0,-5,-1,6,-1,3,0,-1,2,3,1,7,0,2,-2,2,1,-3,5,-10,3,-11,-1]]
571170	r	1933	[[1050,1086,6,-1,6,1,2,8,-9,2]]
537737	r	3014	[[923,1062,2,-4,7,-1,7,1,2,4,-2,4,-7,2,-7,-2]]
561887	r	1772	[[592,1192,2,-3,5,-3,7,0,6,2,-10,7]]
498525	r	4870	[[853,1099,4,-5,9,-2,9,2,4,5,0,2,-15,5,-7,-2]]
466885	r	1627	[[758,933,3,-4,6,-1,5,2,2,4,-2,3,-3,0,-1,-3,1,1,3,-2,-6,1,0,1]]
570427	r	4395	[[1034,1056,3,-5,8,-2,8,2,3,5,-3,4,-8,2,-8,-2]]
569742	r	2158	[[1073,1135,13,-5,5,2,2,3,-3,4,-17,-2]]
2014022	r	2616	[[2063,1055,1,-3,4,-2,15,7,-5,3,-6,1,-9,-4]]
7496732	n	1755	[[1052,1077,5,-7,6,1,3,3,-1,3,-4,2]]
468250	r	1756	[[775,1111,4,-7,5,-1,6,4,-1,3,-4,2]]
1485724	r	3530	[[1687,1114,3,-4,8,-2,7,2,3,4,-3,5,-7,1,-8,-1]]
1511494	n	1952	[[1712,1122,3,-4,5,-1,6,1,2,4,-2,3,-6,1,-5,-1]]
1489246	r	2684	[[1221,1082,3,-4,0,2,3,1,5,-2,4,1,4,-1,2,3,-3,4,-8,2,-7,-2]]
1538634	r	2423	[[1204,1115,3,-4,7,-1,7,1,3,4,-2,3,-15,1]]
466990	r	1016	[[849,882,10,-4,0,5,-5,3]]
547523	r	2063	[[725,1127,1,-4,4,-1,12,7,-10,3,-5,-2]]
1486910	r	3470	[[1266,1350,4,-4,11,-2,11,2,5,4,-5,4,-11,2,-11,-2]]
540761	r	3069	[[803,909,3,-4,5,-2,6,2,2,4,-2,4,-6,2,-6,-3]]
1492517	r	3629	[[1262,1122,3,-5,8,-1,8,1,3,5,-3,4,-8,2,-8,-2]]
470546	r	3288	[[562,1214,2,-3,9,4,1,-6,-5,2,3,-3,3,0,9,2,4,4,-4,5,-9,2]]
471656	r	1282	[[763,1105,3,-2,13,1,-4,7]]
526480	r	1532	[[855,885,10,-3,3,6,-7,2]]
553399	r	3749	[[802,964,8,-4,4,0,3,4,1,4,-5,5,-9,2]]
1510469	n	1638	[[1718,1088,3,-3,5,-1,5,1,3,3,-3,4,-12,-2]]
569591	r	1179	[[741,1103,0,-2,14,-1,4,3,-11,3]]
1511330	n	1960	[[1221,1140,2,-3,6,-1,6,1,2,3,-2,3,-6,2,-6,-2]]
2026643	r	4724	[[2648,976,3,-5,7,-2,8,2,3,5,-3,5,-8,2,-7,-2]]
561627	r	2009	[[865,882,3,-4,2,0,5,2,2,3,-3,4,-6,1]]
523426	r	1626	[[725,1108,1,-2,13,-2,2,2,-4,2,-1,2,7,-1,-6,4,-4,0,-5,-2]]
515083	r	1886	[[895,869,7,-8,5,3,0,4,-3,3,-5,0]]
1488253	n	1960	[[1884,1122,2,-3,6,-1,5,1,3,3,-3,3,-5,2,-6,-2]]
472278	r	3294	[[937,1041,1,-3,3,-3,10,-1,1,13,-11,-1,-3,-2]]
577881	r	3108	[[1158,1079,3,-4,7,-1,7,1,3,4,-3,4,-7,2,-7,-2]]
569955	r	4458	[[980,1056,5,-4,7,-2,8,1,7,3,-15,10,-10,-2]]
480089	n	1488	[[1067,1094,10,-6,5,4,-1,3,-5,2,-5,-1]]
532675	r	4066	[[1141,1162,4,-6,11,-2,11,2,5,6,-1,2,-30,0]]
572525	r	3042	[[833,1027,3,-4,6,-1,6,1,3,4,-3,4,-6,2,-6,-2]]
490172	n	950	[[574,1196,4,-2,7,0,4,1,0,5,-7,0,-2,-1,1,-1,-1,-1]]
571306	r	3893	[[874,896,3,-5,6,-2,7,2,2,5,-2,4,-7,2,-6,-2]]
2026895	r	4375	[[2559,1018,3,-5,8,-2,8,2,3,5,-2,4,-5,3,-14,-4]]
1505453	n	1960	[[1382,1122,2,-3,6,-1,5,1,3,3,-3,3,-5,2,-6,-2]]
582750	r	2767	[[733,1087,9,-3,10,7,-1,2,-14,3,-3,-2]]
539147	r	3938	[[1128,1148,3,-4,8,-2,9,2,3,4,-3,5,-9,2,-8,-2]]
547475	r	2996	[[636,1055,2,-4,7,-1,6,1,3,4,-3,4,-6,2,-7,-2]]
2019309	r	4325	[[2482,1133,4,-5,8,-2,9,2,4,5,-4,5,-9,2,-8,-2]]
536162	r	1634	[[1040,1092,3,-4,7,-1,5,9,-15,-2]]
558082	r	1091	[[795,960,1,-2,7,0,5,2,0,1,-10,3,-1,-3]]
1500607	r	5256	[[1836,1165,4,-6,10,-2,9,2,5,6,-5,5,-9,2,-10,-2]]
1494573	n	1896	[[1196,1129,2,-3,6,-2,6,2,2,3,-2,3,-5,1,-8,-2]]
527717	n	1498	[[1111,1059,12,-3,3,3,-4,5,-8,-1]]
539283	r	3828	[[1103,1055,4,-5,8,-2,9,2,4,5,-22,5]]
492094	r	2511	[[755,905,0,-2,13,-2,2,4,-2,4,-6,2,-5,-2]]
483029	r	2795	[[795,917,2,-4,5,-1,6,1,2,4,-2,4,-6,1,-5,-1]]
501215	n	1960	[[763,1022,2,-3,5,-1,5,1,2,3,-2,4,-5,1,-5,-1]]
480716	r	1644	[[775,885,12,-7,-4,2,4,-2,2,3,0,3,-4,3,-5,0]]
583350	n	1797	[[767,1130,3,-6,2,0,7,0,3,4,-1,3,-4,1,-6,0]]
827329	r	2640	[[852,1119,3,-4,7,-1,7,1,3,4,-13,6,-5,-2]]
1506271	r	3992	[[1708,1039,3,-4,7,-2,8,2,3,4,-3,5,-8,2,-7,-2]]
557775	r	2830	[[803,1112,3,-4,7,-1,7,1,3,4,-3,4,-7,2,-7,-2]]
570479	r	2342	[[935,856,2,-3,4,-2,4,0,4,3,-1,3,-6,5,-5,-2]]
1502061	n	1644	[[1195,1195,3,-3,6,-1,8,6,-4,2,-6,1,-5,-2]]
578120	r	3068	[[1073,1082,3,-4,6,-1,7,1,3,4,-3,4,-7,2,-4,-1,-4,-2]]
499717	r	3320	[[676,1125,3,-4,8,-2,7,2,3,4,-3,4,-7,2,-8,-2]]
567990	r	3005	[[1003,1107,3,-4,7,-1,7,1,3,4,-3,4,-7,2,-7,-2]]
483019	r	2927	[[660,1193,3,-4,8,-2,7,2,3,4,-3,4,-7,1,-8,-1]]
501231	r	4355	[[781,1004,3,-5,7,-2,8,2,3,5,-3,5,-8,2,-7,-2]]
13631665	n	1175	[[731,1122,4,-3,11,5,-4,4]]
537281	r	2996	[[808,896,1,-8,3,-1,7,0,4,5,0,3,-11,4]]
1505429	r	2865	[[1656,1089,6,-3,8,0,6,3,2,5,-6,5]]
470444	r	2506	[[833,1106,3,-4,7,-1,8,1,2,4,-3,5]]
565955	r	1674	[[742,1129,4,-5,8,-1,2,1,1,7,-4,1]]
493160	r	3400	[[1164,1054,2,-4,7,-2,7,2,3,4,-3,5,-7,1,-7,-1]]
581357	n	1960	[[656,1352,4,-4,8,-1,9,1,3,4,-3,3,-9,1,-8,-1]]
2015833	n	1960	[[2556,1028,2,-4,5,-1,5,1,2,4,-2,3,-5,1,-5,-1]]
499161	r	3305	[[822,930,3,-5,6,-1,6,1,2,5,-2,4,-6,1,-6,-1]]
486968	n	1881	[[755,1096,3,-2,6,0,4,1,1,3,-3,4,-7,0,-4,-2]]
504935	r	2797	[[873,875,9,-5,5,1,1,4,-2,4,-5,2,-6,-2]]
493231	r	2350	[[819,1134,3,-2,10,0,5,2,1,4,-3,3,-7,2]]
564719	r	1882	[[733,1135,1,-2,8,-4,12,4,-17,7]]
543704	r	4008	[[920,1225,4,-4,9,-2,9,2,4,4,-4,5,-9,2,-9,-2]]
527012	n	1960	[[858,1001,2,-3,5,-1,5,1,2,3,-2,3,-5,2,-5,-2]]
2027468	n	1960	[[2659,883,2,-3,4,-1,5,1,2,3,-2,3,-5,2,-4,-2]]
472234	r	1939	[[957,1117,2,-3,7,-2,6,11,-10,-1]]
6695754	r	4372	[[1475,1245,4,-4,11,-2,10,2,4,4,-4,5,-10,2,-11,-2]]
540251	r	1803	[[753,901,0,-3,8,-3,6,1,1,1,-1,4,-13,2]]
2025527	r	4598	[[2050,1063,3,-5,8,-2,13,7,-4,5,-8,2,-9,-2]]
501283	r	3112	[[648,1079,2,-4,7,-2,7,2,3,4,-3,4,-7,2,-7,-2]]
572154	r	3347	[[667,1168,3,-4,8,-2,8,2,4,4,-4,4,-8,2,-8,-2]]
548442	r	3444	[[629,1189,4,-4,8,-2,8,2,4,4,-4,5,-8,1,-8,-1]]
534838	n	1960	[[783,1020,2,-4,5,-1,5,1,2,4,-2,3,-5,1,-5,-1]]
470676	r	3821	[[675,1104,3,-4,8,-2,8,2,3,4,-3,5,-8,2,-8,-2]]
1497951	r	3141	[[1797,1120,3,-4,8,-2,9,2,3,4,0,2,-21,2]]
6853140	n	1960	[[1253,1152,3,-3,6,-1,6,1,2,3,-2,4,-6,1,-6,-1]]
1510205	r	3219	[[1713,1113,0,-1,21,-4,4,5,-1,4,-5,3,-19,-5]]
577893	n	1575	[[791,895,4,-4,9,5,-2,3,-5,1,-4,-1]]
2021618	r	3140	[[2352,1002,2,-4,7,-2,6,2,2,4,-2,4,-6,2,-7,-2]]
482965	r	3868	[[770,912,1,-3,4,-2,9,0,4,5,-3,5,-6,2,-6,-2]]
470252	n	1960	[[683,1152,2,-3,6,-2,6,2,3,3,-3,3,-6,1,-6,-1]]
582182	r	1696	[[739,901,7,-2,3,-5,4,4,0,5,-4,1,-6,0]]
571159	r	3315	[[1038,1073,2,-3,5,-3,6,0,5,1,-5,12,-9,-2]]
468866	r	2943	[[644,1101,7,-5,3,0,7,1,3,4,-3,4,-7,2,-7,-2]]
1485439	r	3178	[[1689,1074,3,-4,7,-2,7,2,2,4,-2,4,-7,2,-7,-2]]
1496476	r	10362	[[1286,1243,1,-4,5,-4,16,-3,15,3,5,4,2,4,-2,4,-5,3,-15,3,-16,-3,-5,-3]]
548652	r	2402	[[737,1140,17,-7,4,4,-2,4,-7,3,-7,-1]]
2014927	n	1960	[[2004,1091,2,-3,6,-1,5,1,2,3,-2,4,-5,1,-6,-1]]
565348	r	986	[[793,972,4,-1,1,-3,-2,-2,4,-1,-2,-1,4,0,1,9,-5,0]]
561667	r	1420	[[758,893,8,-6,4,4,-2,5,-7,-1]]
548602	r	3428	[[561,1186,5,-3,8,-1,7,2,3,4,-2,3,-11,3,-9,-3,-1,-2,3,-2]]
547840	r	2837	[[927,877,2,-4,5,-1,5,1,3,4,-3,4,-5,1,-5,-1]]
567434	n	1464	[[1148,1166,0,-2,16,0,1,2,-3,3,-6,1,-6,-1]]
513883	n	1960	[[1019,1068,2,-4,6,-1,5,1,2,4,-2,3,-5,1,-6,-1]]
1536289	r	3933	[[1198,1119,33,-1,1,1,-9,11,-5,0]]
1493197	r	4039	[[1316,1331,5,-5,11,-2,12,2,4,5,-4,4,-12,2,-11,-2]]
523392	r	3115	[[1045,1353,4,-4,11,-2,11,2,4,4,-4,4,-11,1,-11,-1]]
2127202	r	1423	[[3539,1294,3,-3,6,-1,-1,1,4,4,-4,1],[3539,1296,7,0,-2,3],[3545,1299,4,0,1,-2,-2,0,4,-2,10,-1,-1,3,-4,2]]
202061	r	2174	[[597,-35,3,-9,5,-3,0,12]]
202905	r	1144	[[583,-38,7,1,0,2,-2,5]]
201521	r	1791	[[588,-30,3,-6,5,1,1,8,-1,1,-5,-2]]
201650	r	2541	[[601,-28,2,-3,2,1,3,-2,8,1,-1,3,-4,2,-2,5,-2,0,-4,-6]]
202217	n	741	[[592,-44,7,0,-2,6]]
201830	r	1332	[[590,-37,2,-7,5,6,-1,3]]
203112	n	1346	[[590,-52,2,-3,2,-1,4,2,0,4,-7,1]]
202065	n	1737	[[583,-40,0,-3,2,-2,3,-1,3,3,-1,5,-1,1]]
201463	r	5193	[[605,-41,0,-6,3,1,3,-2,3,1,4,6,-2,2,0,5,-2,3,-6,-1,-3,-3]]
203104	r	1752	[[596,-35,9,0,2,3,-2,2,-2,-1,-2,3,-2,-2,-2,1]]
7062967	r	1900	[[587,-49,11,-1,1,3,3,-2,2,2,-4,3,-8,0]]
105343	n	3870	[[779,438,3,-3,1,-7,-1,-2,1,-4,2,-1,4,1,2,14,-5,3]]
108410	n	15997	[[915,495,3,-9,9,-5,2,5,8,-1,7,8,-2,7,-6,3,2,5,-6,1,-6,0,-6,-3,-4,-6]]
104515	r	11888	[[789,415,2,-2,10,11,4,0,-1,6,3,0,1,5,2,1,-4,1,2,7,-10,3,-6,-3]]
109223	n	4080	[[785,484,6,-4,7,2,4,6,-2,6,-1,2]]
110336	n	2443	[[995,531,3,-8,2,-1,1,2,2,-3,1,6,-3,3,-1,4,0,1,3,-2,-5,4],[1001,530,5,2,-5,1]]
101760	n	1055	[[787,490,1,-3,8,6,-6,1]]
107304	r	33135	[[847,525,2,-4,5,-4,0,2,5,0,1,5,2,-3,3,-1,-2,-1,2,-5,-5,-11,5,-2,4,3,1,3,-3,1,1,1,2,-1,0,2,-3,3,2,4,-1,3,2,-1,-2,5,0,2,7,-2,1,-4,3,-2,10,2,-1,1,-3,0,-1,4,4,0,1,31,-6,5,-13,-1,-14,-22,13,-11,-10,-2,-3,1,-3,3],[872,520,2,1,-2,2],[883,512,2,-3,4,3,-2,2]]
107968	n	2677	[[802,421,0,-2,4,0,1,1,0,-2,3,1,3,5,0,4,-3,2,-4,-1,-2,-1,1,-4,-3,0]]
101628	n	1960	[[726,568,2,-3,3,-2,4,2,2,3,-2,3,-4,2,-3,-2]]
106281	r	126718	[[779,540,49,-28,28,26,19,29,-7,24,-24,-3,-16,-8,1,-2,-17,0,-18,-8,-10,-3,-2,-2,6,-3,-5,-2,6,0,-7,-4]]
103630	r	12507	[[867,350,3,0,8,-4,5,2,15,1,0,6,-4,5,-4,3,-6,2,-6,-1,-6,-3,-4,-4]]
109353	r	53352	[[919,467,6,-6,9,-6,11,-2,8,1,10,3,8,6,6,9,2,8,-18,28]]
105072	n	1340	[[852,366,3,-4,3,1,1,3,-1,3,-3,2,-3,-1,2,-2,-1,1]]
109571	n	2236	[[987,508,1,-3,3,-2,4,0,2,3,-1,4,-3,3,-4,-1]]
106297	r	71136	[[879,569,0,-5,10,-8,13,-6,3,-5,6,0,0,-2,5,-3,0,3,19,-8,10,5,0,14,7,3,1,3,-2,3,4,5,-6,12,-55,4,-8,6,-5,-10]]
109435	n	1105	[[987,540,4,-4,6,2,-6,4,0,2,-1,-1,-1,0]]
102651	r	4780	[[844,351,2,-2,1,-8,0,3,4,-4,2,2,1,-1,9,8,-8,5,-8,-1]]
110690	r	12387	[[832,363,4,-6,5,-4,16,1,0,2,2,2,-1,1,-2,0,-4,7,1,3,1,-1,0,2,-3,-1,-1,2,2,9,-3,2,-6,-6,1,-4,1,0,-9,-6,-1,1],[863,350,2,0,2,2,-4,0],[865,368,3,0,1,-3,2,2,-3,8,-3,-3]]
100425	r	20419	[[743,497,7,-11,4,0,3,-3,2,1,0,-1,10,-7,2,-6,1,1,1,-1,7,5,-4,12,2,2,-2,2,2,3,-4,1,-3,9,-8,2,-9,-1,-9,-4,0,-4]]
108512	r	30626	[[791,626,5,-8,6,-3,4,2,7,-2,7,1,2,-1,1,-4,6,2,4,-2,-1,-3,3,0,5,-5,-9,-6,7,-5,11,9,6,10,-13,11,-34,17,-5,1,-1,-6,-3,-1]]
102527	r	70428	[[764,593,8,-15,13,-10,9,2,18,8,17,0,-1,2,15,7,0,1,-12,9,9,6,-5,5,-3,0,1,3,-4,2,-6,-2,-1,4,-1,1,-8,-1,-7,2,-4,-2,-10,4,-2,0,1,-1,-22,-17]]
107781	r	26355	[[888,533,0,-8,5,-17,8,-2,4,2,7,4,4,5,2,6,0,8,-4,7,-7,5,-9,3,-9,-1]]
103369	r	39019	[[837,402,4,-4,0,-2,3,-1,-3,-2,2,-1,-1,-1,2,-3,2,-1,1,2,3,2,1,-1,0,-9,1,-1,0,1,3,-1,4,3,14,1,5,13,0,9,-5,9,-8,7,-10,3,-14,-2,0,-15]]
105299	n	304	[[850,341,1,-3,3,-4,0,4]]
108648	n	1531	[[742,628,6,-6,4,4,-1,3,-3,2,-4,0]]
11670045	n	1740	[[834,392,2,-4,5,-1,2,2,-1,2,1,1,-2,1,2,1,-5,2]]
109953	r	3666	[[821,400,2,-5,14,7,-3,5,-6,1,-5,-3]]
110325	n	1960	[[883,490,1,-3,4,-1,3,1,2,3,-2,3,-3,2,-4,-2]]
108435	r	14705	[[849,517,4,-10,9,-7,7,-1,14,7,-9,15,-2,-2,0,4,2,-1,-5,5,-1,-2,2,-6,-2,1,1,-3,-2,-4,3,-3,0,-2,-2,1,-1,-1,2,-1,1,-3,-5,-3,-5,2,5,11,-2,5,2,1,-3,1,-2,3,-1,-5,-5,0,0,-2,-5,3],[853,529,3,-3,3,-1,10,2,-8,7]]
12495725	r	10556	[[824,379,1,-6,4,-5,7,-2,9,6,-1,0,-1,4,4,5,4,0,0,2,0,2,-23,1,-3,-1],[851,379,0,-2,2,4]]
103035	r	18430	[[773,470,3,-10,4,-5,1,-8,2,1,-3,-5,12,1,10,5,1,11,-5,9,-18,6]]
109253	r	10846	[[791,413,4,-6,4,-2,3,1,8,-7,3,-3,3,-2,0,-2,0,2,4,2,-3,4,2,12,-6,0,3,2,-1,2,-4,-1,0,3,-4,0,0,2,-1,-1,-8,-2,-4,-4]]
110619	r	3573	[[852,340,1,-2,1,0,3,-8,3,1,2,2,2,1,-2,8,3,3,-4,3]]
101313	r	26130	[[759,635,9,-32,3,0,20,16,6,-1,-6,8,8,7,3,1,1,6,-19,3,-4,-3]]
109380	r	15275	[[946,554,8,-6,11,-4,12,8,1,-3,3,2,-4,1,1,2,-2,0,0,3,0,-2,1,1,1,-1,0,2,-3,2,1,1,-4,2,-2,8,-16,1,-2,3,3,-6,-4,-5,2,-3,-1,-3]]
107692	n	1428	[[826,397,2,-3,4,-1,3,1,1,4,-2,3]]
2108502	r	1542	[[3194,-186,4,-3,-4,1,1,-3,2,-2,3,0,3,1,-3,3,5,-2,0,3,-7,0,-3,3]]
241131	n	170	[[1107,-93,4,-3,-2,5]]
379252	r	3486	[[642,308,5,-5,6,0,5,3,1,6,-9,0,-1,-2,-2,0]]
365137	r	2566	[[641,313,1,-5,5,2,2,0,2,5,-3,6,-5,-3]]
379251	r	1660	[[649,320,1,-8,8,0,-3,6]]
369004	r	6746	[[489,241,2,-6,7,-3,6,3,2,6,-2,6,-6,3,-4,-1]]
377039	r	15237	[[726,392,2,-7,5,-6,8,-3,8,0,-4,16,-1,15,0,2,-6,-1,-6,-4,-4,-5]]
372753	r	11517	[[718,322,3,-21,-1,-1,1,1,1,-7,8,-1,-1,10,4,6,4,14,-10,2]]
379003	n	1960	[[600,264,1,-4,3,-1,4,1,1,4,-1,3,-4,1,-3,-1]]
379062	r	3115	[[702,281,1,-4,5,-2,4,2,1,4,-1,4,-4,1,-5,-1]]
371760	r	11009	[[638,266,2,-11,3,-3,7,-4,8,0,-3,10,4,5,-1,4,-5,1,-1,4]]
364103	n	1960	[[666,288,1,-3,3,-2,4,2,1,3,-1,3,-4,2,-3,-2]]
380148	n	1960	[[518,229,1,-3,4,-1,3,1,1,3,-1,3,-3,2,-4,-2]]
379555	n	1960	[[502,273,2,-4,3,-1,3,1,2,4,-2,3,-3,1,-3,-1]]
366847	r	10877	[[667,260,5,-7,9,-2,8,5,2,9,-3,5,-5,4,-10,-7]]
380174	r	29344	[[669,236,2,-8,4,-6,6,-3,9,-1,9,4,0,3,3,6,-1,4,5,5,-4,9,-7,5,-23,-8]]
379303	n	2135	[[444,269,2,-3,3,-2,4,2,1,3,-1,4,-4,1,-3,-1]]
367644	n	1960	[[667,271,1,-3,3,-1,4,1,1,3,-1,4,-4,1,-3,-1]]
379149	n	1960	[[655,285,2,-3,3,-2,3,2,1,3,-1,3,-3,2,-3,-2]]
8504621	r	9366	[[486,226,1,-5,12,0,2,5,3,-7,10,3,-3,15,-24,-8]]
378231	n	988	[[676,356,2,1,1,-4,5,-1,0,3,-2,3,-4,0]]
378699	n	1960	[[564,254,1,-3,4,-2,3,2,1,3,-1,3,-3,2,-4,-2]]
380173	r	23173	[[644,360,2,-9,17,-6,8,0,4,-3,0,3,12,2,13,-8,3,-5,15,12,-39,7,-1,4,-10,0,-1,4,-3,2,-17,1,-2,-4]]
373141	r	14754	[[581,220,4,-9,9,-4,10,4,3,9,-1,7,-5,4,-12,-2,0,1,-3,0,-3,-4]]
380129	n	1960	[[642,280,1,-3,3,-2,3,2,2,3,-2,3,-3,2,-3,-2]]
377108	r	14137	[[486,217,2,-6,3,-5,9,-5,2,5,15,2,2,5,-5,9,-10,-3,-3,7,-2,-5,-12,0]]
367308	r	47030	[[630,348,45,-37,9,0,12,18,10,0,-6,10,-9,6,-4,2,-12,-2,0,-3,-4,3,-8,0,-17,6,-2,6,1,2,-4,2]]
374272	n	1960	[[707,307,2,-4,3,-1,3,1,2,4,-2,3,-3,1,-3,-1]]
376450	r	20946	[[576,238,4,-8,15,-1,0,2,13,0,2,7,0,5,-1,4,-21,10,-2,0]]
364706	n	1961	[[620,258,1,-3,3,-1,4,1,1,3,-1,3,-4,2,-3,-2]]
363417	r	290507	[[544,384,4,-20,7,-15,15,-15,17,-9,43,23,11,13,25,55,-13,14,-16,10,-55,0,-16,-10,-11,-12,-7,-14]]
372773	r	13608	[[472,244,5,-5,7,-3,15,20,-7,7,-9,1]]
370181	r	67448	[[477,292,2,-3,60,-23,7,15,-1,13,-7,11,-9,8,-13,4,-14,-1,-11,-5,-8,-7]]
363533	n	1961	[[465,258,1,-3,3,-1,4,1,1,3,-1,3,-4,2,-3,-2]]
2673730	r	4382	[[344,1184,4,-4,4,-1,1,4,1,-2,1,1,0,-2,4,-1,2,2,7,2,-2,3,7,1,-3,2,-1,0,0,-2,-5,-1,-4,2,4,1,2,-1,-1,2,7,1,-8,4,-11,-3,-3,-4,4,-1,-6,1],[353,1179,1,1,-1,1],[367,1181,1,-1,2,2],[370,1190,1,-2,2,2]]
2711537	n	1666	[[233,1157,3,-1,-2,-2,4,0,-1,-1,1,-1,0,-3,7,0,3,3,-1,4,-4,2,-6,1]]
2692969	r	2477	[[257,1108,9,-1,6,5,1,4,-7,4,-8,-3,3,-4,-3,-1,2,-3]]
2666199	n	1960	[[344,1197,2,-3,7,-1,6,1,3,3,-3,3,-6,2,-7,-2]]
2694762	n	1831	[[304,1168,2,-3,6,-1,6,1,3,3,-8,5,-6,-1]]
2686657	n	1960	[[295,1185,3,-3,6,-1,6,1,3,3,-3,4,-6,1,-6,-1]]
602150	r	2347	[[392,1277,3,-4,6,-1,0,1,4,0,1,2,0,-2,1,2,1,-1,2,2,3,0,4,3,-6,3,-8,0,-8,-2]]
2664454	n	1635	[[322,1192,1,-2,15,0,2,2,-3,4,-6,1,-6,-1]]
2702979	n	1960	[[275,1156,2,-4,6,-1,6,1,3,4,-3,3,-6,1,-6,-1]]
2706767	n	929	[[250,1125,7,-8,4,3,0,2,-2,2]]
2688368	n	1745	[[315,1172,8,-5,6,1,1,1,-2,1,3,-1,1,3,-8,1,8,0,-8,3,-6,-1]]
604490	n	1024	[[432,1312,5,-4,4,1,-4,2,7,0,-9,4,14,-4,-3,2,0,-1,-2,0,2,1,0,1,2,-1,-4,2,3,0,0,1,-3,0,-8,-1]]
2712414	r	2674	[[331,1213,2,-3,7,-2,7,0,6,2,-1,2,1,0,-1,1,-5,-1,-3,2,3,1,-4,4,-9,-1]]
2720501	n	1960	[[250,1154,3,-3,6,-1,6,1,2,3,-2,4,-6,1,-6,-1]]
2663536	n	1960	[[288,1138,2,-4,6,-1,6,1,2,4,-2,3,-6,1,-6,-1]]
2708365	n	1269	[[251,1137,4,-4,3,0,1,-2,-2,-2,5,1,3,3,-1,3,-3,1]]
2715953	n	1636	[[321,1187,3,-3,6,-1,6,1,3,3,-1,3,-15,0]]
2701713	n	978	[[304,1123,8,1,5,-1,-1,-1,1,0,3,2,-4,3,-5,1,-5,-2]]
2701680	n	1960	[[261,1188,3,-4,6,-1,6,1,3,4,-3,3,-6,1,-6,-1]]
2670781	r	2406	[[333,1248,4,-5,10,-1,2,0,1,3,3,0,-5,2,-1,3,2,1,5,-2,-9,5,-9,-2]]
2685750	n	1960	[[283,1264,3,-4,7,-1,7,1,3,4,-3,3,-7,1,-7,-1]]
2687700	n	1339	[[332,1175,1,-2,5,0,5,1,-2,1,8,1,-4,3,-6,1,-5,-2]]
2702261	n	1355	[[319,1133,4,-4,2,4,2,0,0,2,2,1,-1,0,1,2,-5,-1,-4,-1],[328,1129,4,1,2,5,-2,2]]
2715459	n	1961	[[303,1212,3,-3,7,-2,6,2,3,3,-3,3,-6,2,-7,-2]]
2707684	n	914	[[349,1253,4,-3,4,0,2,2,2,0,-4,1,3,0,-2,4,-6,-1],[360,1256,5,0,-4,1,2,-1]]
2662689	n	1050	[[362,1150,1,-1,6,0,4,1,1,3,-4,4]]
1880252	n	514	[[2073,26,4,-1,3,2,-4,2]]
3370903	n	125	[[-116,-320,3,0,0,2]]
3196359	r	5236	[[277,925,2,-7,7,-4,7,-1,4,6,-3,10,-3,-1,-12,2]]
3195506	r	1279	[[305,933,6,-6,9,7,-7,0,-3,-2],[319,935,1,-1,1,0]]
3202781	r	1285	[[302,925,4,-5,5,0,2,1,-2,6,-3,1]]
3197753	r	2175	[[271,917,7,-4,-4,-1,1,-1,-3,1,2,-1,-3,0,1,-2,15,1,-1,3,-8,6,-6,0]]
3194351	r	2797	[[294,915,4,-5,7,-1,2,1,-2,2,2,1,-2,1,8,3,-1,3,-6,0,-9,-1]]
3189075	r	1676	[[294,929,1,-3,7,-1,6,3,-3,5,-4,0,-4,-1]]
3192241	r	1621	[[311,927,2,-3,2,0,6,2,0,2,5,-1,-1,3,1,1,-5,3]]
3188915	r	1145	[[294,925,3,-6,9,1,-4,5]]
2729907	n	1184	[[294,1562,11,-2,14,0,12,2,4,2,-4,3,-9,0,-10,-1,2,-2,-6,1,-7,-3]]
3060972	r	1852	[[337,967,5,-7,5,0,3,-2,3,2,-12,11,-3,-1]]
724443	r	2928	[[414,974,1,-3,7,-1,6,1,4,-2,4,5,-1,4,-20,-1]]
3058531	r	2941	[[355,962,6,-2,5,1,4,3,1,4,-5,4,-8,0]]
723819	r	2797	[[415,980,2,-3,16,0,1,3,-3,4,-6,2,-7,-2]]
3056508	r	2201	[[366,984,4,-5,13,7,-4,2,-1,2,-7,0]]
3061186	r	3447	[[373,975,3,-5,7,-2,7,2,3,5,-1,3,-4,2]]
3057124	r	2461	[[343,969,8,-7,3,0,4,10,-8,1,-5,-2]]
3057140	r	2681	[[352,977,2,-3,4,-2,6,0,5,3,1,3,-4,5,-4,1,0,-3]]
3058780	r	1994	[[370,979,4,-3,14,4,0,2,-4,5]]
2409306	n	1494	[[-266,168,3,-5,4,2,0,-2,2,2,0,4,-3,2,-3,-2,2,-1,-3,2,-2,0],[-265,174,2,-4,0,3,2,0]]
2407790	n	1960	[[-228,158,1,-4,3,-1,3,1,2,4,-2,3,-3,1,-3,-1]]
2410048	n	1960	[[-239,159,1,-3,3,-1,3,1,2,3,-2,3,-3,2,-3,-2]]
2407656	n	1961	[[-224,173,1,-3,4,-2,3,2,1,3,-1,3,-3,1,-4,-1]]
2406407	r	2579	[[-246,178,2,-4,3,-1,4,1,1,4,-1,3,-4,2,-3,-2]]
2404433	n	1943	[[-260,175,1,-3,1,2,-1,-2,3,-1,3,1,2,3,-2,4,-3,1,-3,-1]]
3168070	r	76	[[248,878,2,0,0,2]]
2253354	r	114	[[-351,295,2,-2,1,3]]
2246678	n	670	[[-349,295,5,-1,2,-3,1,1,-2,6]]
2244322	r	3329	[[-324,299,5,-8,4,0,2,4,2,1,-1,4,-4,3,-5,0]]
2244802	r	3208	[[-343,298,2,-6,6,0,4,8,-2,3,-3,1,-3,0,-3,-5,2,-1,-2,1]]
2250805	r	3057	[[-327,280,4,-3,5,0,1,2,1,7,-4,3,-3,-1]]
2248477	r	1329	[[-342,291,3,-4,2,-4,2,2,1,4,-1,3]]
2246452	r	1699	[[-332,314,9,5,-1,4,-3,4,-3,-6]]
2243940	r	2145	[[-331,251,2,-4,9,2,0,2,-1,2],[-331,253,1,1,3,-3,6,3,-5,3]]
2252309	r	2247	[[-331,293,8,-5,3,2,-3,8,-5,-1]]
2244991	r	2932	[[-279,275,2,-4,4,-1,4,1,1,4,-1,4,-4,2,-4,-2]]
2249222	r	2646	[[-330,312,2,-3,4,-2,3,2,2,3,-2,4,-3,2,-5,-3]]
2249782	r	2677	[[-304,258,2,-4,7,0,2,4,-2,4,-4,1,-4,-1]]
2246544	r	1763	[[-320,329,2,-4,4,-1,4,1,2,4,-1,3]]
2251007	r	2600	[[-316,282,2,-4,4,-1,3,2,1,4,-2,3,-4,1,-3,-2]]
2251911	r	2100	[[-334,287,2,-4,1,-1,2,2,2,-1,-3,-1,3,-1,4,7,-7,4]]
2245704	r	2122	[[-316,254,0,-2,3,-1,2,2,0,3,3,1,-3,-1,1,-3,-2,-2,-4,1,4,-3,6,3,0,2,-2,4,-3,1,-4,-1]]
2250645	r	2741	[[-249,251,2,-5,8,2,1,3,-1,4,-5,2,-4,-2]]
2248752	r	1621	[[-270,313,3,-5,6,2,-1,2,-3,0,-1,6,-3,-2]]
53654	n	3054	[[898,43,1,-3,3,-2,13,7,-2,2,-5,1,-2,-3,-2,2,-4,0]]
64021	n	3107	[[859,199,1,-3,4,-2,4,1,5,5,-2,3,-3,1,-7,-1]]
57289	n	1960	[[877,191,1,-3,3,-1,3,1,2,3,-2,3,-3,2,-3,-2]]
64435	r	14880	[[883,206,12,-7,3,0,4,4,18,-1,1,18,-6,1,-18,-9,-9,0]]
55671	r	20816	[[821,-5,16,-11,3,-4,1,3,3,1,20,23,-39,1]]
54225	r	1411	[[888,31,2,-1,12,8,-3,0,-4,4,-2,-6]]
60149	n	841	[[1020,235,3,-4,3,6,-5,1]]
64536	n	1960	[[869,62,1,-3,3,-1,3,1,1,3,-1,3,-3,2,-3,-2]]
63400	r	16934	[[908,111,5,-7,13,10,14,-13,7,6,-13,29]]
63795	n	1960	[[906,190,1,-3,4,-1,3,1,1,3,-1,4,-3,1,-4,-1]]
56055	n	398	[[829,-29,2,-4,3,4]]
58831	n	1801	[[868,194,1,-3,3,-2,4,2,1,3,-1,3,-3,1]]
64013	n	1061	[[979,225,2,-3,3,-1,3,2,1,3,-2,1]]
12212406	n	1073	[[835,75,3,-1,3,2,1,3,-2,3,-2,-1]]
342803	n	1109	[[912,112,3,-1,3,1,2,3,-1,3,-1,1]]
59611	n	1960	[[944,135,1,-3,4,-1,3,1,1,3,-1,4,-3,1,-4,-1]]
400769	n	1960	[[943,170,1,-4,3,-1,3,1,2,4,-2,3,-3,1,-3,-1]]
58933	n	1903	[[965,168,1,-3,4,-2,3,2,1,3,-1,3,-3,2,-2,-1]]
64460	n	1960	[[899,95,2,-3,3,-2,3,2,2,3,-2,3,-3,1,-3,-1]]
52867	n	1379	[[886,36,3,-4,4,4,1,3,-5,1]]
56335	n	1960	[[906,56,1,-4,3,-1,3,1,1,4,-1,3,-3,1,-3,-1]]
62691	n	1960	[[943,212,1,-3,3,-1,4,1,1,3,-1,4,-4,1,-3,-1]]
63949	n	1960	[[847,22,1,-4,4,-1,3,1,1,4,-1,3,-3,1,-4,-1]]
3383330	r	4718	[[-1112,114,3,-6,7,-1,4,4,1,9,-6,-1,6,-2,-5,1,-1,-2,0,2,-7,2]]
373303	r	27058	[[607,108,8,-10,-5,-2,-1,-2,15,-7,0,-2,-3,0,0,-3,1,1,2,-3,5,2,5,-6,2,5,4,1,1,3,-1,5,3,1,0,5,7,15,-42,-1]]
363807	n	1758	[[547,180,5,-4,3,1,1,3,-1,3,-4,2,-3,-2]]
363619	r	19287	[[592,93,4,-2,0,-4,3,-1,5,-7,7,-2,0,-5,4,1,2,-3,2,4,4,2,7,-3,4,2,-5,7,-5,-2,-2,3,-1,-1,0,3,3,0,0,2,-15,7,1,2,5,2,-6,8,-10,-5]]
370737	r	15483	[[620,191,1,-5,3,-5,4,-3,5,-1,5,1,5,3,2,5,1,5,-1,5,-2,4,-5,3,-5,1,-8,-8,-4,-1]]
363885	r	56097	[[519,145,3,-8,6,-4,-2,-3,11,-11,28,4,20,37,-37,0,-3,3,-6,-4,-1,-3]]
371712	n	1961	[[555,166,1,-3,4,-2,3,2,1,3,-1,3,-3,2,-4,-2]]
363656	r	39125	[[542,115,3,-3,0,-6,4,-6,6,-4,0,-4,5,-1,1,-3,3,-1,5,-1,6,5,9,-4,5,6,3,0,3,13,-19,10,-3,5,-3,-1,-5,3,-16,-2]]
364367	n	1758	[[543,175,2,-3,3,-1,3,1,1,3,-5,5,-3,-2]]
367927	n	1961	[[589,136,1,-3,4,-1,3,1,1,3,-1,3,-3,2,-4,-2]]
377241	n	1960	[[627,124,1,-3,3,-1,3,1,2,3,-2,3,-3,2,-3,-2]]
365742	r	21801	[[636,81,8,-8,16,5,3,-2,5,9,-1,11,-4,5,-5,3,-11,1,-4,-9,0,-5,-3,-1,1,-5,-1,-3]]
2410763	r	811	[[129,4,3,-2,3,4,-2,2]]
3583361	r	2728	[[-1790,270,8,-2,1,4,1,6,-5,4,-5,-7]]
3583446	r	1434	[[-1769,273,5,-10,2,0,3,7]]
3583334	r	1780	[[-1795,282,1,-4,4,-3,4,7,-2,2,-3,2]]
3583102	r	1386	[[-1800,274,4,-3,4,-1,2,5,-4,3]]
3582883	r	1705	[[-1775,265,6,-1,-3,1],[-1774,265,10,-2,-5,10,-4,-4]]
3586977	r	673	[[-1781,273,0,-1,3,0,2,4,-1,2,-3,0]]
3583178	r	869	[[-1778,272,5,-3,3,4,-6,3]]
3582805	r	1289	[[-1782,268,7,-3,2,4,-5,3,-3,0]]
3587426	r	1141	[[-1802,276,2,-2,6,4,-1,4]]
3584772	r	1040	[[-1762,265,3,-2,3,2,-1,2,3,2,-1,3,-4,-2]]
3583158	r	1190	[[-1777,278,6,-5,3,5,-2,-1,0,3,-5,1]]
3587091	r	1641	[[-1785,282,5,-4,3,0,2,3,-6,6]]
3583747	r	1698	[[-1767,274,8,-4,2,4,-2,3,-3,2,-3,-2]]
3513392	r	23	[[-1262,360,1,0,0,1,-1,0]]
170063	n	3236	[[734,726,7,-9,1,2,3,-2,4,0,4,3,0,3,-6,2,-2,3]]
170654	n	3384	[[719,669,3,-4,3,5,-3,-5,4,0,5,2,2,5,-2,3,-6,2,-3,-2]]
169577	n	2464	[[729,699,0,-5,2,-3,5,-1,3,2,1,3,-3,5,-7,1]]
173576	n	1505	[[714,712,4,-4,1,-4,-1,-1,5,2,1,4,-4,5,-3,1]]
172955	n	1902	[[775,720,1,-4,3,-1,5,1,2,3,-1,3,-4,1,-4,0]]
170017	r	1914	[[728,703,0,-2,9,-1,4,6,-4,2,-4,0,-3,-2]]
163345	n	916	[[717,698,2,-5,4,3,0,4,-3,2,-2,0]]
173811	n	1960	[[809,730,2,-3,4,-2,4,2,2,3,-2,3,-4,2,-4,-2]]
170794	r	2750	[[796,707,2,-4,4,-2,8,6,-2,4,-5,1,-5,-1]]
173377	n	1147	[[819,741,2,-3,4,-2,4,2,1,3,-11,1]]
174018	n	1923	[[745,728,2,-3,6,-2,3,4,-2,6,-2,0,-4,-1]]
169389	n	1960	[[727,719,2,-4,4,-1,4,1,1,4,-1,3,-4,1,-4,-1]]
167357	n	1787	[[754,733,3,-7,5,1,2,3,0,3,-3,2,-4,0]]
170905	n	1150	[[717,655,3,-2,2,-3,4,-1,1,2,-1,4,-2,2,-4,0]]
164947	n	1529	[[737,700,2,-3,2,-1,4,1,1,3,-1,3,-4,2]]
172374	n	1904	[[765,717,2,-3,3,-2,4,1,2,3,-1,4,-3,1,-5,-1]]
172082	n	1458	[[735,732,2,-3,3,-2,5,1,2,4,-2,1,-4,-1,-3,3]]
172408	n	1924	[[726,655,1,-4,3,-1,4,0,3,4,-1,3,-4,2,-4,-1]]
174448	n	1073	[[813,689,1,-2,5,1,3,4,-6,1]]
173480	n	1927	[[804,700,1,-3,4,-1,4,1,1,3,-1,4,-4,1,-5,-3]]
163808	n	1960	[[760,691,2,-3,4,-1,3,1,2,3,-2,3,-3,2,-4,-2]]
172256	n	866	[[761,737,5,-4,6,3,-6,2]]
173334	n	984	[[715,667,2,-9,3,1,2,2,0,3,-3,3]]
934995	r	12833	[[616,-534,0,-3,5,1,0,-2,3,2,-1,-8,8,-2,6,1,2,2,1,7,2,-1,-1,17,-7,2,-8,-9,-5,-2,-3,3,-2,-3]]
934985	n	1137	[[618,-526,3,-3,7,3,-3,3,-3,1]]
11703857	r	290	[[-1447,436,1,-1,4,1],[-1441,439,4,-2,-1,2],[-1437,437,0,-1,2,0]]
3576994	n	19	[[-1423,429,1,0,0,1,-1,0]]
2427123	r	3674	[[297,249,1,-6,3,-2,0,-7,4,1,4,5,-1,6,-5,4]]
2427455	n	1960	[[317,171,1,-3,4,-1,3,1,1,3,-1,4,-3,1,-4,-1]]
245785	n	1960	[[412,277,1,-4,4,-1,3,1,1,4,-1,3,-3,1,-4,-1]]
2425791	n	1960	[[363,183,1,-3,4,-2,3,2,1,3,-1,3,-3,2,-4,-2]]
2430506	n	1960	[[312,186,1,-3,3,-1,3,1,2,3,-2,3,-3,2,-3,-2]]
245338	n	1961	[[401,221,1,-3,4,-2,3,2,1,3,-1,3,-3,1,-4,-1]]
2433437	n	1960	[[332,173,2,-3,3,-1,3,1,2,3,-2,3,-3,2,-3,-2]]
2426240	n	1960	[[294,187,1,-3,3,-1,3,1,2,3,-2,4,-3,1,-3,-1]]
2434910	n	1022	[[305,209,5,-7,2,3,-1,3,-3,2]]
243787	n	1961	[[424,245,1,-4,3,-1,3,1,2,4,-2,3,-3,1,-3,-1]]
2429605	n	1960	[[346,178,2,-3,3,-1,3,1,2,3,-2,4,-3,1,-3,-1]]
2427637	n	1960	[[369,244,2,-3,3,-2,3,2,1,3,-1,3,-3,1,-3,-1]]
2434979	n	1960	[[290,269,1,-3,3,-1,3,1,2,3,-2,4,-3,1,-3,-1]]
2428394	n	1960	[[302,282,1,-3,3,-1,3,1,2,3,-2,4,-3,1,-3,-1]]
2434011	n	1858	[[321,195,2,-4,5,1,2,3,-1,3,-4,2,-3,-2]]
2432678	n	1960	[[377,359,2,-4,3,-1,3,1,2,4,-2,3,-3,1,-3,-1]]
2428228	n	1961	[[310,260,1,-3,4,-2,3,2,1,3,-1,3,-3,2,-4,-2]]
2427336	n	1960	[[325,273,2,-3,3,-2,3,2,1,3,-1,3,-3,1,-3,-1]]
244878	n	1960	[[414,291,1,-4,4,-1,3,1,1,4,-1,3,-3,1,-4,-1]]
2436400	n	1960	[[362,264,2,-3,3,-1,3,1,1,3,-1,3,-3,2,-3,-2]]
9534257	n	1960	[[452,321,1,-3,4,-1,3,1,1,3,-1,4,-3,1,-4,-1]]
2429296	n	1858	[[321,188,2,-3,3,-2,3,2,2,3,-3,4,-5,-1]]
244128	n	1960	[[427,344,1,-3,4,-2,3,2,1,3,-1,3,-3,1,-4,-1]]
1546102	n	1129	[[1398,-987,11,-2,-3,1,5,2,-3,3,-5,0,-4,-1]]
2365267	r	2482	[[20,129,0,-4,4,-3,7,2,-1,2,-2,0,1,3,-3,4,-4,-1]]
2364104	n	1871	[[18,180,1,-4,4,-1,3,1,1,4,-1,3,-3,1,-3,-1,0,-2]]
2366152	n	1737	[[19,192,1,-3,2,-2,3,0,3,2,-1,5,-1,1,-4,0]]
2367886	n	1961	[[18,151,1,-4,4,-1,3,1,1,4,-1,3,-3,1,-4,-1]]
2365560	n	1316	[[10,139,3,-6,4,3,0,3,-2,3,-3,0,0,-2]]
2367568	r	6661	[[4,191,2,-1,-1,-2,3,2,3,-2,-2,-7,1,-4,-3,-2,4,-3,6,8,3,1,2,4,-3,3,1,4,-3,0,-5,6,-6,-3,1,-2,-2,0,3,-1]]
2367164	n	1902	[[0,217,1,-3,3,-1,3,1,2,3,-2,4,-4,0]]
1609350	r	4833	[[2001,272,2,-3,5,1,1,-6,0,6,3,0,0,2,0,-1,4,-1,1,3,-3,4,3,2,-4,0,4,6,-10,-1,-2,-3,0,-4]]
1611110	n	915	[[2016,270,4,0,-2,-5,5,0,0,5,-5,1]]
1610780	r	2520	[[2004,140,1,-3,4,-2,4,1,2,4,-4,2,0,1,-2,0,-2,4],[2008,148,1,-3,2,-1,-2,4]]
1606250	n	651	[[2017,262,1,-2,4,0,1,4,-5,1]]
1608258	n	1599	[[2013,279,4,0,-3,-2,3,-4,5,5,-5,6]]
1152473	r	2755	[[1984,366,2,-4,4,-2,4,2,1,4,-1,4,-4,1,-4,-1]]
1610538	n	2293	[[2032,275,5,0,3,5,0,4,-2,2,-6,-1,1,-4]]
1150515	r	2947	[[1980,183,2,-5,5,-1,4,1,2,5,-1,3,-3,-2,-4,1,1,4,-4,-2]]
1605239	r	2755	[[2050,350,5,-7,4,1,3,3,-1,4,-2,2,-7,0]]
1153671	r	2223	[[1974,376,1,-3,10,1,0,2,-1,4,-4,1,-5,-1]]
1608529	r	3486	[[2036,299,2,-4,4,-2,4,2,2,4,-2,5,-4,1,-4,-1]]
1153269	r	2458	[[1992,251,2,-5,6,-2,-1,9,1,4,-6,0]]
1605245	r	2755	[[2091,305,2,-4,4,-2,4,2,2,4,-2,4,-4,1,-4,-1]]
1157290	n	884	[[1994,274,7,-2,-2,4,0,5]]
1608534	r	1215	[[1999,276,2,-3,4,4,0,4,-5,1]]
1614295	r	598	[[2017,258,1,-2,4,0,2,4,-5,0]]
1609776	r	2987	[[2051,329,1,-4,5,-2,3,2,2,4,-1,4,-4,2,-5,-2]]
1607017	r	1179	[[2022,256,0,-2,8,-1,-3,5,-4,0]]
1151933	r	2395	[[1994,169,1,-4,4,-2,4,1,2,4,-2,2,1,-2,-2,0,-3,6,-4,-1]]
1606291	n	1545	[[2023,280,4,-3,2,3,0,5],[2027,277,5,-2,0,5,-3,0]]
1611269	n	1615	[[2037,252,4,-3,-1,2,2,0,-1,-1,2,-2,4,4,-2,3,-3,2,-3,-2]]
1604870	r	2470	[[2020,131,2,-4,4,-2,3,2,2,4,-1,3,-9,0]]
1150954	n	1119	[[1992,271,1,-3,3,-2,4,5,-6,3]]
1608527	r	2632	[[1997,314,0,-2,9,-2,3,4,-2,4,-4,2,-4,-2]]
1151254	r	613	[[1965,159,1,-3,2,0,1,6,-3,1],[1971,162,1,-4,0,3]]
1155656	n	1960	[[1985,292,1,-3,3,-1,3,1,2,3,-2,3,-3,2,-3,-2]]
1153669	r	3043	[[1991,398,1,-4,5,-1,4,1,2,4,-2,4,-4,2,-5,-2]]
1606790	r	3454	[[2077,343,2,-4,4,-2,4,2,2,4,-2,4,-4,2,-4,-2]]
1606418	r	1729	[[2014,291,4,-6,6,5,-3,5]]
1150007	r	2628	[[1987,151,2,-4,1,1,1,-2,1,2,0,-2,3,1,2,2,0,5,-4,2,-4,-1]]
1606386	n	400	[[2017,254,2,-2,3,2,0,2,-4,0]]
1153081	n	1603	[[1986,280,2,-3,4,-1,3,6,-5,2]]
1608232	n	1215	[[2050,358,1,-4,4,-1,3,1,2,4,-1,2,-5,-4,-2,1,0,2]]
1607708	r	2465	[[2000,336,2,-4,8,1,1,4,-2,3,-4,2,-3,-1]]
1606147	r	187	[[2011,142,4,-2,-3,5]]
1607284	n	616	[[2029,285,0,-5,3,0,0,5]]
1153090	r	2787	[[1985,330,1,-4,4,-2,4,2,2,4,-2,3,-4,2,-4,-2]]
1611407	n	1960	[[2036,316,1,-3,4,-1,3,1,1,3,-1,3,-3,2,-4,-2]]
1605215	n	1960	[[1997,353,1,-4,4,-1,3,1,2,4,-2,3,-3,1,-4,-1]]
1609032	n	1092	[[2009,293,4,-2,3,8,-4,1]]
1607512	n	1045	[[2013,292,1,-1,7,4,-1,2,-4,2]]
1153557	n	1392	[[1979,210,1,-3,4,-2,-1,2,3,0,-1,3,2,3,-5,1]]
1609610	n	1525	[[2029,257,1,-4,4,1,3,-1,1,2,-1,3,-3,2,-4,-1]]
1610469	r	2275	[[2065,329,5,-5,5,2,1,2,-2,4,-3,2,-5,-1]]
1606033	n	1960	[[1998,289,1,-3,3,-1,4,1,1,3,-1,4,-4,1,-3,-1]]
1150275	n	978	[[1992,276,1,-2,2,1,4,6,-4,1]]
1608900	r	2123	[[2060,324,2,-4,4,-2,2,1,2,5,-5,5,-3,-2]]
1607532	r	1823	[[2006,286,1,-2,3,0,7,2,-3,5,-4,1,-2,-1]]
1607737	n	1960	[[2019,328,1,-3,3,-1,4,1,1,3,-1,4,-4,1,-3,-1]]
1154689	r	848	[[1993,186,4,-5,1,0,-1,5],[1998,191,1,-3,2,1,1,3],[1999,195,3,-2,-1,3]]
1611439	n	1535	[[2017,273,1,-2,5,-1,3,5,-4,3]]
1608409	n	1161	[[2032,129,3,-5,5,2,-6,6]]
1606030	r	2434	[[2065,295,3,-2,4,0,3,3,0,4,-3,2,-4,0]]
1149698	n	1424	[[1994,262,1,-3,3,-1,3,0,1,3,-3,4,-3,1]]
1606239	r	3018	[[2081,302,1,-3,4,-2,4,1,2,3,-1,5,-4,2,-4,-1]]
1607978	n	897	[[2020,137,2,-3,6,0,2,3,-4,2,1,-1]]
1607779	n	1533	[[1997,152,3,-4,5,1,-2,5,2,2,-2,1,-4,-1]]
1152468	n	1543	[[1975,372,2,-4,3,-1,4,1,1,4,-1,2,-8,-1]]
1608597	r	1955	[[2089,331,3,-5,6,1,-3,4,0,6,-4,-2]]
1607001	r	2537	[[2068,318,3,-2,5,0,3,4,-1,4,-2,2,-6,-2]]
1607552	n	1960	[[1998,363,1,-3,4,-2,3,2,2,3,-2,3,-3,2,-4,-2]]
1150533	n	1960	[[1992,340,1,-3,3,-1,4,1,1,3,-1,3,-4,2,-3,-2]]
1607725	n	1902	[[2002,329,2,-3,3,-2,3,2,2,3,-4,4,-4,-1]]
1609071	n	1960	[[2030,350,1,-3,4,-2,3,2,1,3,-1,3,-3,1,-4,-1]]
1606586	n	683	[[1996,266,3,-1,1,2,3,2,-1,3,-2,-1]]
1621060	r	2689	[[2087,319,1,-5,3,-2,4,1,3,3,-1,4,-3,2,-4,0]]
1608531	n	845	[[2091,348,1,-3,4,-1,0,4,-2,2,-2,1]]
1606376	n	960	[[1998,135,5,-6,0,5,3,-1,-4,4]]
1608269	n	1918	[[2044,344,1,-3,4,-2,3,2,2,3,-3,4,-2,1,-4,-2]]
1151074	r	1347	[[1991,233,2,-2,6,10,-4,1,-3,-2,-1,-2,2,-2]]
1152633	r	1735	[[1974,165,1,-5,3,1,3,-3,0,-1,1,1,2,4,-2,3,-4,2]]
1606807	n	1866	[[2037,275,2,-3,3,0,3,2,1,3,-2,3,-4,1]]
1611453	r	3275	[[2056,300,2,-5,6,-1,3,9,-3,3,-4,0,-3,-3]]
1608452	n	1960	[[2011,376,1,-4,4,-1,3,1,1,4,-1,3,-3,1,-4,-1]]
1150965	n	1160	[[1970,197,2,0,-2,-1,2,-1,4,1,1,3,-1,4,-2,1]]
1150490	n	1960	[[1978,337,1,-3,4,-1,3,1,1,3,-1,4,-3,1,-4,-1]]
1605221	r	1638	[[1995,308,2,-4,9,4,-1,2,-7,2]]
1604769	n	1960	[[2078,316,2,-3,3,-2,3,2,1,3,-1,3,-3,1,-3,-1]]
1605279	n	1337	[[2046,245,6,-4,-1,3,3,-2,0,5,-5,2]]
1608539	n	1557	[[2020,284,3,-4,6,5,-2,3,-3,1,-4,-3]]
1151426	n	1960	[[1993,384,1,-3,4,-2,3,2,1,3,-1,3,-3,1,-4,-1]]
1606270	r	1899	[[2003,298,1,-4,5,-1,3,8,-4,2]]
1611416	r	1700	[[1997,304,2,-4,3,-1,6,5,-2,4]]
1221874	r	5826	[[1366,771,1,-4,4,-3,10,0,3,3,2,4,-3,5,-7,3,-7,-3]]
1514896	n	633	[[1407,802,4,-1,-1,-2,2,1,1,2,5,1,0,2,-7,0]]
1220253	n	1677	[[1375,796,2,-2,5,0,3,1,1,4,-3,3,-4,1,1,-2,-5,0,3,-3,-3,2]]
1221194	n	1960	[[1390,758,2,-3,4,-1,4,1,1,3,-1,3,-4,2,-4,-2]]
1514891	n	1050	[[1403,806,1,-3,3,-1,4,3,-1,2,-3,0,0,2,2,1,-4,-1]]
1514879	r	2880	[[1384,806,1,-3,4,-3,1,3,10,1,0,2,-2,4,-6,2,-5,-2,-2,-1,1,-3]]
1220747	n	1960	[[1370,757,2,-3,4,-2,4,2,1,3,-1,3,-4,1,-4,-1]]
1221328	n	1184	[[1430,745,4,1,2,2,0,3,-2,3,-3,0]]
1645457	r	3240	[[2507,-176,4,-6,4,1,3,3,0,5,3,0,-1,3,-9,-1],[2510,-165,2,-1,1,3]]
1636670	r	1895	[[2498,-181,1,-1,3,2,1,-3,8,2,-4,5,-5,1]]
1626459	r	1457	[[2499,-185,2,-5,13,6,-2,2]]
1637730	r	776	[[2502,-175,5,-1,4,5,-8,-1]]
1937274	r	1955	[[2534,-175,6,1,6,6,-7,2,-4,-2]]
1649539	r	2691	[[2521,-170,2,-4,3,-3,5,0,3,2,1,7,-4,-2,-3,2]]
162183	r	6377	[[1154,759,9,-3,2,-3,1,2,7,-1,3,4,-4,4,4,6,-8,2,-6,-1,-6,-5]]
1219649	r	5293	[[1261,781,2,-5,7,-3,8,1,4,5,-15,10,-4,-3]]
601734	r	3468	[[1189,837,3,-5,6,-3,3,0,2,3,-2,4,4,0,-7,3,2,1,1,3,-2,1,-7,-2]]
1218667	r	2947	[[1229,752,4,-6,8,0,-2,12,-7,-1]]
601594	r	2342	[[1054,805,1,-4,6,-6,-3,5,8,-1,3,1,-2,4,-4,3,-6,1]]
161616	r	56224	[[1061,781,1,-6,0,7],[1062,788,1,-4,0,3,8,0,0,-3,1,1,2,-3,-1,2,1,1,0,-3,6,-4,-3,-6,0,-10,13,-1,14,3,12,7,7,10,2,11,-2,10,-7,8,-10,6,-11,3,-2,-2,-4,-1,-2,2,-1,-2,0,-2,3,0,-1,-1,-3,2,-14,-22,4,-3,-4,1,0,-2,-7,2,2,2]]
1219762	r	2274	[[1239,757,2,-10,5,0,3,3,1,3,-2,3,-4,2]]
1218239	r	2820	[[1203,748,2,-4,5,-2,5,2,2,4,-2,3,-5,2,-5,-2]]
2464470	r	2683	[[191,737,4,-2,3,-4,9,0,1,3,4,3,-2,-2,-4,0,0,1,1,1,-3,4,0,2,-2,-1,-2,-4,-4,1]]
2467454	r	7212	[[194,686,7,-3,3,4,11,6,5,9,-2,2,-1,-1,-2,3,-4,-1,1,-1,-9,-1,-6,-11,4,-1],[222,694,4,1,0,1,-1,1]]
2464915	r	1804	[[205,717,2,-5,3,-2,4,4,3,0,0,2,-4,1,-3,5,-3,-2],[217,712,0,-2,1,0],[218,712,2,-1,1,1,-2,1]]
2473449	r	7569	[[185,714,3,-2,2,-4,-1,-1,2,-2,4,-1,4,0,1,-3,7,3,0,11,-3,3,0,5,-3,-1,0,-1,-6,1,-5,-4,1,-3]]
2472706	r	3620	[[181,742,7,-5,0,-3,8,5,4,-1,2,4,2,0,-1,1,3,1,-8,2,-2,-1,2,-1,-2,-1,-1,1,3,2,-3,1,-11,-2]]
2468369	r	7429	[[185,684,2,-2,-2,-1,0,-2,2,-5,5,-2,-2,-2,4,-4,7,0,9,7,-7,5,-3,6,-2,-1,-4,3]]
2473744	n	678	[[208,726,2,-2,1,4,3,0,-3,4,-3,-2]]
2468353	r	7521	[[161,687,2,-3,4,-1,0,-2,6,0,17,4,1,2,-5,3,1,1,-2,1,0,2,-4,0,-3,2,-6,-3,-6,2]]
2470384	n	276	[[215,675,2,-1,2,4,-4,0]]
2472431	n	1453	[[219,663,2,-4,3,-1,4,2,2,3,-3,2,1,-1,-4,0,-1,2,3,0,-2,0,-4,0]]
2473457	r	6540	[[165,698,1,-3,5,-2,10,4,0,2,5,3,-3,4,3,4,-11,6,-2,0,-1,-3,-5,0,-1,-7,4,-1,-3,-3,4,2,6,-5,-2,-3,-4,-2]]
2470173	n	740	[[217,670,2,-4,5,0,-2,1,-1,5,-2,1]]
2471059	n	1770	[[166,699,2,-3,3,-2,4,2,2,3,-6,5,-3,-2]]
2469473	r	6685	[[194,666,4,-2,1,-3,11,4,2,-1,-1,-2,8,0,1,4,-3,4,-3,0,0,4,-6,-1,-2,-4,-6,-3],[221,659,3,-11,3,0,-4,-3,8,3,1,2,-2,3,1,10,-1,1,-1,-3,-2,-2]]
2468579	r	1029	[[207,732,0,-4,1,2,3,2,3,-4,2,1,-4,4,4,3,1,3,-5,-1]]
2464701	r	38872	[[167,650,14,-9,9,-36,8,2,7,8,1,7,-3,8,3,3,5,2,2,4,3,1,11,8,-2,0,-2,3,-2,11,-10,0,1,2,-2,1,-7,-3,-5,-1,2,-1,-1,-1,0,-2,-1,-2,1,-2,-5,3]]
2467920	n	618	[[212,733,5,-3,2,4,-3,2]]
2473551	n	223	[[217,674,1,-1,3,3,-2,2]]
2467959	n	695	[[216,737,3,-3,3,3,-1,4,-4,-1]]
2473496	r	139	[[216,714,2,-4,1,3]]
2472774	r	3677	[[174,739,4,1,2,-2,-2,-2,3,-1,1,-4,-2,-2,2,-2,3,0,4,2,4,-1,4,4,-2,3,-4,2,-4,-2,1,2,-7,5,2,2]]
2470191	n	725	[[210,710,6,-2,0,6,-2,0]]
2473634	n	1811	[[169,723,1,-3,4,-1,4,1,2,3,-1,3,-8,1]]
2473572	n	442	[[216,708,6,-2,0,4,-2,1]]
2470088	r	3655	[[163,730,4,-1,1,-2,11,-1,-1,3,4,2,-1,4,-3,1,2,2,-2,2,-6,-1,1,-2,-5,-1,1,-3]]
2465840	r	7407	[[178,696,3,-2,4,0,0,-2,2,-1,-1,-1,5,-3,0,-2,4,0,-1,2,7,4,-4,1,4,8,-1,3,-9,2,-2,2,0,3,-2,0,-4,-4,3,-4]]
2464648	r	6691	[[150,678,5,-13,2,-1,-2,4,12,8,6,5,-6,0,0,2,-4,1,-2,3,2,4,-6,-3,-2,-3,-5,-3]]
2465030	r	5171	[[178,729,3,-5,-2,-10,10,-4,-4,4,5,1,0,3,5,4,2,-1,-3,5,1,3,-6,0,-4,-2]]
2468018	r	22267	[[155,667,2,-3,5,-2,4,-6,1,-6,27,6,5,-3,-1,2,1,2,0,2,1,1,-2,1,0,3,-2,0,-6,6,2,2,-5,2,-2,5,0,2,2,1,-2,2,-12,-2,-2,-4]]
2464041	n	1578	[[197,728,1,-3,3,-1,7,2,-1,5,-8,0]]
4032402	n	257	[[-3507,-422,4,-3,2,2,-3,0,-3,1,1,1]]
745044	r	4544	[[561,830,1,-4,3,1,3,-6,2,-1,1,2,2,-3,7,1,2,5,-14,4,-5,3],[580,820,7,-4,3,5,3,-2,6,3,-15,3,-3,-2,1,-3]]
323786	r	20832	[[617,803,2,-2,14,0,5,-4,2,0,2,2,3,-2,0,-1,2,-2,-1,-2,3,0,-4,-6,2,-3,-1,-2,2,-1,8,3,0,2,5,1,0,-2,2,2,1,-1,-2,0,1,-2,5,-3,-1,-7,6,1,3,2,-2,4,2,-1,1,2,-6,3,-5,6,1,3,-3,0,2,2,-1,2,7,5,0,5,-2,-1,-4,2,1,-1,-3,-2,1,-2,-3,1,-4,-2,-2,3,2,7,-5,3,-4,-1,0,-3,-8,-1,-1,-2,-3,-2,-5,-1,-4,1,0,1,-6,0,-1,-3]]
750269	r	9475	[[562,805,2,-4,6,3,3,-1,3,-3,-2,-1,2,-3,-2,1,1,-4,9,-1,5,6,-4,3,4,3,5,-1,3,2,-1,2,2,1,0,3,-4,1,-4,-1,0,-4,-2,0,-4,1,1,2,-2,2,-4,1,-4,-3,5,-1,-5,0,-2,2,1,4,-8,0,-1,-8]]
311046	r	21998	[[523,765,7,-4,3,0,1,1,3,-3,8,-1,3,-2,2,4,5,-1,4,2,-7,9,2,3,2,-1,2,-4,4,7,5,-2,2,1,-2,-5,-5,-3,2,-3,-2,-1,4,-1,1,1,6,0,4,2,1,1,-3,2,2,7,4,1,1,2,-2,0,-1,4,-3,0,-4,2,-9,-1,0,-3,-2,-3,-2,-1,-8,3,-2,2,2,0,-1,3,-5,0,-1,-3,3,-1,-3,-2,-2,2,-2,-1,-1,4,3,1,-5,2,-3,-3,2,-5,-4,-3,-4,1,-2,-1,-1,-2,2,-2,-2,-1],[552,781,2,0,4,1,1,5,-3,-1,0,-2]]
314830	r	5861	[[729,739,5,-2,2,1,2,0,1,2,7,-3,0,-1,1,-2,1,2,3,-2,5,1,5,3,-1,1,-6,-3,-2,3,2,3,-2,2,5,1,3,4,2,0,-9,2,-2,-3,-3,-2,-3,1,-3,-3,-4,3]]
316541	r	10486	[[782,764,3,-1,-2,-3,8,-3,1,3,1,0,-2,1,2,1,-4,4,-3,1],[796,759,1,-8,10,-1,2,1,-1,2,4,-1,1,3,-1,-1,-3,3,1,1,-1,2,8,3,1,2,-1,2,5,-2,5,5,-2,3,-3,0,1,1,-7,-3,-7,1,-2,-2,-9,-1,-1,-2,2,-1,0,-3]]
325363	r	13189	[[695,731,13,-6,11,8,2,5,-5,-1,-3,1,1,4,-2,2,4,1,-7,4,3,4,-3,1,-11,0,-2,-7,3,-2,0,-1,1,-3,2,0,1,-5,-4,-1],[712,759,0,-3,1,0,1,-2,10,1,2,3,-2,1,1,2,2,0,1,6,-4,1,-5,-6,-5,-1]]
308464	r	19474	[[697,768,4,-3,0,-2,4,0,-2,-7,7,-2,2,3,0,2,7,3,5,6,3,0,0,-2,3,-1,2,3,3,0,-2,2,3,1,-2,3,5,5,-4,4,-7,-1,-6,6,-23,-4,2,-5,-2,-3,3,-1,1,-5]]
306571	r	36509	[[625,753,3,-8,6,1,1,2,-1,3,3,0,3,3,1,0,2,-6,-3,-2,0,-1,-2,-1,3,-3,1,0,4,-3,2,-3,2,0,0,2,5,0,1,10,4,3,3,-1,0,2,4,-1,-1,-1,6,1,7,3,-3,2,2,2,0,3,3,1,-2,1,-5,0,-3,-1,0,-1,-5,0,0,5,-3,1,4,4,1,9,-5,4,1,3,-3,-2,0,2,-5,-1,0,-2,-3,-1,-4,-3,-2,2,-7,-2,-3,4,-5,-2,3,-2,-3,0,-1,-5,1,-2,-2,-1,4,-4,-4,-3,1,-3,-4,-5,2,-2],[683,749,2,-4,2,0,0,2,2,1,-4,3]]
323777	r	26220	[[584,725,3,-2,5,0,3,-5,9,3,6,-1,5,5,2,8,3,0,18,-6,4,-5,6,-4,4,5,-1,1,1,1,1,5,-3,1,-1,2,1,2,-2,0,-2,3,-7,4,-3,6,-10,-4,1,-2,5,-2,-1,-2,4,-2,-2,-3,-10,4,1,4,-2,2,1,1,-2,3,-13,-1,-4,2,-7,-5,0,-3,-2,0,1,-2,-3,-3,1,-2,-8,-4,0,-3]]
315202	r	14736	[[600,795,1,-2,3,1,4,-9,3,-3,4,-1,4,1,-1,2,3,-1,2,2,3,0,5,-4,4,0,2,3,3,1,-1,1,1,1,0,3,-2,2,1,1,-4,1,3,3,-2,1,-3,3,-15,0,-1,2,4,2,-4,1,-5,0,-4,-4,-2,-5,-4,0]]
315368	r	25595	[[805,799,6,-2,-1,-5,2,-2,0,-1,10,-3,7,1,3,-2,0,-2,7,1,5,2,0,3,6,3,-4,5,5,3,-4,4,-3,0,-1,3,7,1,-1,2,3,4,-3,3,-2,-1,0,3,-3,0,-5,0,-2,-1,-1,-5,-2,2,-6,-3,-2,0,0,2,1,1,-4,1,-5,-1,-1,-4,-5,0,0,-4,-2,0,0,-2,3,0,1,-2]]
304922	r	13442	[[745,770,10,-5,0,-2,-3,-2,0,-2,3,-1,8,1,-1,2,10,1,3,-2,8,4,-1,0,0,3,-4,0,-4,5,-5,3,4,0,-2,4,3,2,-2,1,-6,1,-7,-2,-2,2,-5,-3,-2,1,1,-6]]
304531	r	17903	[[648,718,8,-2,9,3,10,0,7,2,7,8,10,6,4,1,-1,5,-3,2,0,2,-3,2,0,2,-7,-1,-4,-4,-4,-1,0,-1,-2,0,1,-1,-3,-1,2,-6,3,-1,1,-4,-4,-4,-2,1,-3,-3,-1,1,-1,-1,1,2,-2,3,5,4,-1,2,-1,0,0,5,-9,0,-2,-3,-3,1,-2,-1,1,-2,6,-3,-4,0,-2,-2,2,-2,-3,-1,1,-4,-3,-2,-5,2]]
298117	r	18626	[[853,766,2,-2,-1,-3,4,-6,19,0,4,1,1,-2,6,2,-4,2,6,9,-4,1,0,4,-1,2,1,2,-3,4,2,2,-5,5,-7,-3,-1,-4,-8,-2,-9,-9,1,-2]]
738329	r	35	[[581,822,-1,-2,2,0]]
321836	r	1917	[[820,756,2,-4,9,3,-1,8,-6,-2,-3,-2]]
298333	r	12488	[[757,744,0,-3,3,0,1,-4,3,1,0,3,3,2,5,-3,0,-3,3,-3,10,-1,20,5,-3,5,-5,0,0,-2,-8,-1,1,5,-2,0,-4,2,2,5,-9,2,-7,-4,-6,-2,-4,1]]
315808	r	3906	[[774,772,4,-5,7,-1,8,6,2,-1,-1,1,2,2,-10,5,-3,-2,-5,1,0,-4]]
323779	r	2036	[[716,725,4,-5,-2,-2,2,-1,3,-1,1,3,3,1,1,4,-2,4]]
740264	r	11731	[[698,825,2,-2,-1,-1,10,-2,4,-3,7,-1,7,3,1,-2,10,2,2,3,3,0,2,5,-5,3,-6,2,-5,-2,-4,6,-6,3,-7,-2,-6,-5,4,-5,-3,0,1,-2,-4,0,-1,2]]
310859	r	12280	[[724,759,2,-1,-2,-3,1,-2,0,-7,5,3,4,-5,4,3,4,-3,3,3,3,-1,3,2,2,3,-3,7,2,0,0,3,-10,2,-3,-1,2,2,0,8,-8,-2,2,-2,-3,0,-2,-3,-2,0,-1,-4,-2,0]]
298299	r	7774	[[574,782,5,-1,1,-4,2,0,-1,-2,-4,-1,0,-8,7,-1,4,2,4,-2,0,3,4,1,4,-1,-1,-1,2,-1,-2,13,-7,3,-17,1]]
324190	n	1072	[[635,733,6,-2,3,-4,1,3,0,3,-3,2,-4,0]]
324496	r	7114	[[663,766,3,-1,0,-5,13,3,2,-2,-1,-1,3,-1,6,8,-2,3,2,1,-5,4,-8,1,-3,-2,-6,-1,0,-3]]
317109	r	12548	[[571,751,6,-8,2,0,3,-3,0,-2,3,-1,3,3,0,1,1,0,0,3,4,0,1,10,2,0,2,1,-3,1,-1,4,4,3,3,1,1,1,-3,2,1,1,-4,1,-4,-1,0,-3,-4,2,-4,-2,-7,1,1,-1,-1,-1,-4,-2,4,-2,-2,-1,0,-2,3,-2]]
325330	r	4049	[[752,755,1,-4,4,-1,7,-2,6,2,0,8,-2,3,-6,0,1,-2,-9,-1]]
752850	r	4169	[[603,823,0,-5,1,1,1,-2,-2,-2,1,-6,5,-2,7,3,-1,12,-8,2]]
747014	r	1135	[[579,813,7,-3,5,2,1,2],[587,816,5,0,3,5,-2,-2,-3,2]]
748879	r	7543	[[685,805,15,-2,7,2,1,4,-2,5,-11,9,-9,-5]]
300619	r	16505	[[722,790,3,-4,5,-4,3,2,6,-4,5,0,7,2,5,4,3,5,1,6,-4,8,-8,2,-23,-12]]
325303	r	6249	[[599,779,1,-11,4,-3,10,0,1,6,2,0,-1,2,1,9,-2,-1,-4,1,-1,2]]
311111	r	1326	[[722,729,6,-2,3,2,1,6,-8,-1,0,-1]]
738648	r	6987	[[781,821,2,-6,4,0,2,-2,5,-1,3,3,0,-3,2,-1,2,2,1,-2,8,0,-1,2,1,1,-2,2,2,1,-7,6,-16,3,-4,0,1,-4]]
322165	r	17296	[[529,788,1,-2,4,-4,1,1,-2,3,5,4,2,-4,3,2,6,0,8,-2,1,1,2,-3,5,-2,8,1,0,3,2,0,4,2,-1,2,2,2,-4,1,-1,2,-4,0,-4,2,-4,5,-11,4,13,2,1,7,-10,1,-7,-2,-3,-3,4,-4,-3,-5,2,0,0,-2,2,-1,-7,-5,-5,2,-4,-1,-2,-5]]
741100	r	8028	[[734,818,3,-3,0,-1,7,0,1,-2,7,-1,-1,-5,9,-3,1,7,2,0,-2,2,2,11,-6,3,-12,1,-2,-4,8,-3,2,1,0,-3,-3,1,-3,-2,-1,3,-2,-2,-3,0,2,2,0,2,-2,0,-3,-3]]
303195	r	1728	[[721,744,1,-1,-1,-4,7,0,6,5,-2,3]]
748893	r	794	[[552,823,2,-3,3,2,1,-1,-1,1,3,-1,2,6,-4,-2,1,-2],[554,829,4,1,1,2,4,0,-6,0]]
745028	r	1562	[[597,815,2,0,3,-6,2,0,-1,6,2,2,-1,2,-1,-1,0,5,-5,0,1,-1,-1,0,-1,-2,2,-3]]
747764	r	3528	[[615,822,1,-13,9,-1,4,12,-5,2]]
307654	r	4851	[[664,793,3,0,-1,-3,3,-3,3,0,9,5,1,7,-3,5,-7,0,1,0,-1,-2,-7,-5,1,-2]]
305268	r	4124	[[592,782,7,-3,11,5,-2,1,0,3,-4,6,-7,0,-2,-2,0,-3]]
750516	r	5530	[[624,807,13,-1,3,2,1,2,4,1,1,4,-5,6,-4,1,-8,-2]]
747712	r	2574	[[526,835,6,-3,1,-4,-6,-3,9,0,2,5,-1,10,-5,-1,-1,-3,-4,0]]
309527	r	5462	[[653,736,2,-2,8,-2,-4,2,0,3,2,1,2,-2,2,3,12,1,-6,10,-5,-1,1,1,-4,1,0,-2,-3,1,-4,-3,0,-9]]
300614	r	4279	[[777,754,9,-2,-2,-5,4,-3,4,2,-1,1,2,3,4,1,-1,6,-3,-1,-10,4,2,3,-1,1,-4,-2,-1,-6,-1,0,1,-1]]
311073	r	5537	[[606,764,2,-9,2,-1,1,-8,9,3,3,4,0,6,-7,5]]
322830	r	6940	[[539,753,2,-2,3,-6,6,3,-1,2,-3,0,0,2,-3,-1,1,1,-4,1,5,2,0,3,-2,0,0,-2],[548,757,5,-4,-1,-3,3,1,1,-2,2,1,7,-1,0,3,1,-2,6,-1,-1,2,7,4,-3,2,0,2,2,1,-6,2,-3,-7,-5,6,-8,-2,-5,1]]
315498	r	4839	[[671,750,6,-10,3,1,-1,1,2,0,0,1,4,1,-2,3,0,2,1,1,6,-3,5,2,-9,8,-6,3,-2,0,0,-3,-2,-2,3,-2]]
298033	r	2102	[[789,744,0,-4,8,1,0,2,5,0,-5,8,-4,-1,-2,-3,1,-1,-2,0,0,-1]]
315373	r	7986	[[775,795,1,-5,6,-2,21,1,2,5,-10,8,-17,0]]
307515	r	7044	[[670,786,7,-5,-1,-2,-2,1,2,-4,8,-1,15,9,-16,9]]
307084	r	1252	[[803,741,1,-3,12,4,-2,0,-1,5,-4,-1,-1,-2]]
749780	r	4841	[[514,803,1,-1,5,1,-1,2],[521,813,9,-1,5,1,-7,1],[523,795,0,-2,15,3,-2,12,-8,-4,-2,-4,-2,0],[523,801,5,2,-1,1,5,3,3,4,-11,-4,1,-2]]
318253	r	1595	[[835,743,6,1,3,2,2,-1,2,3,-6,0,-1,2,1,3,-4,-1,0,-4,-3,0]]
745169	r	1272	[[585,801,4,-3,-1,-2,6,0,2,3,-1,4,-6,1]]
300808	r	2668	[[679,725,4,4,-1,4,-3,1,-2,6,-6,0,3,-2,0,-4,1,0,1,-2,-5,-4,2,-3,-1,-2,2,0,3,3]]
304797	r	5200	[[798,750,5,-8,5,2,1,2,4,1,1,-5,8,0,-2,1,0,4,4,0,-3,1,2,3,-3,4,-3,-3,0,2,-4,1,-1,-3,-4,1,1,-2,-2,-1,-5,1],[831,750,3,0,0,-1,3,-1,1,4,-2,2,-1,0]]
738743	r	4484	[[725,801,0,-6,22,11,-1,3,-12,2,-6,-1]]
321082	r	7760	[[798,775,7,-6,4,3,7,-1,3,2,3,11,-9,5,-10,-1]]
746881	r	4054	[[761,810,8,-2,7,2,5,7,0,4,-12,-3,-6,1,-2,-7,2,-2]]
743882	r	10395	[[662,833,3,-12,19,-2,6,6,-2,8,-8,5,-10,0]]
748208	r	1197	[[591,812,1,-1,2,1,4,-1,0,-2,4,0,-5,6,-5,-1],[592,816,5,-1,2,4,-4,2]]
744562	r	6431	[[641,821,5,-5,8,-1,7,2,4,6,-2,6,-4,3,-11,-4,1,-2,-5,0]]
309647	r	6921	[[846,796,3,-2,1,-2,16,-4,4,1,1,5,-2,9,-18,1,-2,-2,2,-3]]
738927	r	8148	[[531,818,4,-3,5,-1,-2,-1,1,-3,7,1,6,5,14,-1,-8,7,0,-1,-1,1,-3,-2,-2,2,1,2,6,-1,-1,2,4,2,-1,3,2,2,-2,0,-3,-2,-6,-1,0,-4,-3,-1,-6,3,-2,-2,1,1,-2,1,-1,-3]]
740483	r	1888	[[807,820,3,-3,-2,-1,2,-2,-1,-2,4,0,6,3,-4,8]]
303873	r	678	[[564,761,4,-6,3,7,-4,1]]
302043	r	1341	[[558,768,6,-1,5,4,-1,2,1,1,-2,-1,-5,2],[575,767,1,-1,0,3]]
752015	r	2605	[[708,813,2,-1,-2,-3,12,1,2,-1,4,3,-2,1,-1,5,-3,-2,-4,2,-5,-4]]
300797	r	920	[[846,745,2,-3,4,1,2,4,6,0,-12,1]]
300822	r	4298	[[830,763,1,-8,3,-2,2,1,2,-2,4,1,9,7,0,1,-20,4]]
307864	r	1502	[[734,736,5,-1,2,-3,10,2,-3,2,0,-1,-2,0,0,2,-7,3,-1,-2,-2,0]]
738618	r	1234	[[717,809,4,-2,0,-2,4,-4,2,7,2,2,-3,2,-4,-3,-2,1]]
298435	r	482	[[716,726,0,-1,5,2,2,5]]
751077	r	795	[[552,806,11,-4,-1,3,1,0,2,3]]
298806	r	536	[[553,772,3,0,2,-4,-1,-2,-3,1]]
737022	r	1634	[[633,827,1,-1,3,0,-2,-3,2,-1,4,-1,3,5,-3,6]]
311665	r	3245	[[869,803,2,-8,0,2,15,-4,0,2,8,0,-7,6,-8,-1,-6,2,1,1,-1,3]]
741385	r	1564	[[564,801,7,-6,3,0,0,2,2,-1,-2,3,2,1,-3,3,-3,1]]
300075	r	861	[[762,737,4,1,11,-4,-5,2,0,4,-5,3,-3,-1,-1,-2,1,-2]]
304854	r	2282	[[621,746,3,-5,-1,-4,12,-3,0,2,-4,2,1,2,-5,2,1,4,-2,3]]
300371	r	780	[[548,787,2,-2,-1,-2,2,-3,5,4,-1,3]]
310855	r	2111	[[768,761,2,-3,0,-8,9,5,-1,1,1,0,1,6,-5,-2,-3,2]]
318675	r	1440	[[711,743,3,-1,-1,-4,1,-1,7,2,1,3,0,2,-4,-1,0,2,-2,1]]
320392	r	6086	[[593,748,6,-4,5,4,1,-2,6,0,-1,8,-2,1,-2,10,-5,1,0,-2,-3,-1,-4,-3,1,-4,3,-1,-2,-1,-2,0]]
302525	r	3480	[[635,794,3,-1,0,-2,2,-1,0,-3,-1,-1,1,-1,-4,-2,4,-4,6,1,1,3,-2,3,4,6,-3,0,1,2,-2,2,0,1,-3,2]]
751335	r	1825	[[703,828,7,-1,-4,5],[710,829,1,-3,7,-1,2,5,2,3,-3,2,-4,-2,0,-3]]
304184	r	16650	[[542,740,10,-2,-6,-3,1,-3,6,0,4,2,3,-5,10,5,5,-4,3,1,2,-4,4,-2,2,1,0,3,8,4,-1,2,3,4,-4,0,-4,-3,-2,2,0,-6,-2,-1,0,-2,-2,0,0,2,-2,0,2,2,-4,2,6,2,-2,1,0,2,-5,3,-5,7,-6,0,-1,2,0,-3,-2,0,-13,2,-1,-3,-6,-5]]
315530	r	2501	[[860,781,2,-3,8,1,2,1,1,4,2,1,-5,4,-4,-1]]
743952	r	8255	[[845,807,2,-3,22,-1,4,3,-2,4,3,2,0,3,-5,7,-17,-8,0,-1,-3,-3,1,-2]]
303827	r	6131	[[683,759,12,-10,2,1,1,4,4,-1,4,2,-3,1,2,7,-4,0,0,2,-3,2,-6,-1,-2,2]]
741855	r	2242	[[536,824,2,-1,2,4,2,-1,-1,-1,2,2,5,-3,3,1,5,9,-18,-4]]
749748	r	7607	[[660,815,7,-7,3,-2,2,1,0,-3,11,-1,2,2,1,13,-21,3]]
303750	r	1191	[[818,742,6,-1,11,1,-2,3,-2,0,-1,1,-4,-2,-4,3,-2,0,-1,-4,3,-1]]
747471	r	1280	[[624,822,5,-2,8,2,-2,1,2,2,-4,1,0,2,-5,-2,0,-2]]
306112	r	2023	[[709,749,9,-4,0,3,6,7,-8,-1,-2,0,-1,2,-3,0,0,-2,2,-2]]
296562	r	6440	[[683,793,16,-9,0,7,2,-2,1,1,-2,5,2,5,-2,0,0,3,-15,2,-2,-2]]
302819	r	4130	[[843,785,11,-4,0,-2,4,0,8,9,-16,4,-6,-3]]
324698	r	1655	[[549,780,10,-5,2,1,2,4,-4,5,-2,-3]]
324859	n	1592	[[773,779,1,-3,4,-1,0,3,5,-1,2,2,-2,3,-4,2,-4,-2]]
304081	r	6672	[[819,773,4,1,-1,-1,3,0,2,-3,-2,-2,6,-2,9,10,-1,8,-7,-1,0,2,-3,2,-7,-1]]
303798	r	1022	[[752,743,2,-1,-2,-2,2,-4,6,3,0,2,-3,0,0,5]]
747155	r	384	[[746,819,1,-2,3,2,3,-1,1,2,-5,2,-1,-3]]
751057	r	3173	[[641,832,3,-6,5,0,-1,2,14,5,1,3,-1,3,-10,-2]]
315795	r	4208	[[734,774,2,-3,5,0,0,-7,-2,-2,3,1,10,-2,3,2,-1,3,-9,4,6,6,-9,1],[750,758,2,-3,2,4]]
318137	r	4117	[[862,755,0,-8,14,-3,2,1,2,7,-2,1,4,3]]
738349	r	569	[[740,818,4,0,1,2,3,-1,1,3,-6,1]]
304382	r	2507	[[821,749,2,-1,0,-3,2,-1,5,2,3,-1,2,-2,0,5,-1,1,0,1,-3,0,3,3,-3,2,-9,-3]]
303831	r	3421	[[686,772,3,-1,-2,-1,1,-2,5,-2,3,0,1,3,3,-1,2,3,-2,6,-5,2,-6,-2]]
321031	r	1596	[[809,757,3,-3,1,1,1,-1,2,0,2,-2,3,3,-1,1,2,3,-5,2,-1,-2,-4,2,-3,-1,1,-2]]
750598	r	2510	[[594,802,1,-2,6,0,7,2,3,2,-2,3,-7,2,-6,-2,1,-2]]
321580	r	17	[[621,737,1,0,0,1,-1,0]]
299582	r	2930	[[839,775,5,-7,4,-1,-1,-2,4,-4,3,0,1,3,-2,2,3,1,-1,2,4,3,-10,2,-4,-2,-5,4]]
296173	r	4138	[[878,753,2,-1,-2,-7,2,1,4,-1,1,-5,7,4,3,-1,1,3,-5,3,1,6,-3,1]]
310892	r	1548	[[718,744,14,3,-2,2,-5,-3,0,7,-1,2,-6,-7]]
316411	r	3417	[[870,789,5,-4,6,3,7,0,1,6,2,1,-5,0,0,-2,-15,4],[892,795,4,-2,-2,2]]
322673	n	487	[[532,786,3,-3,5,3,-1,1,-1,3]]
300399	r	1003	[[540,753,4,-1,-1,-1,3,1,1,-2,4,0,2,2,-3,3,0,2,-3,-1,-1,-2]]
751949	r	2626	[[815,823,4,-8,5,2,1,-2,3,0,0,13]]
300640	r	4509	[[841,750,3,-2,18,0,0,7,-4,0,-4,6,-12,-8]]
303700	r	1010	[[556,764,2,-1,1,-2,-1,-1,2,-1,4,4,-2,5,-4,0]]
300796	r	2121	[[813,761,3,-2,1,2,5,-1,2,2,6,1,1,2,-6,3,-3,-3,-5,2,1,-2]]
325103	r	2703	[[839,782,1,-6,3,-2,2,-2,4,2,5,-1,-4,8,-7,4]]
324490	r	3660	[[617,766,4,-6,8,-2,2,3,-1,3,4,3,-4,4,2,1,-1,3]]
305359	r	286	[[540,753,7,1,1,3,-3,1,0,-3]]
300352	r	6106	[[699,785,13,2,4,3,2,5,-11,10,-7,-2,0,-3,2,0,-2,-1,0,-4,2,-5,-1,-1,-1,1]]
748870	r	1942	[[655,814,3,-2,-1,-8,2,-2,3,2,3,-1,-1,2,2,0,-1,1,2,2,-7,7]]
750605	r	3837	[[535,811,1,-1,2,1,0,2,2,1],[536,808,2,-12,7,-1,6,4,-2,1,0,2,-2,0,3,4,-3,1,-1,3]]
314967	r	1288	[[578,735,4,-2,-2,-2,2,0,1,-2,3,3,0,4,-4,1],[587,738,2,-2,2,3,-3,2]]
743166	r	3901	[[537,840,1,-10,18,4,3,4,-2,2,-6,-2,-6,4]]
321426	r	1533	[[538,785,4,-2,-3,-1,1,-4,2,1,2,-2,3,2,-3,1,1,3,5,1,-2,4,-6,-1]]
323828	r	2259	[[651,724,1,-1,-1,-1,5,-2,3,2,-1,4,3,1,-2,2,2,2,3,0,-9,3,-3,-4,0,-5]]
302355	r	490	[[726,727,2,-3,6,1,-3,4]]
316284	r	1028	[[721,739,4,-5,7,1,2,2,-5,2]]
320879	r	4972	[[614,765,17,10,1,5,-7,4,-7,0,-2,-11,1,-2,-2,0]]
737054	r	3842	[[707,805,12,-11,6,2,0,5,-4,4,-1,2,-6,2,-6,0]]
320557	r	1411	[[594,796,2,-2,5,-1,-1,1,0,2,6,1,2,5,-13,-2,1,-1]]
739634	r	857	[[559,822,1,-1,8,0,-3,6,-2,0]]
321025	r	2779	[[831,766,20,-5,-4,4,1,2,-4,1,-5,7]]
325336	r	1623	[[850,781,4,-8,5,-1,5,5,0,1,-4,2,-2,-1,-4,0,0,2]]
315468	r	3302	[[787,767,2,-1,4,-3,-2,-5,3,-2,2,1,0,2,3,4,0,3,-2,1,1,2,7,0,-7,6,-4,-2,1,-2,-2,1]]
747489	r	2719	[[724,818,0,-5,3,-1,0,-2,7,1,9,-2,1,2,-2,3,-5,0,0,1,-4,3]]
299545	r	4760	[[574,786,2,-3,16,-1,3,7,0,3,2,1,-3,3,-8,0,-2,-4,-4,0,-2,-2,1,-2]]
741045	r	601	[[584,808,6,-1,0,4,2,0,-1,1,-4,0,-2,-2]]
301010	r	1810	[[623,748,3,1,1,2,-2,2,4,1,-1,1,-1,1,-2,-1],[633,750,5,-6,2,1,0,1,3,2,-2,6]]
741609	r	2285	[[697,821,9,-7,2,-4,2,2,-2,1,3,1,4,3,-6,3,-10,2,0,1],[704,826,4,-1,-1,2]]
749704	r	789	[[728,820,1,-1,4,3,1,-2,2,3,1,1,-1,1,0,2,-4,0,-2,-2,2,-1,0,-2]]
750938	r	5133	[[795,802,11,-9,5,1,0,3,-6,2,9,4,-1,2,-3,0,0,2,2,0,0,4,2,0,-5,1,0,-2,-5,1,-6,-1]]
746425	r	6481	[[772,804,1,-2,22,0,3,7,4,1,0,2,-2,1,1,-2,-2,0,-2,1,0,3,-3,-3,-5,1,-2,2,-4,0,0,2,-2,1]]
298846	r	5107	[[782,788,4,-9,10,-5,2,1,5,12,-2,2]]
739600	r	3998	[[685,839,8,-10,4,-1,6,0,5,6,-6,4,0,2,2,0,-4,2,-5,-3]]
751817	r	5235	[[828,816,8,-3,2,6,7,0,1,10,-7,1,-3,-2,-6,2,-2,-2]]
751952	r	5593	[[845,819,2,0,0,-3,2,1,3,-3,16,8,0,2,-6,1,2,1,-9,4,1,1,-4,1,-3,-3,-3,0]]
3574810	r	697	[[-1230,209,3,-1,2,1,-2,2,1,5,-3,-1]]
3574116	n	760	[[-1232,205,2,-4,4,1,-1,6,-3,0,1,-3]]
3573890	r	106	[[-1231,213,2,-1,0,4]]
3573840	n	1252	[[-1227,208,1,-6,3,0,3,1,1,4,-2,2,-4,0]]
3575051	r	423	[[-1227,211,2,-2,0,6,2,1,-3,0]]
3574636	r	141	[[-1233,214,3,0,0,1]]
3573899	r	449	[[-1239,201,9,0,-3,4]]
3573703	n	276	[[-1217,223,6,3,-2,0]]
3573732	r	996	[[-1225,209,4,0,0,5,3,3,-6,-1]]
2110394	r	7220	[[3578,-160,-6,-10,13,-12,8,7,-7,9]]
1668341	r	1532	[[2429,502,2,-3,2,2,-2,3],[2429,493,3,-3,5,0,1,2,-2,1,0,4,3,3],[2433,503,2,-2,1,2]]
12908892	r	3283	[[2421,501,7,-9,4,4,8,4,-2,3,-2,0,-1,-2,-2,1,1,2,-2,2]]
1668399	r	6398	[[2405,477,1,-1,5,1,7,-4,4,1,4,3,0,5,-2,2,3,0,2,4,-4,1,-4,-3,-9,3]]
1673820	r	4975	[[2404,458,3,-8,6,-5,1,1,3,3,0,4,-2,2,-4,2,6,0,-1,2,2,6,3,1,-1,3,-7,-3,0,-2,-5,-6]]
1668355	r	2220	[[2401,462,3,-5,0,1,3,0,6,6,-3,1,1,2,-3,1,-4,-2,-2,1]]
1675151	r	1991	[[2416,493,7,-5,5,3,-7,10]]
1678836	r	1928	[[2402,467,2,-1,5,2,2,-1,-1,-2,2,-1,3,6,-10,4,-3,-4]]
1665196	r	1541	[[2404,474,12,-4,2,3,-7,4,-7,-2]]
1668295	r	2073	[[2416,456,3,-7,8,12,-7,0]]
1674504	r	1537	[[2426,480,1,-4,4,-2,3,11,-5,-1]]
1671971	r	1189	[[2411,488,7,-2,4,3,-6,4]]
1672228	r	102	[[2391,471,2,0,-1,1]]
1678008	r	156	[[2366,488,3,1,-1,1]]
160263	r	6305	[[769,-135,2,-6,4,-3,3,-1,2,4,5,-4,6,2,-1,6,-4,1,-3,5,-2,-2,-2,2,-2,-2,-1,2,-6,-2]]
152224	r	16957	[[639,-46,1,-1,2,2,-1,1],[641,-48,4,-4,6,0,0,3,-4,0,-1,4,-1,0,-2,-3],[647,-38,7,-12,3,0,-1,-3,2,-3,-3,-4,1,-5,1,0,5,-4,6,3,2,8,2,2,3,-1,1,2,-3,2,0,2,-4,0,1,2,-7,12,-7,6],[648,-47,2,-1,1,3,-2,-2,0,2]]
160196	r	15976	[[701,-123,2,-8,7,-5,7,-1,8,4,-2,21,-2,1,-11,0,-3,-1,-5,-5]]
148730	r	1534	[[784,-123,1,-3,1,1,2,-2,0,1,1,-3,2,2,-1,5,0,-2,-2,0,-1,9,-3,-3]]
161325	r	5044	[[725,-67,2,-6,6,-3,7,14,-4,3,-5,-1,-4,-3]]
154380	r	3646	[[662,-178,2,-3,4,-2,9,5,-3,5,-5,3,-1,0,0,-4,-4,-1]]
153220	r	5424	[[746,-136,1,-6,6,-2,6,2,2,6,-2,5,-6,2,-3,0]]
158597	r	5478	[[644,-82,4,-4,0,2,3,0,1,-2,3,1,-2,2,1,4,5,1,2,2,-2,6,-7,3]]
149606	r	3659	[[775,-94,2,-16,2,-1,5,17,-3,3]]
159908	r	4641	[[637,-48,7,-17,9,0,-2,6,0,3,-2,1,-2,3,-6,4,2,0,1,2]]
149658	r	77150	[[621,-111,2,-4,3,-1,7,-1,4,3,3,-1,4,-9,4,-1,7,-9,0,-6,5,3,7,-2,9,2,3,8,0,7,3,5,-2,3,5,6,-2,4,-4,1,-1,11,5,10,-11,4,-9,-1,-6,1,-3,-1,-1,-4,2,-2,-3,-1,-1,2,-3,0,0,-3,-14,6,-1,-7,-4,-1,1,-4,-5,-6,-1,-5,5,-2,-5,1,0,-4]]
149703	r	8760	[[623,-159,3,-7,6,-3,7,3,3,7,-3,6,-7,3,-6,-3]]
877401	r	8148	[[704,-210,5,-13,8,0,5,6,0,7,-5,5,-8,0]]
161218	r	8057	[[670,-58,4,-6,8,-2,6,5,1,7,-5,7,-11,-2,-2,-3,2,1,3,-5,-4,0]]
158214	r	1021	[[597,-87,4,1,2,4],[598,-94,2,-1,1,2,1,-2,2,1,1,4,-3,2,-3,-4]]
149879	r	7290	[[686,-96,3,-7,6,-2,6,2,2,7,-2,6,-6,2,-6,-2]]
157738	r	43908	[[586,-97,6,-17,-2,-6,1,-6,0,-1,4,3,4,-6,4,1,2,-2,0,8,-2,7,5,5,-4,6,10,2,3,-4,4,2,3,-1,1,7,5,7,-3,9,0,6,-3,3,-2,9,-2,1,2,5,-2,2,-4,-4,1,-4,-4,-1,0,-3,-4,-2,-1,-5,-1,0,-6,-10,-5,-1,-1,-2,-7,0]]
153209	r	3027	[[741,-65,4,-8,4,1,3,3,0,5,-3,3,-5,-1]]
149402	r	1324	[[649,-183,1,-2,12,-4,-10,9]]
159492	r	7734	[[725,-163,2,-6,7,-3,6,3,3,6,-3,7,-6,2,-7,-2]]
153176	r	9573	[[611,-127,3,-7,7,-3,7,3,3,7,-3,7,-7,3,-7,-3]]
159071	r	5684	[[706,-155,1,-3,7,-5,6,2,2,6,-2,5,-6,2,-6,-2]]
160892	r	7114	[[668,-40,1,-5,4,-4,11,2,3,7,0,3,-4,3,-15,-2]]
152451	r	3384	[[670,-30,1,-3,3,-3,6,1,2,5,-2,4,-4,2,-4,-2]]
160961	r	3510	[[630,-27,2,-4,4,-2,4,2,2,4,-2,5,-4,1,-4,-1]]
877747	r	2416	[[796,-207,2,-4,4,-1,3,-1,4,4,0,3,-2,-1,-2,3,0,-2,-3,1,1,2,-3,0,0,-1,-1,2]]
150006	r	5201	[[660,-73,1,-4,4,-1,7,0,2,-1,3,6,-3,6,-5,2,-3,-3,-4,0]]
149581	r	2811	[[681,-26,1,-5,5,-2,4,1,3,4,-11,6]]
150930	r	958	[[659,-78,3,-1,3,1,-4,2],[662,-87,4,1,1,-1,0,3,-2,1,1,1,-4,0]]
155101	n	1960	[[692,-177,1,-3,4,-2,3,2,1,3,-1,3,-3,2,-4,-2]]
150103	r	3654	[[645,-45,2,-1,0,-3,4,0,0,-3,-4,0,2,-3,2,-1,0,-3,2,-6,3,0,-1,5,3,4,-2,3,1,3,-2,-1,-5,9]]
159675	r	10667	[[748,-109,3,-7,6,-4,8,0,6,5,-12,18,-8,-4]]
158151	n	2071	[[668,-185,1,-3,4,-1,3,1,2,3,-1,3,-4,2,-5,-2]]
13132458	r	8208	[[695,-166,12,-10,7,3,2,7,-13,10,-6,-4]]
878281	r	7104	[[783,-200,3,-7,7,-4,6,9,-1,2,-3,0,1,3,-2,2,1,2,-2,4,-7,-4]]
149129	n	1658	[[635,-70,1,-3,3,-1,4,6,-2,2,-3,0]]
151479	r	14651	[[684,-192,6,-8,1,-3,10,1,9,7,2,5,0,6,-27,3]]
157403	r	16390	[[722,-140,8,-10,10,-4,3,-3,4,5,-1,16,4,6,-5,7,-3,2,-4,-3,1,-2,1,0,0,-2,-15,-6]]
878058	r	10521	[[765,-214,3,-8,8,-3,8,3,3,8,-3,7,-8,3,-8,-3]]
148942	n	1639	[[654,-182,6,-5,3,4,-1,4,-3,1,-3,-1]]
161290	r	4667	[[766,-129,0,-4,10,2,1,-2,2,2,2,-2,2,2,-6,4,0,4,-4,6,-5,-5]]
156510	r	11180	[[705,-103,7,-6,9,0,6,7,-1,9,-1,2,-19,-1]]
158160	n	2124	[[633,-61,2,-4,2,0,3,0,3,3,-4,7,-4,-2]]
161312	r	5451	[[707,-84,2,-5,3,-2,7,0,4,7,-3,5,-5,2,-5,-2]]
156479	r	4343	[[763,-102,5,-8,5,1,3,4,-1,6,-4,3,-5,-1]]
877998	r	10102	[[691,-209,3,-6,-2,-7,3,-5,3,-1,1,-3,6,0,5,3,1,1,-9,21,-5,0]]
149027	n	1947	[[626,-66,1,-3,4,-1,3,1,1,3,-2,4,-2,1,-4,-1]]
160677	n	490	[[793,-108,3,0,1,5,-4,-1,3,-1,-3,-1]]
13132456	n	1961	[[728,-122,2,-3,3,-1,3,1,2,3,-2,4,-3,1,-3,-1]]
154654	n	1657	[[639,-74,3,-3,3,0,3,3,0,3,-5,3]]
6640202	n	1816	[[735,-72,2,-3,3,-1,3,2,1,3,-2,4,-3,0]]
148842	n	403	[[794,-100,0,-3,3,0,0,5,-1,-2,-2,2]]
703448	r	6966	[[596,1010,3,-3,6,-2,-1,-2,7,-2,1,2,5,-2,6,1,4,2,1,3,-2,4,-9,5,-15,-1,-4,-2]]
706483	r	5114	[[714,1000,3,-6,8,-2,8,2,4,6,-4,5,-2,-1,-7,3,-7,-2]]
698740	r	3404	[[604,930,4,-1,-2,-4,4,-3,3,5,2,1,1,3,9,1,-5,4,-7,1,-6,-2]]
709930	r	4314	[[695,963,15,1,-1,3,4,9,-7,2,-7,-1,-2,-2,-1,-5,-1,0,1,-1]]
709717	r	3360	[[746,959,1,-3,4,-2,7,2,2,-1,0,1,7,0,-1,7,-14,2]]
702550	r	3649	[[471,997,2,-4,9,-2,6,2,2,4,-3,5,-8,1,-6,-2]]
687700	r	4726	[[691,959,3,-3,11,-7,6,3,3,4,-1,4,-4,4,-14,-1]]
703845	r	6599	[[653,961,8,-3,-2,-2,0,-3,6,-3,5,1,2,4,4,-2,7,8,-8,6,-18,-2]]
694423	r	154	[[671,891,-1,-1,-2,2,4,2]]
700569	r	5007	[[628,940,3,-5,1,2,-1,-2,5,-3,2,1,0,4,2,1,-2,-2,3,-4,10,8,-4,5,-8,2,-7,-2]]
689558	r	3623	[[560,985,3,-5,6,-2,7,2,3,5,-3,4,-7,2,-6,-2]]
702658	r	3253	[[780,974,3,-7,5,-1,8,2,1,2,-4,2,2,4,-6,2,-8,0]]
13580034	n	1918	[[742,942,1,-4,3,0,5,4,7,0,-2,4,-5,1,-4,-2,-2,2]]
693805	r	89	[[681,898,0,2,3,0,0,-2]]
710735	r	3473	[[616,1030,3,-4,7,-2,7,2,2,4,-2,4,-7,2,-7,-2]]
696643	r	3580	[[682,992,2,-5,7,-1,7,1,2,5,-2,4,-7,2,-7,-2]]
706369	r	3593	[[530,988,3,-4,7,-2,6,2,3,4,-3,5,-6,2,-7,-2]]
710791	r	2787	[[632,990,15,-6,4,5,-3,4,-6,2,-7,-1]]
710719	r	4142	[[508,966,2,-4,7,-3,6,1,3,4,3,1,0,1,-7,6,-3,1,-8,-2]]
686967	r	2946	[[564,1005,2,-3,14,-1,3,4,-3,4,-6,2,-7,-2]]
692194	r	3775	[[686,1018,3,-4,7,-2,7,2,3,4,-1,3,-2,0,-1,3,-9,-1,-1,1,-4,-2]]
695594	r	3250	[[516,1012,2,-4,7,-1,6,1,3,4,-3,5,-6,1,-7,-1]]
707753	r	1665	[[752,965,14,-2,5,3,-5,3,-8,0]]
707471	r	2242	[[488,975,5,-2,9,3,1,4,-4,3,-5,1]]
709932	r	3392	[[682,970,4,-5,9,-1,1,5,-1,1,1,0,2,4,-1,3,-8,0,-5,-3]]
691650	r	3949	[[502,991,3,-5,7,-1,7,1,3,5,-3,5,-7,1,-7,-1]]
704147	r	4335	[[657,981,0,-1,16,-5,5,3,1,3,-3,5,-8,2,-8,-2]]
705812	r	4241	[[635,970,3,-4,6,-2,7,1,4,4,-2,6,-6,2,-8,-2]]
702569	r	3484	[[498,1015,2,-4,7,-2,7,2,2,4,-2,4,-7,2,-7,-2]]
712165	r	3323	[[593,996,3,-4,6,-2,7,2,2,4,-2,4,-7,2,-6,-2]]
706524	r	108	[[730,906,3,2,-5,-1,0,-3]]
701404	r	3324	[[699,937,3,-4,6,-2,6,2,2,4,-2,4,-6,2,-6,-2]]
704508	r	1560	[[742,972,7,-4,5,5,-11,2],[742,975,12,-2,3,2,-14,2]]
690548	r	1298	[[443,968,3,-1,8,8,-6,3,-2,-4,-3,-3]]
688105	r	43	[[666,904,4,-1,-2,2]]
712451	r	2110	[[725,935,1,-2,8,3,2,-2,-1,-1,2,3,6,2,-3,4,-7,0,-6,-2]]
713716	r	1154	[[770,967,3,-2,10,2,-3,7]]
700051	r	2486	[[679,951,2,-4,6,-2,7,11,-4,1,-6,0,-4,-2]]
693468	r	2056	[[743,977,14,-2,3,2,-1,4,-7,2,-7,-2]]
697889	r	2994	[[710,967,4,-2,7,0,4,3,1,4,-9,5,-3,-1]]
691999	r	1936	[[760,978,7,-4,11,2,1,3,-4,5,-7,-5]]
706950	r	3028	[[523,974,3,-4,6,-2,6,2,2,4,-2,4,-6,1,-6,-1]]
700646	r	2393	[[447,967,3,-3,6,0,5,2,1,3,-2,4,-6,1]]
705135	r	2924	[[655,1025,3,-4,6,-2,6,2,3,4,-3,4,-6,1,-6,-1]]
690688	r	3527	[[595,975,3,-4,6,-2,7,2,3,4,-3,4,-7,2,-6,-2]]
713174	r	1295	[[756,974,2,-5,8,0,1,5,-7,3]]
704202	r	631	[[773,965,6,-5,2,7]]
688533	r	15	[[683,890,1,0,0,1,-1,0]]
698625	r	3286	[[653,974,3,-5,6,-2,7,2,3,4,-1,2,-12,4,-4,-2]]
709611	r	2106	[[462,987,3,-4,6,-1,5,9,-4,1,-5,0,-4,-2]]
692975	r	1385	[[766,969,4,-2,10,8,-2,1,-11,-2]]
693942	r	3172	[[660,1037,3,-4,6,-2,7,2,3,4,-3,4,-7,2,-6,-2]]
712441	r	2684	[[563,998,2,-4,7,-2,6,2,2,4,-1,3,-13,1]]
694382	r	744	[[766,963,1,-8,2,0,3,11]]
707308	r	1923	[[569,907,0,-1,7,-1,0,1,3,0,6,2,-4,4,-5,1,-5,-2]]
709161	r	38	[[707,901,-1,-1,2,0,0,2]]
704617	r	3084	[[485,1024,3,-4,6,-1,6,1,3,4,-3,4,-6,2,-6,-2]]
705104	r	853	[[749,968,3,-3,6,4,-2,5]]
699942	r	3205	[[629,1021,2,-4,7,-2,7,3,2,3,-3,4,-6,2,-7,-2]]
693457	r	2471	[[629,985,2,-5,7,-1,6,1,2,4,-14,5]]
706448	r	3537	[[643,933,0,-1,4,-1,5,1,-5,-3,-3,1,4,-3,4,-1,7,2,3,5,-3,4,-7,2,-3,0]]
707099	r	2340	[[478,979,4,-3,5,-2,7,11,-8,1]]
710554	r	2342	[[477,1008,2,-4,6,-1,6,1,2,4,-2,3,-6,2,-3,0,-2,-5]]
692105	r	2052	[[787,957,8,-1,0,4,5,5,-6,3,-6,-2]]
697593	r	3460	[[608,961,3,-4,6,-2,6,2,3,4,-3,4,-6,2,-6,-2]]
704901	r	3265	[[564,1019,2,-4,7,-2,6,2,3,4,-3,4,-6,2,-7,-2]]
692372	r	1918	[[471,982,9,-2,5,6,-3,3,-6,1]]
705392	r	3278	[[492,970,2,-4,7,-2,6,2,3,4,-2,4,-5,2,-11,-3]]
704422	r	2474	[[736,966,2,-4,6,-2,6,3,2,3,-9,5,-5,-2]]
699553	r	3128	[[543,1012,3,-4,6,-2,7,2,2,4,-2,4,-7,2,-6,-2]]
693381	r	821	[[772,955,3,-1,3,3,4,0,-3,3,-5,3]]
695274	r	1531	[[759,980,1,-2,8,1,6,4,-4,2,-5,0,-4,-1]]
702760	r	2591	[[718,978,1,-2,7,-3,6,1,2,4,-2,4,-6,1,-5,-1]]
691374	r	669	[[769,955,3,0,2,8,-1,2]]
709276	r	2112	[[687,946,5,-2,5,1,4,3,0,3,-7,4]]
696108	r	3086	[[639,1012,2,-4,7,-2,6,2,2,4,-2,4,-6,1,-7,-1]]
713259	r	1372	[[779,960,3,-3,5,1,1,8,-7,1]]
232422	r	9280	[[642,-2,3,-7,5,-1,5,2,0,-12,2,0,1,14,1,3,-2,10,2,1,1,3,-4,6,-1,-5,-6,1,2,-6,-5,-2,-1,-6]]
10943053	n	1770	[[644,10,1,-2,0,-3,6,2,-3,11,-3,0]]
229268	r	2751	[[609,-20,5,0,5,14,-1,1,-7,-3]]
227812	n	2237	[[660,12,2,-8,2,0,0,-3,6,3,-6,10]]
233346	r	5087	[[639,55,2,-5,5,-2,5,2,2,5,-2,6,-5,2,-5,-2]]
229911	n	763	[[657,7,1,-4,4,2,-2,7,-1,-4]]
233312	r	3437	[[621,29,1,-5,4,-2,5,1,2,4,-1,0,-4,8,-5,-2]]
228971	r	9788	[[616,8,7,-9,10,4,3,17,-19,-1]]
230166	r	2512	[[653,45,3,-5,2,0,4,1,1,4,-1,4,-4,1,-4,-1]]
233299	r	5474	[[602,-5,9,-3,9,3,0,5,-2,5,-4,2,-4,-1]]
229380	r	5953	[[627,-7,2,-5,6,-2,5,2,2,5,-2,6,-5,2,-6,-2]]
232066	r	3514	[[594,-4,6,1,2,-2,8,11,-11,4,-2,-4,2,-7]]
229278	r	3626	[[677,22,2,-6,6,-1,3,2,2,5,-8,6,-4,-2]]
229362	r	9326	[[624,40,7,-9,-1,-1,2,-3,1,0,4,-6,7,5,1,3,-1,5,-2,-1,1,2,-3,10,-9,0]]
229139	r	5624	[[633,3,8,-3,4,6,-1,4,1,8,-5,1,-4,-1]]
226554	n	1686	[[603,-11,2,-4,4,-1,2,8,-5,1]]
230617	r	18934	[[668,55,4,-6,13,-5,8,1,5,6,-3,6,-2,0,-2,5,-2,2,-1,6,1,3,-6,3,1,1,-11,-3,-1,-2,3,-6,-4,0]]
235039	r	3683	[[615,61,2,-3,-2,-6,1,0,7,1,4,6,-1,4,-10,2]]
8581615	n	1886	[[616,-16,2,-3,3,0,3,2,0,3,-2,3,-3,1,-2,-1]]
232397	r	7027	[[651,20,4,-4,1,1,1,-3,4,-1,3,1,9,9,-12,7,-6,-3]]
235130	r	8881	[[639,45,4,-10,-1,-2,2,1,3,-10,13,7,1,3,-11,14]]
233275	r	4245	[[664,14,8,-12,2,0,3,14,-4,6]]
234077	r	3113	[[674,3,5,-4,-1,3,8,13,-9,1]]
230725	r	4340	[[616,65,14,-2,1,5,-1,6,-6,2,-5,-2,-2,-4,1,0,0,-2]]
226234	r	4634	[[665,34,2,-5,5,-2,5,2,2,5,-2,5,-5,2,-5,-2]]
233476	r	3839	[[599,13,1,-3,7,-3,4,2,1,4,-2,5,-5,2,-5,-3]]
229006	n	925	[[593,-4,4,1,2,2,-3,6,-2,-3]]
230893	r	14383	[[643,70,13,-15,12,0,3,11,4,0,-3,6,2,7,-4,-4,-7,0,-3,3,-5,-3,-8,0,-3,-3]]
233070	r	4451	[[591,-24,1,-4,5,2,2,-4,4,3,4,6,1,0,-9,5,-6,-3]]
232235	r	5450	[[680,30,10,-8,6,3,0,3,2,3,-4,5,-6,1,-5,-2]]
5128581	r	743	[[-1485,810,3,1,1,2,-3,0],[-1481,812,1,-1,5,1,-4,-1,4,1,1,3,-4,1],[-1479,816,3,0,0,2,-2,0]]
5368361	r	3687	[[-2374,681,4,-1,-1,-1,3,-2,-2,-1,2,0,2,-3,3,1,2,4,4,1,-2,9,-5,-1,-5,-4,-5,1]]
4887398	r	4911	[[-1760,832,3,-6,9,-1,-1,10,7,5,-5,0,0,3,-3,2,-6,-1,-4,-4,2,-5]]
4699066	r	6292	[[-1920,592,3,-5,11,-3,2,7,4,1,-2,0,1,1,-1,2,2,-1,-3,3,4,2,0,3,-5,3,-2,-5,-2,0,1,-2,-2,2,1,-2,-3,-1,-9,-2],[-1913,600,3,-1,-2,2,1,1]]
5308655	r	9853	[[-2257,675,5,-1,-1,-2,4,-2,-1,-5,2,-1,2,-4,2,0,0,3,1,-2,7,1,10,10,-2,3,3,1,-5,5,-6,-5,-2,2,0,-2,-3,2,-4,0,0,1,-2,-1,-1,4,-6,-2]]
4560349	r	4288	[[-1512,800,4,-3,6,1,-5,-2,2,-2,10,-3,4,4,-1,3,-3,1,-6,8,-5,-1,-5,-4]]
4726206	r	8877	[[-1983,588,3,-6,8,-5,9,2,5,5,-17,15,-5,-4]]
5391811	r	2627	[[-2346,654,1,-2,2,1,0,-2,9,0,1,6,-6,-1,6,2,-1,2,-7,-1,0,2,3,1,-2,0,-5,-2,0,-6]]
4684888	r	5765	[[-1943,658,0,-2,2,1,-1,-7,2,2,1,-6,5,1,3,3,4,-1,4,5,-2,1,1,3,-1,4,-6,-1,-4,2,-4,-2,-2,-3]]
4160021	r	8486	[[-1647,607,0,-3,12,-7,9,3,-2,7,2,1,-4,3,0,1,1,-2,0,4,-1,0,0,4,-6,0,-6,-2,-3,-4],[-1630,617,1,-2,0,3]]
4691930	r	6095	[[-1959,655,1,-5,3,-4,5,3,4,-3,7,0,-1,6,-2,-2,1,7,-2,-1,-2,5,-5,0,-2,-2,-4,3]]
5392171	r	2732	[[-2447,744,1,-1,10,-1,4,2,-2,0,6,3,-12,5,-3,-1,1,-1,-1,0]]
4671654	r	4914	[[-1966,605,19,-7,3,5,-3,1,2,4,-1,4,-17,-3,1,-3]]
4509177	r	6564	[[-1669,805,1,-12,2,-1,10,-1,7,5,0,6,-5,5,-8,1]]
4460243	r	6460	[[-1624,712,4,-6,0,-4,10,-4,3,2,-1,1,3,2,3,4,-2,5,-6,4,-10,-2]]
4259418	r	6012	[[-1735,795,1,-3,4,0,1,-3,7,-3,6,3,1,2,0,4,2,0,-4,5,-5,0,-4,5,-4,-2,-1,-5,-3,1]]
5391959	r	1604	[[-2456,760,5,-4,2,2,-1,3],[-2450,752,1,-4,4,3,-2,1,-1,4,-2,0],[-2449,759,3,-1,-1,-2,3,-1,-2,-1,2,-1,1,1,2,1,-3,5]]
5809844	r	3397	[[-2457,952,3,-1,-1,-2,4,-1,1,2,-1,2,-3,-1,0,1,2,0,-1,3,4,0,-2,3,-1,1,1,-3,-2,1,-2,-2,1,-2],[-2455,956,3,2,-1,0],[-2452,953,2,-1,0,2],[-2450,948,3,0,-2,2],[-2449,953,0,-3,3,-3,12,0,-5,2,4,3,-3,5,1,1,-6,-1,-4,1]]
5419384	r	6220	[[-2111,794,4,-5,7,4,-5,-3,2,-3,5,2,9,1,0,1,4,0,1,4,-2,6,-8,1,-8,-1,-4,-4]]
4140963	r	2779	[[-1551,779,6,-2,2,-3,3,2,0,-2,4,2,5,-3,-2,8,-7,3,-5,-3,-3,1]]
4644585	r	6745	[[-1745,723,1,0,-1,-4,1,-4,4,-3,4,0,2,1,2,7,6,3,1,4,-3,4,-6,1,-4,-2]]
4544349	r	11694	[[-1964,709,0,-3,7,1,1,-3,-4,-1,1,-2,2,-3,5,-2,9,1,5,6,0,3,-3,0,1,3,-2,4,2,0,-1,3,-5,5,-10,-2,-2,-2,-1,-4,-5,0]]
5520993	r	4616	[[-2142,636,14,-1,4,-5,3,-2,3,7,-2,5,-3,4,-18,-6]]
4930956	r	2232	[[-1429,849,4,-6,5,0,8,-2,-3,4,-3,1,1,-1,-2,0,-2,2,2,0,0,2,2,-1,-1,1,1,1,-1,1,6,2,-1,1,-1,-1,-2,2]]
5746545	r	7740	[[-2469,910,4,-5,10,-2,11,2,4,5,-2,4,-5,2,2,2,-8,2,-7,-2,3,-5,-2,4,-3,0,-5,-3]]
4990729	r	2294	[[-1670,840,7,-1,1,7,11,6,-8,-1,0,2,-3,-1,0,-1,-3,0,-1,-2,-3,0,3,-4]]
4645421	n	2489	[[-1808,698,2,-3,5,-2,5,1,3,3,-4,3,-7,0,5,2,-7,1,0,-4]]
5506956	r	7374	[[-2312,730,5,-4,-3,-2,0,-3,6,0,-6,0,0,-2,4,-3,4,1,1,-5,6,0,6,5,1,4,-2,5,-6,-2,-3,5,-4,-1,-2,6]]
4641239	r	4638	[[-1815,704,16,-2,-5,-2,7,0,2,-1,4,1,1,3,-4,4,1,2,-4,2,-5,-1,-1,3,-11,-7]]
4299276	r	9281	[[-1728,765,1,-5,5,-4,6,-1,6,0,3,2,1,15,-7,3,-7,0,-6,-4]]
4347778	r	2920	[[-1542,787,3,-4,6,-2,4,1,-2,3,3,0,-2,1,2,-1,-1,1,2,1,-1,1,3,-1,-3,4,-4,2]]
5454711	r	5798	[[-2144,702,4,-7,7,-2,7,2,4,7,-1,1,-18,6]]
5263045	r	5591	[[-1773,860,3,-4,5,-2,18,7,-3,6,-8,2,-4,0,1,-3,-9,-1]]
5318313	r	6080	[[-2229,641,5,-5,8,-1,6,3,3,6,-6,1,-2,4,-6,2,-4,-3,1,-5]]
5350937	r	3808	[[-2404,732,2,-3,13,3,3,2,0,4,-3,4,-5,1,-4,-5]]
5389489	r	5084	[[-2443,774,11,-10,13,3,-6,6,1,2,-5,4,-2,-1,-8,1,-3,-2]]
4180439	r	5193	[[-1698,679,0,-2,8,-2,-1,-1,6,-6,6,1,4,4,-2,5,-6,-1,-4,3,-2,0,-3,5,-5,-2]]
4164138	r	2228	[[-1614,513,0,-1,8,-1,1,3,2,1,0,-1,1,8,-11,-3]]
5074472	r	6807	[[-1931,826,7,-8,6,-2,7,2,3,7,-3,5,-7,2,0,3,-9,-3]]
4487042	r	4872	[[-1583,711,13,-4,4,2,3,3,-3,10,-2,1,-10,-6]]
4393217	r	6916	[[-1901,787,1,-6,6,-1,-1,-4,3,1,1,-5,8,0,5,7,-1,4,-6,6,-4,1]]
5417598	r	5607	[[-2107,777,1,-5,4,-3,15,4,2,4,-3,5,-17,0]]
4791259	r	1440	[[-1525,737,4,-3,-1,-3,1,-5,3,0,-3,5,2,-1,1,1,2,-5,-3,14,-3,1],[-1519,742,3,2,-2,0,1,2]]
4174757	r	2470	[[-1654,559,2,-1,1,-2,2,0,1,2,0,-2,-1,-1,2,-2,4,1,2,3,-3,6,-7,2]]
4553433	r	9977	[[-1932,723,1,-4,3,-3,11,-3,8,2,4,5,-1,5,-5,3,-1,1,-3,-4,3,5,-6,3,-10,-3,-3,-3]]
5037649	r	5177	[[-1879,898,1,-3,6,-4,7,3,1,6,8,5,-4,3,-6,1,0,-1,-10,-2]]
4281730	r	13805	[[-1962,754,1,-5,4,-4,10,-3,11,3,3,4,1,5,-1,4,-3,4,-11,4,-10,-4,-4,-4]]
5325738	r	5973	[[-2391,707,3,-6,8,-2,7,2,3,6,-1,4,-3,3]]
5150529	r	4014	[[-1640,834,2,-11,15,5,-1,6,-6,3,-7,1,1,-3]]
4335045	r	6750	[[-1812,600,3,-5,4,-1,0,1,-3,-8,3,-1,5,0,0,3,-4,1,0,2,8,-3,1,-2,4,3,-4,3,3,0,-2,1,4,-1,-2,2,2,2,3,-1,-3,5,-2,-3,-4,1,0,2,2,1,0,1,-9,-3,-5,2,1,3,-3,-2],[-1799,605,7,-1,-4,6]]
5856195	r	1548	[[-3165,431,3,-5,2,0,0,2,4,-3,3,1,-2,3,-2,0,-2,5]]
4167147	r	2409	[[-1634,571,1,-3,10,-1,3,1,1,3,-1,3,-6,-1,-5,2]]
4297983	r	6185	[[-1699,755,6,-4,8,0,6,5,1,6,-4,5,-6,2]]
5387877	r	333	[[-2350,679,2,-3,2,3,-2,2]]
4683416	r	7935	[[-1961,556,4,-7,3,-3,-1,3,2,-3,3,2,0,-2,2,1,3,7,-3,3,-2,0,6,-1,4,5,-1,1,-2,-2,-1,1,1,2,3,1,0,-1,1,1,-10,3,-4,-1,-5,-4],[-1948,545,7,12,-3,-4,-1,0],[-1941,557,4,4,-1,1]]
4508722	r	4081	[[-1700,783,3,-6,7,-2,7,2,3,6,-2,3,-18,-2]]
5392900	r	1166	[[-2361,677,7,0,-3,2],[-2361,675,8,-4,4,0,-1,4,-4,2]]
5399020	r	3218	[[-2432,764,3,-4,-1,1,0,-3,3,-1,2,-5,8,8,-2,7]]
5206379	r	4262	[[-1609,809,3,-5,6,-2,6,2,3,5,-3,5,-6,1,-6,-1]]
5045360	r	2608	[[-1865,896,9,-3,4,2,2,5,-3,3,-4,1,-7,-4]]
5072006	r	4592	[[-1942,816,2,-5,7,-2,6,2,3,5,-3,5,-6,2,-7,-2]]
5879400	r	35243	[[-3040,1224,2,-5,3,-5,-1,3,1,1,11,3,3,3,9,2,1,1,1,-2,10,0,5,4,10,1,-11,-2,-4,-4,-8,-1,20,-5,-8,2,-9,-1,-3,2,-20,-7,2,-5,5,-1,23,-4,16,2,14,4,-6,-1,10,3,-1,3,-4,-2,2,3,-6,-3,4,3,-5,0,7,0,-1,1,2,0,-1,2,2,0,2,2,-5,-1,0,1,5,1,2,-1,5,3,-3,8,-9,7,-14,4,-16,2,-16,-2,-14,-4,-9,-7],[-2965,1215,2,-2,1,1,-1,1],[-2963,1217,3,-1,1,2,-3,0],[-2961,1219,3,-1,2,5]]
4300488	n	1960	[[-1660,768,2,-3,4,-1,4,1,2,3,-2,3,-4,2,-4,-2]]
4469146	r	4346	[[-1607,715,6,-3,10,2,-2,15,-7,0,0,-6]]
5101798	r	626	[[-1488,815,4,-3,2,2,-1,-1,2,0,2,4,-1,1,-2,-2,-3,1]]
4407066	r	4581	[[-1812,768,6,-3,6,1,4,3,1,6,-7,6,-7,0,1,-8]]
5261457	r	4395	[[-1798,861,3,-4,6,-3,11,7,-3,5,-7,3,-7,-3]]
5174035	r	5207	[[-1681,833,3,-5,7,-2,7,2,3,5,-1,4,-9,3,-8,-2]]
5511077	r	5392	[[-2408,791,2,-5,19,1,1,4,-2,4,-8,3,0,2,-8,-3]]
4920423	r	6191	[[-1713,823,3,-6,7,-2,8,2,3,6,-3,5,-8,3,-7,-3]]
4464368	r	3674	[[-1588,716,2,-2,4,-2,4,5,9,5,-5,5,-8,0]]
5110629	r	4072	[[-1585,854,6,-2,8,1,3,3,-1,5,2,1,-6,4,-8,0,0,-4,3,-4]]
4171563	r	350	[[-1656,556,3,-2,2,4,-3,0],[-1651,553,2,1,0,1]]
4705349	r	6698	[[-1998,558,1,-2,7,-5,1,-4,-1,-1,1,-1,0,-4,1,-1,7,4,3,7,-4,7,-7,3]]
5525577	r	5491	[[-2046,672,2,-6,7,-2,6,2,3,6,-3,5,-6,2,-7,-2]]
7289169	n	5546	[[-2395,926,2,-5,3,-1,1,2,3,-1,-2,-2,5,-1,7,1,4,5,-3,6,-10,3,-8,-2]]
4499612	r	3368	[[-1614,722,2,-4,5,-3,7,8,0,5,-4,1,-5,-1,-3,-2]]
4776222	r	1698	[[-1530,731,4,0,2,-5,3,0,-1,5,1,3,-4,3,1,2,-4,0]]
5586437	r	3900	[[-2331,873,6,-8,7,2,4,5,-2,5,-7,2,-6,-1]]
5811696	r	5186	[[-2359,953,3,-5,7,-2,10,3,3,4,-3,5,-10,2,-7,-2]]
4315588	r	5927	[[-1833,609,3,-6,6,-2,7,2,2,6,-2,5,-7,3,-6,-3]]
4781708	r	4371	[[-1558,751,3,-5,6,-2,5,2,-1,1,2,-1,2,5,-2,5,-6,2,-6,-2]]
5812944	r	2823	[[-2457,949,2,-5,0,3,2,1,-1,-2,3,-1,0,3],[-2454,942,2,-4,9,1,3,2,1,3,2,-1,1,4,-11,1,-1,-3,-3,1]]
5391710	r	940	[[-2348,684,1,-1,-1,-2,5,-1,5,6]]
5780993	r	2008	[[-2242,818,1,-3,4,-2,0,-3,6,1,-1,4,-4,0,9,0,-2,5]]
4068590	r	7672	[[-1740,703,4,-8,-3,-1,3,-1,-1,-2,2,1,4,-8,6,1,4,4,2,7,-4,7,-9,2]]
4853828	r	5492	[[-1884,832,3,-6,7,-2,8,3,3,5,-2,6,-15,-1,0,-1,6,-3,-8,4]]
5349755	r	387	[[-2350,681,3,0,0,2,-1,1,1,1,-3,1]]
5373900	r	3593	[[-2427,748,3,0,3,-3,5,-1,6,8,-3,3,1,1,-4,4,-9,-8]]
5134086	r	4111	[[-1562,863,4,-5,7,-1,6,2,-1,2,2,4,-3,4,-6,1,-6,-3]]
4188985	r	7914	[[-1709,642,8,-3,8,2,5,6,-1,7,-5,4,-6,2]]
4956184	r	2767	[[-1444,845,1,-3,4,-2,4,-1,3,2,-1,9,-2,1,-6,-1]]
5380184	r	2035	[[-2390,688,4,-2,0,-2,6,-3,2,4,-3,6,-6,1]]
5374732	r	1892	[[-2348,676,4,-2,3,4,6,1,1,4,-4,3,-4,-6,-4,0,0,-2]]
4119403	r	5267	[[-1856,695,3,-6,7,-3,8,3,2,6,-3,6]]
4174715	r	5687	[[-1695,609,3,-5,5,-3,7,2,3,6,-2,5,-7,3,-6,-3]]
4466033	r	6069	[[-1587,701,3,-6,6,-2,7,2,3,6,-4,6,-8,2,-5,-3]]
5358705	r	299	[[-2362,675,6,-3,-5,3,1,1]]
4684724	n	1348	[[-1919,599,2,-3,7,2,-5,6]]
4883817	r	2123	[[-1775,835,1,-3,4,-3,5,3,5,0,2,3,-2,1,-5,-3,1,3,-2,2,-8,1]]
5145215	r	1451	[[-1483,824,4,-7,0,9,2,-4,-1,-4,3,-1,2,3,-1,5,-2,2]]
5516233	r	5372	[[-2046,704,3,-5,6,-2,7,2,2,5,-2,6,-7,2,-6,-2]]
5145476	r	2499	[[-1639,821,3,-4,14,5,-4,5,-12,-4]]
4049979	r	8831	[[-1748,673,6,-11,4,-2,8,2,3,3,0,4,3,0,-2,7,-8,4,-8,-1]]
4076784	r	6826	[[-1736,647,3,-6,6,-2,7,2,4,5,-4,8,-5,2,-8,-3]]
4994358	r	4597	[[-1722,858,1,-3,5,-4,8,1,4,5,-3,6,-6,3,-6,-2]]
4634946	r	7163	[[-1689,719,3,-6,8,-2,7,2,3,6,-3,6,-7,3,-8,-3]]
5224151	r	2762	[[-1437,836,2,-6,6,-2,0,6,2,0,-1,2,2,-2,1,2,0,5,-7,0,-2,-2,5,-2,-6,2],[-1427,829,1,1,0,2]]
4341513	r	5941	[[-1885,650,3,-5,7,-3,7,4,2,4,-2,5,-7,4,-7,-3]]
4676740	r	941	[[-1953,520,5,-3,5,2,0,3,-2,-2,1,2,-2,1,-5,-1,0,2,0,-3,-1,1]]
4776024	r	1417	[[-1541,741,9,-3,2,1,-3,2,0,3,-6,1],[-1539,745,2,1,2,-2,2,1,1,-3,4,-2,-7,8]]
4076598	r	5966	[[-1771,614,3,-6,5,-2,1,5,2,0,0,3,1,-1,1,-5,2,-2,5,8,-3,6,-7,2,-7,-3]]
4155966	r	165	[[-1605,524,1,-2,2,0,0,2]]
5393049	r	1917	[[-2378,689,9,-6,5,4,-7,6,-4,0]]
4612862	r	7623	[[-1717,701,3,-6,8,-3,7,3,4,6,-4,6,-7,3,-8,-3]]
5393287	r	2683	[[-2463,769,3,-4,10,2,3,6,-4,2,-5,0,-5,-2]]
5725846	r	4400	[[-2471,881,3,-5,6,-2,8,2,3,5,-2,4,-5,2,-11,-2]]
5378771	r	561	[[-2350,666,5,-8,2,3,-3,3,1,1,-2,3]]
5750162	r	2864	[[-2469,899,1,-2,14,-2,2,4,-1,3,-11,3,-4,-3]]
4149962	r	1372	[[-1644,531,1,-2,2,0],[-1642,533,2,-2,4,3,-4,-4,5,0,0,8,-6,-3]]
5385955	r	755	[[-2355,683,2,-3,2,0,1,6,-4,2]]
5231851	r	4452	[[-1944,871,3,-5,6,-2,7,2,3,5,-3,5,-7,2,-6,-2]]
5577147	r	3765	[[-2111,812,1,-6,12,-1,0,5,4,6,-10,3,-5,-3]]
4409896	r	5217	[[-1875,744,2,-5,7,-2,7,2,2,5,-2,6,-7,2,-7,-2]]
4613868	r	4982	[[-1756,731,2,-6,7,-2,2,0,7,9,-4,4,-6,2,-6,-3]]
4169171	r	3006	[[-1615,546,1,-4,3,-3,8,4,-3,2,2,-1,-4,9,-5,-2]]
4644312	r	4082	[[-1734,711,6,-2,6,2,3,4,-1,5,-3,4,-7,-2,-2,-2]]
5339631	r	493	[[-2354,676,4,-1,2,1,-2,2,1,2,-2,1]]
4710178	r	1653	[[-1935,664,7,-3,4,1,0,2,-4,6]]
5364940	r	3272	[[-2372,696,4,-4,14,2,1,1,-4,5,-5,2,-6,-1]]
5355933	r	603	[[-2444,753,1,-2,4,1,-1,1,2,0,-2,1,4,2,-2,2,-4,-2]]
5380698	r	1672	[[-2368,692,4,-5,3,0,7,2,0,5]]
5391295	r	2173	[[-2440,732,3,-4,6,0,4,3,1,4,-5,2,-5,-2,-1,-2]]
4431410	r	5318	[[-1813,646,3,-5,6,-2,6,2,3,5,-3,5,-6,2,-6,-2]]
4692559	r	2400	[[-1942,671,3,-6,-1,-1,3,-3,2,2,0,2,7,5,-7,4]]
4951788	r	3473	[[-1461,843,1,-3,6,-1,9,0,2,2,-2,6,-6,2,-7,-1]]
5384170	r	1106	[[-2359,683,2,-4,4,-2,1,1,-3,5,1,5,-5,0]]
5346827	r	1559	[[-2345,663,2,-2,5,1,-3,-1,-1,-2,2,-1,7,3,-3,6,-5,-1]]
4221552	r	5875	[[-1633,642,2,-6,6,-3,1,1,-1,1,3,0,1,2,-2,0,1,1,3,0,0,2,2,0,-1,1,2,4,0,-3,2,3,-2,1,0,3,-8,2,-6,-3]]
4756955	n	354	[[-1531,744,3,-4,2,1,-2,4]]
4898015	r	2817	[[-1773,827,7,-5,10,0,-4,10,-5,0]]
4907959	r	4034	[[-1791,845,2,-5,8,-2,6,3,3,5,-1,3,-16,1]]
5102466	r	1374	[[-1491,824,5,-8,4,0,2,2,-2,6,-4,1]]
5282804	r	597	[[-1467,825,0,-3,7,3,-3,3]]
4903279	r	539	[[-1766,838,2,-2,-1,-3,6,3,-1,3]]
4156404	r	4725	[[-1655,593,1,-4,3,-2,12,3,1,3,-3,5,-6,2,-6,-2]]
5140405	r	4623	[[-1532,864,2,-6,5,-3,6,1,4,4,-1,7,-5,3,-8,-1]]
4575352	r	9631	[[-1633,680,4,-7,8,-3,9,3,3,7,-2,6,-5,3,-11,-1,-4,-3]]
4703223	r	3122	[[-1962,622,2,-4,9,0,1,10,-8,0,-3,-2]]
4709796	r	712	[[-1966,522,7,-1,0,3,-5,1,-1,4]]
4509884	r	3671	[[-1694,796,10,-8,5,1,3,3,-8,11,-7,-2]]
5784607	r	1106	[[-2248,814,2,-4,8,3,0,1,-3,1,-1,3,-4,0]]
4276614	r	1951	[[-1903,772,5,-2,6,1,0,5,-3,0,1,4,-6,1]]
4574324	r	1725	[[-1609,653,3,-3,2,1,-1,1,1,-1,4,1,3,2,-1,2,3,0,4,5,2,-1,-4,3,-3,-4,-2,0,-1,-2,-2,0,-2,-1,2,0]]
5526337	r	4271	[[-2049,644,9,-12,4,2,3,3,0,6,-5,4,-6,1]]
4739526	r	5165	[[-1952,631,2,-3,12,-3,4,6,-2,6,-7,2,-7,-2]]
4685907	r	2541	[[-1952,664,2,-2,8,0,3,3,-4,7,-7,-3]]
4839366	r	810	[[-1463,828,3,-3,9,2,-8,3]]
4850751	r	4335	[[-1843,840,3,-5,17,3,0,2,-3,6,-7,2,-5,-1,-5,-5]]
5406567	r	3370	[[-2393,720,2,-1,5,1,3,4,6,4,0,2,-6,4,-5,-2,-1,-6]]
4151909	r	966	[[-1612,526,5,-3,4,1,-3,5,-4,1]]
4381982	r	3490	[[-1855,779,4,-5,12,3,1,2,-3,5,-6,2,-5,-2]]
4843564	r	363	[[-1474,825,1,-5,3,0,1,1]]
5339111	r	470	[[-2444,760,2,-4,4,2,-2,3]]
5402405	r	497	[[-2380,683,0,-2,6,0,0,3,-2,1]]
4180386	r	5099	[[-1676,678,3,-4,6,-2,6,2,2,6,-3,5,-6,2,-7,-3]]
5396003	r	679	[[-2380,691,2,-6,7,-1,-2,3]]
4280539	r	3997	[[-1923,781,4,-6,8,-1,4,12,-5,2,-5,0,-4,-3]]
4669635	r	6428	[[-2004,649,3,-6,6,-2,7,2,3,6,-3,6,-7,2,-6,-2]]
5405380	r	359	[[-2448,763,5,-2,1,1,-2,2,-4,0]]
5406222	r	2199	[[-2354,690,9,-1,-1,2,5,6,-5,2,-5,-2,-2,-2]]
4177887	r	883	[[-1611,537,10,-5,0,6,-9,2]]
4330145	r	4221	[[-1848,604,2,-4,6,-2,5,2,2,4,-2,5,-5,2,-6,-2]]
4835797	r	1972	[[-1460,839,3,-4,8,-5,4,4,-1,5]]
5336269	r	4717	[[-2446,795,2,-5,5,-2,9,2,2,5,-2,5,-7,2,-6,-2]]
4167499	r	3753	[[-1621,557,6,-5,7,2,-7,14,-5,-3,0,-6],[-1614,569,1,-4,0,4]]
4257227	r	3454	[[-1759,760,2,-5,7,-2,6,9,-3,3,-6,1,-5,-3]]
5178127	r	1685	[[-1517,813,6,-6,4,0,-3,11,-5,-2]]
5059163	r	6622	[[-1948,938,4,-6,8,-3,9,3,3,6,-3,5,-9,3,-8,-3]]
4151316	r	701	[[-1657,558,0,-2,3,2,2,7,-2,1]]
4984247	r	2157	[[-1683,846,4,-5,8,-1,-2,8,-3,3,-5,-2]]
5640350	r	5369	[[-2181,916,3,-6,8,-2,8,2,3,6,-3,5,-8,2,-8,-2]]
4499379	r	3555	[[-1568,685,2,-5,5,-2,2,2,0,4,0,-5,3,5,4,5,-5,3,-4,0,-5,-3]]
4672989	r	3587	[[-1890,602,3,-6,13,7,-3,5,-6,1,-5,-2]]
4905687	r	4897	[[-1802,814,4,-6,9,-2,6,12,-5,3,-6,0,-6,-3]]
5780026	r	2355	[[-2241,802,5,-4,6,0,4,3,1,5,0,1,-8,-1,0,1]]
4250542	r	4909	[[-1802,796,2,-5,4,-2,6,0,5,2,-1,11,-4,1,-8,-1,-3,-3]]
5527554	r	3605	[[-2056,637,2,-4,4,-3,6,0,4,3,-9,11,-5,-2]]
4998830	r	4493	[[-1701,855,6,-7,4,0,6,2,3,5,-3,4,-6,3,-7,-3]]
5347335	r	513	[[-2444,764,3,-2,6,3,-8,2]]
4890864	r	1935	[[-1775,840,0,-1,9,-1,2,1,-2,9,-6,-2]]
5043473	r	5139	[[-1860,880,3,-5,8,-2,7,2,3,5,-3,6,-7,2,-8,-2]]
5784549	r	788	[[-2248,810,2,-3,9,3,0,3,-4,0]]
4094455	r	8540	[[-1763,664,2,-6,7,-3,7,0,6,4,-7,15,-6,0,-5,-2,-3,-3]]
4942618	r	659	[[-1433,850,4,-1,6,2,-4,4]]
5324200	r	796	[[-2440,762,4,-1,2,2,-1,-2,4,2,-2,2],[-2440,761,3,-3,3,2]]
5089178	r	1442	[[-1438,860,0,-2,12,0,5,5,-1,1]]
5375911	r	395	[[-2348,670,1,-2,6,4,-3,1]]
5401395	r	1116	[[-2347,668,10,-1,1,3,-5,2]]
4845193	r	901	[[-1468,834,4,-6,5,2,0,1,-7,5]]
5435464	r	4598	[[-2101,765,3,-5,6,-2,6,2,3,5,-2,4,-5,3,-9,-2]]
5577592	r	3468	[[-2098,808,4,-6,3,-1,5,3,2,5,-3,4,-5,3,-6,-6]]
4169014	r	111	[[-1604,527,0,-3,2,0,0,2]]
4589387	r	3870	[[-1610,657,1,-4,8,3,-2,1,4,0,1,2,2,0,4,5,-5,2,-7,0,-5,-4]]
4682464	r	5516	[[-1936,613,3,-5,6,-3,6,2,3,5,-2,5,-7,4,-6,-2]]
5793933	r	3102	[[-2454,963,2,0,1,-3,4,-1,-3,3,-1,-2,-1,4],[-2451,965,4,-4,-2,3,1,0,3,-3,-2,-3,4,-1,10,1,-1,6,-4,3,-8,1,-3,-1,1,-2]]
12541728	r	5087	[[-1704,672,1,-5,5,-4,7,0,6,2,-6,9,1,1,-12,2]]
5574991	r	1832	[[-2114,800,4,-5,8,6,-7,5,-4,-2]]
4741752	r	4588	[[-1978,678,2,-5,6,-2,6,2,2,5,-2,5,-6,2,-6,-2]]
5254962	r	4003	[[-1770,893,10,-10,6,2,3,4,-1,5,-6,3,-7,0]]
5393180	r	2880	[[-2414,703,2,-9,6,-1,4,3,0,5,-2,3,-5,1]]
4161438	r	3198	[[-1645,565,6,-12,7,3,-5,12,-4,0]]
4706057	r	425	[[-1945,659,4,-1,4,3,-3,3,-2,-2,1,-2]]
4738214	r	4606	[[-1915,647,2,-4,5,-3,5,0,5,4,-6,10,-7,-1]]
4853423	r	4632	[[-1821,830,3,-5,6,-2,7,2,3,5,-3,5,-7,2,-6,-2]]
5097529	r	719	[[-1495,813,5,-1,3,-3,1,3,-2,3,-7,0]]
4926563	r	2914	[[-1734,834,4,-6,8,-1,0,13,-8,-1]]
5475352	r	5680	[[-2145,646,2,-4,4,-3,12,4,1,3,-3,6,-7,2,-6,-2]]
4152820	r	209	[[-1607,521,4,0,-2,2]]
4945121	r	1384	[[-1422,831,3,0,5,4,2,0,-1,-5,3,1,0,3,-3,4,-7,-3],[-1417,827,2,-1,4,3]]
5106834	r	3151	[[-1484,850,5,-3,7,-1,5,4,1,4,-5,5]]
5406602	r	322	[[-2346,665,1,1,-1,-2,2,-1,3,3,-5,1]]
4782167	r	3597	[[-1606,745,2,-4,5,-2,6,2,2,4,-2,5,-6,2,-5,-2]]
5258393	r	1551	[[-1766,852,0,-2,19,-1,0,3,-16,2]]
5530022	r	5041	[[-2017,629,2,-5,6,-2,6,2,3,5,-3,5,-6,2,-6,-2]]
4989133	r	706	[[-1659,853,0,-2,8,1,-4,5]]
5188843	r	3085	[[-1609,843,2,-4,5,-2,6,2,2,4,-2,4,-6,1,-5,-1]]
4173838	n	1630	[[-1654,567,3,-2,3,1,2,3,0,3,-3,2,-4,0]]
4705692	r	945	[[-1906,584,2,-1,5,5,1,2,-2,1,0,1,-4,-1]]
4992982	r	3085	[[-1682,860,2,-3,4,-3,10,6,-2,4,-6,2,-6,-2]]
4670300	r	212	[[-1935,662,7,-1,-5,2]]
5405228	r	1049	[[-2445,772,2,-5,10,-2,-7,7]]
4540737	r	4727	[[-1976,692,2,-5,6,-2,6,2,3,5,-3,5,-6,2,-6,-2]]
5322053	n	1819	[[-2298,655,4,-1,-2,-3,4,-1,3,1,2,4,-2,3,-3,1,-4,-1]]
4931429	r	843	[[-1426,842,11,-4,2,3,-7,2,-4,0]]
4453066	r	6263	[[-1661,712,2,-5,6,-3,8,1,4,7,-4,6,-9,2,-5,-3]]
4219934	r	323	[[-1692,685,3,-5,4,-1]]
5779334	r	746	[[-2238,804,5,3,0,-1,6,1,-3,4,-3,-1]]
4936159	r	557	[[-1426,833,4,3,-3,0],[-1424,832,0,-3,2,1,2,5,-2,1]]
4274277	r	2527	[[-1911,775,9,-2,2,8,-1,4,-7,0]]
4736476	r	630	[[-1917,605,5,-4,1,1,-1,-1,6,3]]
5816605	r	4129	[[-2420,932,3,-5,7,-2,7,2,2,5,-2,5,-7,2,-7,-2]]
5356576	r	930	[[-2354,689,4,-3,8,0,-3,3]]
4148411	r	203	[[-1605,528,2,-3,1,1,1,2]]
5579276	r	1082	[[-2109,806,7,-5,8,1,-4,3]]
5392952	r	2227	[[-2403,689,13,-1,3,5,-4,2,-5,0,-4,-2]]
5570160	r	5420	[[-2458,812,3,-6,7,-2,7,2,3,6,-3,5,-7,2,-7,-2]]
4207400	r	5145	[[-1683,657,0,-2,11,-2,0,2,10,0,0,2,-3,6,-8,3,-7,-3]]
4469160	r	3617	[[-1555,712,2,-4,6,-2,5,2,2,4,-2,5,-5,2]]
5601933	r	1620	[[-2339,867,6,-3,7,1,-5,8]]
5105496	r	1269	[[-1500,808,9,-9,2,6,-7,5]]
4504476	n	841	[[-1490,799,2,-3,5,-1,1,5,-2,0]]
4153146	r	1649	[[-1632,577,14,0,-11,7,-3,-3]]
4839822	r	314	[[-1472,825,3,-4,2,1,0,3]]
4915734	r	1615	[[-1766,848,10,-4,8,3,0,2,-17,1]]
4111410	r	5720	[[-1898,708,3,-6,7,-2,7,2,3,6,-4,6,-8,1,-5,-2]]
4788158	r	6232	[[-1545,735,1,-6,6,-4,3,-1,0,2,0,-2,2,0,9,1,-2,6,-4,0,2,8,-4,-1,-10,4]]
5367440	r	704	[[-2437,754,1,-3,5,-2,-1,7,-4,0]]
5090046	r	1421	[[-1438,855,2,-3,3,-2,6,5,1,3,-11,0]]
5207728	r	2496	[[-1526,807,7,-6,5,2,2,4,-5,5,-2,0,-5,-1]]
5359446	r	2763	[[-2326,676,0,-8,6,0,3,4,0,5,-3,3,-5,1]]
5490263	r	5596	[[-2128,714,6,-8,3,0,7,2,3,6,-3,5,-7,3,-7,-3]]
7839240	n	1318	[[-2137,708,9,-4,2,2,-2,4,-3,1,-4,-1]]
5372205	r	307	[[-2345,674,1,-1,3,-1,-1,5]]
5403191	r	1200	[[-2432,756,1,-7,5,0,1,3,-2,5,-3,1]]
5713587	r	3360	[[-2434,881,2,-4,6,-2,6,2,2,4,-2,4,-6,2,-6,-2]]
4161785	n	1390	[[-1635,530,5,-2,1,1,2,3,-2,3,-6,1]]
4987990	r	619	[[-1673,848,3,-8,4,7]]
4356050	n	776	[[-1549,785,1,-3,3,-1,5,3,-3,3]]
4887158	r	3754	[[-1773,802,2,-4,6,-2,6,2,2,4,-2,5,-6,2,-6,-2]]
5024719	r	6145	[[-1854,936,4,-6,8,-2,8,2,3,6,-3,5,-8,3,-8,-3]]
5779206	r	2194	[[-2247,824,0,-1,15,0,0,1,-2,5,-8,1,-4,-2]]
5386834	r	444	[[-2449,748,2,-4,4,6,-2,1]]
5786899	r	2342	[[-2459,974,1,-2,0,2,2,-2,1,1],[-2456,979,3,-5,3,1,1,-3,-2,0,1,-3,6,1,3,4,0,3,-3,3]]
4401242	r	3131	[[-1823,776,4,-5,7,-1,2,12,-3,1,-5,-1,-4,-2]]
4832353	r	2018	[[-1477,828,5,-3,5,0,3,3,-5,6,-6,-2]]
4688275	r	2195	[[-1969,531,3,-4,1,2,1,-4,5,-1,3,7,-7,3]]
4254679	r	3204	[[-1738,783,2,-4,5,-2,6,2,2,4,-2,4,-6,2,-5,-2]]
5356277	r	1265	[[-2342,677,1,-5,6,-2,1,1,-1,8]]
4711725	r	925	[[-1973,525,7,-2,1,3,-4,4,-3,-2]]
5012639	r	495	[[-1665,856,0,-5,3,0,-1,8,-2,0]]
6331909	r	1326	[[-1686,680,3,-3,6,1,1,3,-4,5]]
4167538	r	2835	[[-1634,592,4,-6,8,2,-4,12,-6,-3]]
4110486	r	2754	[[-1892,721,3,-5,6,-2,6,2,2,5,-16,3]]
4876523	r	5082	[[-1938,850,3,-5,7,-2,7,2,3,5,-3,5,-7,2,-7,-2]]
5372253	r	3016	[[-2417,743,3,-2,5,-1,7,6,0,1,-3,4,-5,1]]
4707814	r	4133	[[-1902,653,5,-9,6,0,4,4,-1,5,-4,3,-6,0]]
4992523	r	703	[[-1677,852,4,-4,4,0,3,2,-10,3]]
7310164	r	2236	[[-2236,662,8,-4,4,3,1,4,-2,3,-4,2]]
4159050	r	1781	[[-1616,509,1,-3,3,-2,2,1,2,-1,2,3,-1,4,-8,1]]
5376095	r	1060	[[-2450,767,2,-3,4,0,1,3,-2,5,-3,0]]
4941720	r	469	[[-1427,855,4,-4,3,2,-5,5]]
4771075	r	4306	[[-1591,748,2,-5,6,-2,6,2,3,5,-3,5,-6,2,-6,-2]]
5740099	r	3549	[[-2466,847,3,-5,5,-1,6,1,3,5,-3,4,-6,2,-5,-2]]
5383777	r	267	[[-2440,754,4,-3,-1,5]]
4885164	r	3799	[[-1788,808,4,-4,6,-1,5,3,2,4,-4,5,-6,1,-3,-1]]
4132093	r	1102	[[-1891,724,16,-3,1,3,0,1,-17,1]]
5268249	r	1597	[[-1763,854,15,-2,1,3,-3,4]]
4920607	r	2356	[[-1749,835,1,-10,5,1,4,3,1,4,-3,4,-4,1]]
5211303	r	3696	[[-1522,828,3,-4,6,-2,5,2,3,4,-3,5,-5,1,-6,-1]]
4407010	r	3761	[[-1905,795,2,-4,6,-2,6,2,2,4,-2,5,-6,2,-6,-2]]
5349705	r	1282	[[-2425,773,6,-5,3,3,0,3,-1,3,-7,-2]]
4672731	r	1495	[[-1903,597,1,-2,4,-2,4,3,-1,-5,3,1,0,4,-3,4]]
4330236	r	4551	[[-1872,604,2,-5,6,-2,6,2,2,5,-2,5,-6,2,-6,-2]]
4997787	r	2896	[[-1720,846,1,-4,4,-2,8,1,-1,10,-8,0]]
5095947	n	259	[[-1484,800,2,0,1,1,0,-2,1,5]]
4883555	r	742	[[-1765,847,1,-4,4,-3,4,3,-8,4]]
5014130	r	1132	[[-1677,854,10,-2,2,7]]
5688025	r	3477	[[-2024,936,2,-4,6,-2,7,2,2,4,-2,4,-7,2,-6,-2]]
5180225	r	1832	[[-1510,818,3,-11,5,2,2,4,-2,3,-3,2]]
4179320	r	4194	[[-1691,632,2,-5,6,-2,5,2,3,5,-3,4,-5,2,-6,-2]]
4910713	r	260	[[-1765,842,1,-3,4,0,-2,3]]
4467732	r	2732	[[-1632,705,3,-5,8,2,1,4,-5,6,-5,-2]]
4862034	r	2847	[[-1838,833,2,-4,5,-2,6,2,2,4,-3,5,-12,-3]]
5009586	r	807	[[-1663,859,1,-7,3,1,5,4]]
5244080	r	2474	[[-1778,885,16,-5,2,3,-9,9,-6,-2]]
5777107	r	1624	[[-2247,821,1,-3,4,0,10,1,1,2,-1,2,-15,0]]
4148677	r	406	[[-1606,529,5,-1,0,4]]
4116834	r	4891	[[-1823,717,3,-5,6,-2,6,2,3,5,-3,5,-6,2,-6,-2]]
5768233	r	5468	[[-2075,882,3,-6,7,-2,8,2,3,6,-3,5,-8,2,-7,-2]]
4229476	r	2883	[[-1680,652,2,-4,5,-2,6,2,2,4,0,3,-7,0,0,-2,-8,2]]
4236895	r	4407	[[-1786,801,1,-10,1,-1,9,0,5,4,0,2,-4,7,-10,0]]
5546220	r	4782	[[-2280,742,2,-5,6,-2,7,2,2,5,-2,5,-7,2,-6,-2]]
4839292	r	282	[[-1457,832,7,-1,-7,4]]
4152872	r	937	[[-1629,584,3,-1,6,1,-2,4,-7,-2]]
4735966	r	3636	[[-1951,623,0,-5,8,-4,4,3,2,4,-1,4,-12,3]]
5324363	r	2051	[[-2346,691,4,-5,6,1,1,2,-1,5,-5,3]]
4428667	r	2762	[[-1790,607,1,-3,3,4,4,-1,4,1,-2,0,1,1,5,-2,-2,5,-6,3,-6,-3],[-1786,601,2,0,-1,1,1,1],[-1783,605,1,-1,1,1]]
5149222	r	3356	[[-1636,816,2,-5,6,-2,7,2,2,5,-3,5]]
4593142	r	3004	[[-1628,698,2,-4,5,-2,6,2,2,4,-8,4,-7,-2]]
4691585	r	457	[[-1950,662,5,-1,0,-2,4,1,-1,2]]
4751839	n	906	[[-1554,777,2,-4,7,3,-6,3,-3,-1]]
4922462	r	3825	[[-1746,808,2,-4,5,-2,6,1,3,3,-1,6,-6,3,-6,-2]]
5666639	r	4273	[[-2289,937,2,-4,7,-2,7,2,3,4,-3,5,-7,2,-7,-2]]
4145381	r	2390	[[-1519,795,2,-4,5,-2,0,4,4,4,-6,4,-3,-3],[-1511,792,0,-2,2,-1,4,5,-2,2]]
4714131	r	2585	[[-1970,595,9,-8,4,2,2,3,-12,8]]
5294810	r	4549	[[-2241,704,2,-5,6,-2,6,2,2,5,-2,5,-6,2,-6,-2]]
4924006	r	2504	[[-1713,808,5,-10,4,1,3,3,1,3,-4,4,-4,1]]
4178003	r	1200	[[-1614,522,1,-3,4,0,3,3,-6,4]]
4355585	r	2403	[[-1556,788,7,-3,7,3,1,2,-3,3,-6,1,-4,-2]]
4160983	r	1351	[[-1636,566,14,-3,1,3,-8,3,-6,-1]]
4059102	r	4911	[[-1716,624,2,-5,6,-2,6,2,3,5,-3,5,-6,3,-6,-3]]
4682991	r	3907	[[-1919,606,13,-2,6,3,-3,6,-7,2,-6,-3]]
4880889	r	4050	[[-1856,850,3,-5,6,-2,6,2,3,5,-3,4,-6,2,-6,-2]]
4937230	r	1060	[[-1433,850,1,-9,6,1,1,1,-1,3,-3,3]]
4372599	n	1299	[[-1543,769,2,-1,0,2,2,-2,3,1,2,2,0,3,1,-3,0,3,-3,2,-6,-3]]
5251436	r	4037	[[-1839,896,3,-4,6,-2,6,2,3,4,-3,5,-6,2,-6,-2]]
4739157	r	4240	[[-1948,576,3,-5,5,-2,5,2,3,5,-3,5,-5,2,-5,-2]]
4473083	r	4227	[[-1558,695,1,-3,5,-3,4,2,-1,4,2,-4,4,3,0,1,1,-1,2,1,-2,5,-7,2,-6,-2]]
4632595	r	5343	[[-1785,712,2,-5,7,-2,6,2,3,5,-3,6,-6,2,-7,-2]]
4975802	r	2012	[[-1413,873,1,-3,4,-2,2,1,-1,2,3,0,-2,2,2,2,4,2,0,-2,1,2,-4,2,-5,0,-4,-2],[-1400,875,2,1,-1,1]]
5411015	r	2831	[[-2440,783,2,-4,7,-1,6,5,-2,4,-5,1,-6,-1]]
5265838	r	2758	[[-1779,880,2,-4,6,-2,6,2,3,4,-14,5]]
4633419	r	4581	[[-1657,724,3,-4,10,-2,5,4,2,5,-4,6]]
4755158	n	1071	[[-1552,773,2,-3,4,-2,1,5,2,0,-2,3],[-1545,770,0,-2,2,1,0,3]]
4406831	r	784	[[-1812,770,1,0,3,3,-1,9,-1,0]]
4696233	r	2680	[[-1959,521,6,-1,1,2,1,-1,0,3,0,-2,5,1,-1,4,-3,3,-6,1]]
5044407	r	4448	[[-1893,911,3,-5,7,-2,7,2,2,5,-2,5,-7,2,-7,-2]]
5364329	r	181	[[-2357,671,3,-2,2,2,-3,1]]
5101170	n	599	[[-1487,806,7,-2,0,5,-4,0]]
5391791	r	434	[[-2354,669,4,-3,3,2,-2,3]]
5136454	r	2208	[[-1486,856,1,-3,3,-2,10,7,-3,3,-5,1,-5,-2]]
4846834	r	2781	[[-1880,841,1,-4,14,1,1,3,-3,4,-5,2,-6,-2]]
5821086	r	4229	[[-2105,823,2,-4,8,-3,5,2,2,5,-2,5,-6,2,-7,-2]]
4106458	r	4220	[[-1858,702,3,-6,15,6,-2,5,-7,2,-6,-2]]
7259621	n	155	[[-1671,852,2,-1,4,0]]
4580543	r	3887	[[-1656,697,3,-4,5,-2,6,2,2,4,-2,5,-6,1,-5,-1]]
5177568	r	3362	[[-1621,822,2,-4,6,-2,6,2,2,4,-2,4,-6,2,-6,-2]]
5369568	r	2788	[[-2409,739,1,-4,5,-2,5,5,3,5,-6,3]]
5393052	r	698	[[-2447,743,5,-4,4,0,1,3]]
5257754	r	3120	[[-1789,854,1,-4,13,-1,3,5,-2,4,-6,2]]
4179574	r	1151	[[-1692,685,7,-4,4,5,-6,2]]
4693342	r	1580	[[-1958,617,3,-6,10,1,0,3,-6,3]]
4285268	r	4540	[[-1737,740,2,-5,6,-2,6,2,3,5,-3,5,-6,2,-6,-2]]
5161262	r	2009	[[-1652,829,2,-5,10,6,-1,5,-4,0,-5,-2]]
4128894	r	2577	[[-1890,727,0,-1,15,-1,1,2,-3,4,-5,2,-6,-2]]
4939085	r	1214	[[-1425,858,5,-5,4,2,-1,2,2,2,-3,2,-4,1]]
4160610	n	503	[[-1607,539,6,-2,-2,6]]
4177703	r	1546	[[-1612,533,1,-3,5,-1,4,3,-2,3,-7,3]]
4513575	r	2403	[[-1699,788,1,-4,14,2,1,2,-8,6,-6,-2]]
4166274	r	1470	[[-1650,543,4,-6,2,2,-1,1,1,-1,3,2,-1,1,3,5,-2,1]]
4830796	r	4082	[[-1718,652,3,-5,8,-2,5,11,-4,3,-6,0,-4,-3]]
5364499	r	526	[[-2350,675,2,-5,4,3,-4,3]]
5388319	r	1203	[[-2429,779,5,-4,7,2,-2,3,-4,2]]
5142056	r	2986	[[-1512,862,2,-4,5,-2,6,2,2,4,-2,4,-6,2,-5,-2]]
4265737	r	4324	[[-1757,789,3,-4,6,-2,6,2,2,4,-2,5,-6,2,-6,-2]]
4504621	r	2796	[[-1508,789,5,-5,5,-1,5,3,2,4,-12,4,-2,0]]
4726491	r	2599	[[-1966,599,11,-7,4,4,0,4,-12,3]]
5110077	n	579	[[-1468,818,1,-5,5,1,-2,4]]
5034059	r	1949	[[-1873,891,3,-3,6,-1,5,1,3,4,-10,2]]
5282835	r	879	[[-1466,836,7,-5,2,1,0,3,-3,4]]
5382232	r	907	[[-2460,765,1,-4,2,1],[-2460,765,3,-3,8,3,-1,2]]
5423573	r	4341	[[-2180,781,3,-5,6,-2,6,2,3,5,-3,5,-6,2,-6,-2]]
5820705	n	1960	[[-2132,857,1,-3,5,-1,4,1,2,3,-2,4,-4,1,-5,-1]]
4838524	r	746	[[-1459,830,8,-3,2,3,-8,2]]
4169156	r	732	[[-1626,583,9,-6,1,1,-4,6]]
5006166	r	172	[[-1667,852,2,-1,0,5]]
4525353	r	2989	[[-1683,802,7,-10,5,1,3,4,-1,4,-4,3,-6,0]]
5655240	r	3694	[[-2235,950,3,-4,6,-2,6,2,3,4,-3,4,-6,2,-6,-2]]
5197079	r	2602	[[-1533,801,2,-4,5,-2,5,2,2,4,-7,5,-5,-1]]
4705708	r	1368	[[-1964,612,0,-3,9,2,-3,6,-1,1,-4,-3]]
5596475	r	3837	[[-2249,869,2,-4,6,-2,7,2,2,4,-2,5,-7,2,-6,-2]]
4924198	r	820	[[-1726,805,4,-5,5,0,-1,6]]
4303436	r	3214	[[-1750,754,4,-4,5,-1,5,3,1,4,-3,4,-6,1]]
5330642	r	665	[[-2437,758,5,-2,2,2,0,3,-2,-1,0,2]]
4854529	r	4446	[[-1823,850,3,-5,7,-2,6,2,3,5,-3,5,-6,2,-7,-2]]
5501344	r	5037	[[-2406,783,3,-6,8,-2,7,2,3,6,-1,4,-10,0,-9,-1]]
5777224	r	1151	[[-2245,807,5,-5,7,8]]
4166673	r	2972	[[-1650,584,3,-6,12,6,-2,3,-2,3,-10,-3]]
4172086	r	996	[[-1632,576,6,-3,7,2,0,1,-13,1]]
4922388	r	3350	[[-1730,812,0,-5,3,-2,9,1,4,3,-2,5,-5,2,-6,-1]]
5059429	r	4526	[[-1951,958,3,-4,7,-2,8,2,3,4,-3,5,-8,2,-7,-2]]
5101717	r	901	[[-1496,810,7,-5,2,2,-3,5,-5,0]]
4952629	r	770	[[-1425,841,0,-5,5,-1,7,3]]
4274994	r	4315	[[-1940,784,3,-5,6,-2,6,2,2,5,-2,4,-6,2,-6,-2]]
5384471	r	2316	[[-2386,720,9,-4,3,2,1,4,-2,3,-3,2,-5,-3]]
4488762	n	1960	[[-1561,719,1,-3,4,-2,4,2,2,3,-2,3,-4,1,-4,-1]]
5720727	r	1963	[[-2473,891,1,-3,4,-2,8,1,-8,10,-3,-2]]
4228147	r	4089	[[-1673,617,2,-5,5,-2,6,2,2,5,-2,4,-6,2,-5,-2]]
5355180	r	2154	[[-2400,727,2,-5,5,-1,4,5,0,6,-10,-2]]
5805687	r	2410	[[-2467,941,2,-3,4,-2,5,-1,4,2,-4,6,-2,-2,-1,2,-1,-1,1,2,-3,-2,5,5,-7,-2],[-2458,945,1,-1,0,2]]
5416329	r	2390	[[-2105,786,4,-4,9,0,3,6,-1,2,-8,-1]]
5120478	r	342	[[-1475,812,3,0,-2,0,3,1,-1,4,-3,-1,1,-1]]
5378044	r	544	[[-2459,761,3,-1,6,1,2,3]]
4058553	r	3761	[[-1748,692,1,-4,5,-3,5,0,4,3,-2,4,-2,-1,1,2,-3,1,3,1,-3,4,-6,-1]]
4720039	r	2859	[[-1889,596,3,-4,8,2,-1,2,2,4,2,-1,-3,-3,1,-2,8,1,0,2,-4,6]]
4917592	r	1763	[[-1718,806,1,-6,4,-5,5,2,-5,12]]
4172131	r	910	[[-1652,548,2,-5,6,3,-1,4]]
4148708	n	675	[[-1655,551,3,-3,5,2,-2,4,-2,-1,-2,-4]]
4169130	n	1025	[[-1646,537,3,-1,-1,3],[-1644,539,4,1,-2,-2,1,-3,3,2,1,3,-4,4,0,-3]]
5604045	r	5023	[[-2259,857,3,-5,7,-2,7,2,3,5,-2,5,-8,3,-7,-2]]
4733624	n	564	[[-1912,601,2,-3,2,0,-1,2,2,-2,-1,2,2,0,2,4]]
4154047	n	1655	[[-1752,608,1,-2,2,4,2,-1,-4,-3,4,0,4,3,-1,3,2,-3,1,3,1,-1,-6,2,0,2,-4,-3],[-1740,610,2,-1,-1,2]]
5100280	n	798	[[-1490,801,0,-1,6,0,3,4,-6,2]]
5153207	r	1314	[[-1649,825,5,-3,6,1,-2,7]]
5335006	r	1869	[[-2335,679,1,-9,8,7,1,4,-7,1]]
5301388	r	4565	[[-2295,690,3,-5,6,-2,5,2,3,5,-3,4,-5,2,-6,-2]]
5407529	r	559	[[-2438,739,2,-4,5,2,-5,6]]
4168930	n	1420	[[-1634,563,1,-3,4,-2,3,2,2,3,-10,2]]
5352214	r	1855	[[-2436,743,5,-6,4,-1,2,3,0,4,-4,2,-2,1,-3,-2,2,0]]
4634662	r	3947	[[-1660,731,1,-4,3,-2,14,7,-4,5,-6,1,-6,-2]]
5197796	n	536	[[-1500,807,5,-8,3,1,-7,7]]
5102578	r	180	[[-1487,809,0,-2,3,2,-2,1,2,2,-3,0]]
5342485	r	2581	[[-2392,715,1,-3,4,-2,9,3,0,2,-8,5,-5,-1]]
4458228	r	2947	[[-1593,729,2,-15,1,0,7,9,2,4,-6,3]]
4763231	r	3360	[[-1585,769,2,-4,6,-2,5,2,2,4,-2,4,-5,2,-6,-2]]
4919987	r	2612	[[-1722,828,5,0,4,2,2,4,-2,3,-4,3,-5,-1]]
5258957	r	4261	[[-1834,876,3,-5,6,-2,7,2,2,5,-2,5,-7,2,-6,-2]]
5710756	r	1490	[[-2468,897,8,-10,5,4,0,4]]
5124276	n	447	[[-1472,817,1,-4,4,0,-1,5]]
5380626	r	1000	[[-2333,670,7,-2,0,9]]
4392768	r	3948	[[-1898,742,2,-5,6,-2,5,2,3,5,-3,4,-5,2,-6,-2]]
4535961	r	4397	[[-1966,728,2,-5,6,-2,6,2,3,5,-3,5,-6,2,-6,-2]]
4148533	r	1710	[[-1638,528,3,-8,4,1,3,4,0,2,-7,3]]
5587698	r	2143	[[-2342,873,4,-5,7,5,2,5,-9,0,-3,-2]]
4985153	r	3355	[[-1708,852,1,-12,7,0,5,3,0,5,-4,4,-5,1]]
5288636	r	4321	[[-2244,658,2,-6,7,-2,6,2,3,5,-10,5,-8,-1]]
4175179	r	3496	[[-1648,578,0,-2,7,-5,2,0,6,5,1,7,-1,2]]
5069297	r	3566	[[-1975,818,3,-4,5,-2,6,2,2,4,-2,5,-6,1,-5,-1]]
4769125	r	1576	[[-1558,782,2,-4,8,4,-1,3,-6,2]]
5016494	r	119	[[-1865,894,7,-1,-5,3]]
5102427	r	1472	[[-1497,817,1,-3,8,1,2,1,-5,7,-4,-2]]
5287262	r	8851	[[-2268,667,3,-7,7,-5,6,-1,6,6,-4,5,1,5,-4,2,1,2,-4,0,-6,4,-4,-5]]
5777544	r	3340	[[-2245,835,3,-5,8,-1,4,2,1,4,-2,4,-6,2,-5,-2]]
4692883	r	1048	[[-1908,581,2,-2,3,2,0,3],[-1903,584,1,-1,6,4,-2,2],[-1902,582,8,5,-3,0],[-1896,588,9,3,-1,2,-8,-2,6,0]]
5192726	r	3000	[[-1545,805,2,-4,5,-1,5,1,3,5,-2,3,-6,2,-5,-2]]
4801859	r	3779	[[-1641,767,3,-4,5,-2,6,2,2,4,-2,4,-6,2,-5,-2]]
5084868	r	3004	[[-1440,864,2,-4,16,4,-2,5,-7,2,-6,-2]]
4392388	r	3671	[[-1852,772,3,-5,6,-2,6,2,2,5,-3,5,-14,-4]]
4347242	r	560	[[-1533,781,3,-7,0,4,-1,1,2,0,-2,2],[-1531,781,2,-1,1,0,-2,2,1,0],[-1527,777,2,2,1,-1,1,2,-3,1]]
4142290	r	2601	[[-1518,783,1,-3,3,-2,8,0,-2,4,0,3,-4,4,-4,-2],[-1510,789,6,-4,-4,4]]
5656882	r	3446	[[-2249,932,2,-4,6,-2,6,2,3,4,-3,4,-6,2,-6,-2]]
5554072	r	23185	[[-2727,1168,2,-2,4,2,-1,2,-2,0,2,1,-3,2],[-2727,1164,2,-4,4,-3,-4,2,2,-2,9,-6,3,-2,-1,2,-1,0,2,1,-5,1,2,1,-2,1,15,-6,5,1,-2,5,-9,0,0,1,-11,4,18,-4,1,0,-5,3,6,-2,0,4,-10,2,-5,-4,-3,1,4,0,-4,1,6,1,0,1,-1,1,-5,2,-3,-3,-4,1,0,-2,1,-1],[-2721,1176,5,-4,-2,0,1,-3,-2,0,1,0,0,-1,8,-1,0,3,4,-5,3,-1,2,2,-4,6,2,1,-2,2,-3,4,1,3,-2,1,-10,-5,4,0],[-2710,1150,2,-2,10,-1,-6,2,0,1,-4,-1,2,1,-1,1],[-2706,1184,3,-4,-1,0,3,-10,7,-4,0,-2,-5,4,0,-1,1,-3,3,-1,-1,-2,3,-9,2,-2,4,1,-4,-1,2,-2,3,0,-1,-1,1,0,-5,1,2,-2,-2,0,9,0,-2,2,5,-2,2,1,-1,2,-4,1,5,-1,-2,3,-7,5,0,3,2,-1,-2,3,1,-1,6,-7,3,-2,-7,11,7,-6,3,-1,2,2,0,-3,9,-4,6,4,-12,12,0,2,-9,6,-8,2,-5,5,-9,4],[-2673,1152,7,0,-4,-1,1,-3,7,3,-9,3]]
4292188	r	2710	[[-1705,764,3,-4,6,-2,5,7,-2,4,-5,1,-5,-2]]
5138022	n	517	[[-1462,817,0,-3,9,2,-6,3]]
4957003	r	4613	[[-1405,886,3,-5,4,-2,3,2,-1,-2,7,2,3,5,-3,5,-7,2,-6,-2]]
5125817	n	140	[[-1457,817,3,0,0,3]]
5119899	n	123	[[-1454,817,1,-1,5,1,-3,1]]
5133926	n	131	[[-1454,820,0,-3,3,1]]
5127824	n	160	[[-1464,818,2,-1,3,2]]
5143022	n	73	[[-1459,819,2,-1,2,1]]
5139294	n	135	[[-1445,821,3,-2,5,2]]
5139054	n	137	[[-1450,821,1,-1,4,3]]
5129210	n	140	[[-1449,818,3,0,0,2]]
5126239	n	68	[[-1453,820,4,0,-1,1]]
7258233	n	114	[[-1446,820,0,-2,4,1]]
3441575	r	1528	[[-1131,-695,8,-4,10,3,-5,0,-1,5]]
3440714	r	1765	[[-1162,-630,2,-1,0,-3,4,1,3,3,0,4,-5,4]]
3441894	r	1618	[[-1106,-697,7,-2,7,2,-3,4,-4,1,-5,-2]]
3440781	r	1031	[[-1117,-621,5,-3,5,2,-5,5]]
3441243	r	1698	[[-1164,-649,1,-2,5,0,2,4,0,3,-3,2,-4,1,-1,-2,2,-3]]
3440034	r	3037	[[-1126,-634,2,-4,4,-2,5,2,2,4,-2,4,-5,1,-4,-1]]
3441702	r	2701	[[-1089,-647,1,-4,5,-2,4,2,2,4,-2,3,-4,2,-5,-2]]
3443758	r	1353	[[-1135,-608,3,-5,7,1,-9,8]]
3441684	r	2008	[[-1166,-667,3,-3,5,0,3,3,0,3,-2,3,-4,1]]
3442727	r	2504	[[-1136,-665,4,-8,5,1,3,3,-1,4,-3,3,-5,-1]]
3441665	r	2652	[[-1111,-688,2,-3,4,-2,5,2,2,3,-2,4,-5,2,-4,-2]]
3442585	r	2307	[[-1130,-682,2,-4,6,-1,4,5,-2,4,-4,1,-5,-1]]
3440639	r	2280	[[-1140,-687,2,-4,4,-1,2,1,4,5,-3,3,-4,1,-4,-1]]
3443013	r	996	[[-1161,-685,4,-4,7,0,-4,5]]
3440777	r	2319	[[-1093,-690,2,-3,4,-2,1,1,-1,3,2,-1,0,-2,2,1,3,3,-2,4,-5,2,-4,-2]]
3442568	r	448	[[-1168,-667,2,-1,5,9,-2,-3,-4,0]]
3439781	r	2933	[[-1094,-665,2,-4,4,-1,5,1,2,4,-2,4,-5,2,-4,-2]]
3443413	r	1675	[[-1132,-692,1,-2,12,3,0,1,-2,3,-7,1]]
3439748	r	2103	[[-1144,-670,2,-4,3,-1,4,0,2,3,-4,6,-5,-1]]
1512569	r	3289	[[1374,820,4,-3,4,0,1,1,3,-2,7,5,-3,3,1,2,-5,3,-5,-2,0,-3]]
1514588	r	3738	[[1435,814,5,-4,6,-2,2,1,-1,3,6,-1,3,5,-9,5,-9,-4]]
1513157	r	3025	[[1428,822,1,-8,5,1,7,4,1,2,0,3,-5,0,-1,4,-4,1,-1,-3,-3,1]]
1216265	r	3390	[[1330,793,3,-5,4,-1,11,8,-4,4,-6,1,-4,-1]]
601294	r	3119	[[1183,850,2,-3,3,-1,9,0,2,-1,2,4,-2,4,-6,3,-6,-1,1,-2]]
1514019	r	1245	[[1428,806,3,-2,2,1,1,-2,3,2,3,0,1,1,-2,0,4,3,-3,1],[1434,799,1,-1,1,2]]
1217662	r	4095	[[1280,795,2,-4,5,-2,0,1,8,0,3,4,-1,4,-5,2,1,1,-4,1,-6,-2]]
1216311	r	2628	[[1308,775,4,-3,5,-1,5,3,1,4,-4,5]]
1512979	r	2552	[[1413,815,2,0,-1,-2,4,-8,5,0,3,3,0,6,-8,3]]
1513243	n	1131	[[1428,809,2,-2,10,3,-6,4,-4,-1]]
1514581	r	2741	[[1396,821,3,-6,7,3,1,3,5,-3,-1,2,1,0,-2,5,-7,3]]
1215957	r	1139	[[1340,748,5,-4,5,2,2,-1,-1,3,-4,2]]
1513886	n	1960	[[1351,803,1,-4,5,-1,4,1,1,4,-1,3,-4,1,-5,-1]]
1514210	r	2566	[[1386,829,5,-3,-1,-2,3,-3,4,1,2,2,-1,5,1,2,-2,3,-5,-1]]
1512473	n	2329	[[1207,832,7,-5,4,1,3,6,-2,3,-5,1,-4,-4]]
1513131	r	4059	[[1299,802,3,-5,6,-2,6,2,2,5,-2,4,-6,2,-6,-2]]
1216187	r	2807	[[1330,781,2,-4,5,-1,5,1,2,4,-1,2,-6,4,-5,-2]]
1513064	r	1606	[[1383,814,2,-2,3,4,6,-3,5,2,-3,6,-3,0]]
1513604	n	1207	[[1201,828,9,-4,3,2,-6,6,-4,-1]]
1514192	n	1550	[[1419,820,4,-4,6,1,0,5,-4,2,-1,-2,-3,1]]
1514382	n	1145	[[1407,809,0,-2,3,0,2,-3,5,2,-3,7]]
1514402	n	546	[[1380,805,6,-1,-2,2,2,0,0,1,-1,2,-2,-1]]
1216982	r	2570	[[1319,798,2,-3,4,-2,5,2,2,3,-2,4,-5,1,-4,-1]]
1513966	r	3387	[[1367,810,3,-5,6,-1,2,0,6,7,-3,4,-6,1,-4,-1,1,-3,-4,0]]
601323	n	2251	[[1171,861,3,-4,7,0,-7,8],[1174,865,7,-8,3,3,0,3,-2,2,-4,1]]
1217474	n	1959	[[1352,765,2,-3,4,-1,4,1,2,3,-2,4,-4,1,-4,-1]]
1217007	n	1618	[[1306,781,1,-3,3,-2,7,5,-2,3,-4,1,-3,-1]]
1215839	n	1476	[[1339,788,3,-3,5,-1,3,7,-5,2]]
1513962	n	1613	[[1202,836,5,-4,3,2,4,4,-3,3,-5,0,-4,-3,3,-2]]
6691831	n	0.012	[[249,838,1,0,0,1,-1,0]]
3577887	n	342	[[-1226,264,3,-1,0,4,-1,0]]
3646738	r	6483	[[-1348,210,1,-2,2,1,4,-8,3,-2,2,5,5,-4,6,5,2,4,-1,3,-2,1]]
3633009	r	5375	[[-1441,212,4,-7,4,4,2,5,-3,4,-5,-2],[-1432,206,12,2,2,1,-5,0,7,5,-9,-2,0,5,-4,3,0,-4,-3,0,3,-6,-3,-1]]
3625549	r	2979	[[-1366,204,5,-6,-1,-1,9,1,0,3,-4,8]]
3648522	n	5177	[[-1397,200,5,-6,4,3,4,-1,5,3,-2,7,-4,-1,-1,5,-8,-2,3,-5,-4,0]]
3645528	r	7362	[[-1263,169,2,-9,2,-2,17,11,-1,2,-10,7,-6,-3]]
3648559	r	2850	[[-1301,201,3,-4,5,-2,6,4,-2,1,2,5,-1,1,-4,-1,-2,-1,-2,-2]]
3778045	r	5330	[[-1269,201,2,-14,4,0,5,2,3,5,-2,6,-6,3]]
3632998	n	1269	[[-1357,209,4,-8,3,1,-1,3,2,4,-2,2]]
3645532	r	5186	[[-1278,162,2,-5,5,-2,5,2,2,5,-2,6,-5,2,-5,-2]]
3644768	r	1962	[[-1288,207,2,-4,4,0,3,2,2,4,-7,1],[-1286,212,1,-2,4,2,4,-1,-1,2,-7,0]]
3648546	r	10491	[[-1413,175,1,-3,8,-7,-1,-1,10,-11,3,-1,7,7,-17,20,-2,-2,-2,2,-4,1]]
3625829	n	2050	[[-1353,198,2,-1,4,4,4,1,-2,7,-2,-1,-2,1,-2,-4,1,-3,-3,-1]]
3632308	r	11246	[[-1438,164,4,-4,3,1,1,-8,1,2,8,7,0,3,3,1,1,5,2,2,0,1,4,3,0,3,-2,-1,-4,3,-2,4,-2,-4,-5,4,1,-3,-3,-1,0,-4,-3,-2,2,-2,0,-4,-3,-2,-4,1]]
3628473	r	2532	[[-1450,153,1,-3,7,-1,2,4,-1,6,-8,-2]]
3645213	n	1431	[[-1398,228,1,-3,3,-1,4,1,1,3,0,2,-3,-1,-3,4,0,-3,-1,-1,-2,1]]
3625542	r	5506	[[-1423,185,2,-3,2,4,2,-4,3,-2,3,1,5,5,0,3,3,3,-1,3,-6,3]]
3645527	n	812	[[-1428,206,4,-6,1,1,1,3,-1,3]]
3805673	n	8626	[[-1362,157,2,-7,6,-5,7,0,6,4,-9,8,3,-3,2,2,0,3,-3,3,-5,-2,-6,6,-3,-5]]
3641351	r	4512	[[-1292,178,3,-6,6,-1,4,2,2,5,-1,4,-3,2,-10,-3]]
3629965	n	762	[[-1283,220,2,-3,6,3,-3,4,-3,-4]]
3628423	r	3586	[[-1383,209,9,-6,5,5,-3,9,-2,0,-6,-1,1,-3]]
3649833	n	2567	[[-1392,189,2,-3,10,4,-2,5,1,1,-7,0]]
3629706	r	1857	[[-1370,210,5,-6,7,4,2,2,-7,0,-3,5]]
3647444	r	5715	[[-1356,178,2,-5,5,-2,6,2,2,5,-2,6,-6,2,-5,-2]]
3646382	r	1862	[[-1271,213,2,-4,4,-2,4,2,2,5,-4,1]]
3631412	r	1330	[[-1339,196,4,-1,4,5,-4,4]]
3641099	n	1960	[[-1438,172,2,-3,3,-1,3,1,1,3,-1,3,-3,2,-3,-2]]
3628053	r	2238	[[-1352,195,3,-2,4,-1,3,2,1,4,-2,3,-4,0]]
3625515	r	3934	[[-1327,184,2,-4,5,-2,4,2,2,4,-2,5,-4,2,-5,-2]]
3629576	n	837	[[-1406,237,2,-2,0,-3,5,1,-2,5]]
3486270	r	3988	[[-1296,189,2,-5,3,1,2,-3,4,0,2,3,-2,5,2,1,-5,4,-5,-1]]
3633444	r	13174	[[-1468,183,4,0,4,3,1,-4,10,6,4,1,3,3,3,-2,9,3,-1,6,-11,-2,0,1,-15,13,-3,-15]]
3628489	n	1954	[[-1443,180,1,-3,3,-2,4,2,1,3,-1,3,-4,2,-3,-2]]
3629710	r	2021	[[-1355,108,5,-1,4,3,0,5,-3,4,-3,-2,0,-6]]
3646487	n	1960	[[-1406,203,1,-3,3,-1,4,1,1,3,-1,4,-4,1,-3,-1]]
3628503	r	5013	[[-1379,196,1,-5,6,-9,6,2,4,4,-9,11,-2,0]]
3626219	r	2367	[[-1370,197,7,-7,4,3,-7,11]]
3625710	r	3600	[[-1255,160,2,-4,5,-2,4,2,2,4,-1,4,-3,3]]
3640226	r	6793	[[-1402,179,10,-11,5,2,3,4,-6,12,-2,3,-6,-1]]
3625929	r	28608	[[-1256,182,14,-12,22,-8,6,10,-6,0,-1,-4,0,2,-5,-2,-7,4,8,0,6,11,-3,-1,6,4,-3,5,-5,1,-7,6,-2,0,-1,-2,-3,0,-7,4,0,-1,3,-2,-3,2,1,-4,-1,-2,0,4,-1,2,-1,-4,-1,2],[-1231,171,6,-2,-1,2],[-1225,170,4,0,1,2],[-1224,172,7,1,3,3,-1,2,-7,-2],[-1222,176,5,4,-1,1],[-1216,173,2,0,1,2]]
3628966	n	1855	[[-1451,207,5,-5,3,1,1,4,-1,3,-3,1,-3,-1]]
3627034	n	487	[[-1424,200,3,-5,-1,-4,3,1,-3,8]]
3641275	n	1561	[[-1400,196,1,-3,2,-2,3,1,2,2,-5,6,-2,-1]]
3625066	r	3029	[[-1312,187,1,-4,4,-2,4,2,2,4,-2,4,-4,2,-4,-2]]
3626764	n	1405	[[-1421,163,4,-3,5,3,-4,6,-2,-4,-3,0]]
3645671	n	693	[[-1381,206,2,-6,0,1,4,1,-5,5]]
3648132	r	2857	[[-1411,179,3,2,6,-2,4,9,-5,4,-3,-3,0,-2,-5,-5]]
3649408	r	3492	[[-1334,196,3,-4,4,-1,4,2,2,5,-2,4,-4,2]]
3647537	r	4361	[[-1330,153,2,-5,5,-2,4,2,2,5,-2,4,-4,2,-5,-2]]
3804949	n	1763	[[-1419,145,1,-4,7,1,1,3,-1,3,-4,1,-3,-1]]
3628060	n	669	[[-1447,161,1,-3,5,1,0,2,0,1,-6,0]]
3795152	n	1216	[[-1448,167,1,-5,6,0,-1,6,-3,1]]
3629606	r	3105	[[-1278,194,1,-4,3,-2,4,0,3,2,-1,8,-2,1,-6,0]]
3632399	n	1389	[[-1422,200,4,-8,3,2,1,3,-1,3,-4,2]]
3625655	r	232	[[-1450,159,1,-2,3,1,-2,3]]
3627713	n	772	[[-1439,219,1,-2,4,1,-1,3,2,-1,-3,3]]
3625346	n	1596	[[-1387,187,1,-4,4,-1,3,1,1,4,-2,3]]
3631507	r	2398	[[-1379,197,3,0,3,2,3,-1,3,2,-1,1,2,3,-3,4,-6,-6,-4,-1]]
3645531	n	1644	[[-1415,169,3,-6,5,2,0,3,-3,3,-3,0]]
3645525	r	4454	[[-1273,149,2,-5,5,-2,4,2,2,5,-2,5,-4,2,-5,-2]]
3577430	n	95	[[-1293,368,1,0,0,1,-1,0]]
4796512	n	213	[[-1298,354,7,1,-7,1]]
4795467	r	142	[[-1300,366,1,0,0,1,-1,0]]
1566083	r	8487	[[2123,219,2,-2,3,-1,-4,-3,1,-3,5,-2,3,1,-1,1,0,-1,3,1,0,3,2,0,-1,2,2,1,-3,3,1,2,3,0,0,6,-2,-1,-2,2,1,2,-3,-3,-2,0,0,3,-2,0,-2,-3,0,-2,-4,-3],[2135,211,1,-2,1,3,-2,1],[2140,210,5,3,1,-5,2,1,-1,0,0,3,2,-3,2,2,0,3,-2,2,-3,-3,0,2,-2,0]]
1581130	r	7404	[[2108,424,4,-6,-1,-2,2,1,0,-5,2,-1,1,2,4,1,-2,2,5,-1,0,5,2,0,1,4,4,1,9,-2,2,3,-4,5,-6,1,-4,-4,1,-3,-4,-2,-3,4,1,3,3,0,-3,2,-1,-4,-2,1,-1,-2,-3,1,-3,-4,-2,1]]
1581298	r	2825	[[2122,417,3,-3,3,0,-4,1,0,5,-1,0],[2128,414,4,-2,0,1,4,1,-2,4,1,1,-2,1,3,0,-1,-1,2,-1,2,5,-11,2,0,-5,2,-2],[2135,418,3,-2,-2,2],[2138,416,3,-2,0,2,1,0,-3,2]]
1586203	r	4316	[[2109,199,4,-1,3,-5,5,3,-5,4,5,-3,0,4,-4,3,4,-3,2,2,-1,2,1,-1,-6,6,-4,-3,1,-4,-3,3],[2113,188,4,0,-1,2],[2123,189,1,0,0,2]]
1580240	r	5846	[[2141,327,2,-4,4,-2,2,0,-1,-3,-4,-1,2,-4,7,7,3,1,2,3,6,0,-3,1,0,2,-5,-1,1,2,-8,5,4,-1,-6,4,-6,-5,2,-3]]
1583992	n	2229	[[2158,318,3,-4,4,-1,4,3,-4,5,2,2,-2,0,0,-3,-1,0,1,2,-2,1,1,1,-4,0]]
1587923	n	1235	[[2135,219,3,-3,-1,-1,5,1,1,7,-4,0,0,-2,-3,0]]
1566166	r	13447	[[2088,409,1,-2,4,2,1,-1,-2,-1,0,-2,8,-3,-5,-4,7,-6,4,0,0,-2,1,1,1,-2,3,0,4,-3,-2,4,3,1,0,-5,7,-2,0,2,2,2,-4,12,-3,-2,-5,2,1,5,-3,2,-4,1,-9,5,-2,-2,-3,2]]
1562798	n	909	[[2109,373,2,-2,3,1,1,3,-3,3]]
1572151	n	814	[[2179,245,1,-3,4,0,0,6,-5,-2]]
1568574	n	1861	[[2178,278,3,-6,4,0,-1,4,1,2,1,-3,0,3,-1,4,-5,0]]
1562414	n	299	[[2136,210,1,-2,0,3],[2137,209,1,-2,2,1,-1,2],[2139,211,0,-2,1,1],[2141,207,1,-1,1,2]]
1568510	n	2296	[[2097,196,4,-4,5,1,0,5,-3,6,-3,1,-2,-2,3,-2,1,-4,0,2]]
1591527	n	1144	[[2121,427,3,-4,4,2,-3,5,-3,0],[2125,420,3,0,0,4,-2,0]]
1573517	n	2087	[[2120,408,4,-4,6,2,2,4,-2,2,-4,2]]
1586896	n	1886	[[2156,253,2,-3,3,-1,3,1,1,3,-4,5,-3,-1]]
1566319	n	2217	[[2108,433,2,-3,3,-1,2,2,6,0,1,1,-3,4,-6,1,-4,-1]]
1562820	n	2700	[[2100,428,3,-5,7,2,2,-1,3,4,-9,4,-4,0]]
1572532	n	1070	[[2110,385,2,-3,3,0,1,9,-3,-1,2,-4,-4,3]]
8531735	n	557	[[2077,207,4,-7,1,7,-2,2]]
1570357	r	541	[[2137,215,0,-2,3,-1,1,-1,3,4]]
1575627	n	1514	[[2103,204,2,-2,5,1,-1,3,2,2,-2,4,-4,-2]]
1588129	n	808	[[2103,422,0,-2,8,-2,-3,6,-5,-1]]
1568770	r	18578	[[2147,282,2,-4,3,2,2,4,2,0,0,5,3,3,3,-1,4,-3,2,4,4,-1,3,1,0,6,4,2,3,-6,-1,-2,8,0,-3,18,-6,6,-5,-8,-9,-2,0,-3,-4,-4,-3,1,1,3,-5,2,-3,3,0,-7,-3,-1,3,-3,-2,-1,1,-4]]
1574023	n	1312	[[2123,204,5,-2,-1,3,4,-4,1,2,-4,3,3,0,-1,2,-5,2]]
1580410	n	471	[[2138,419,5,2,-2,-2,3,0,-2,4,-3,0]]
1581047	r	5877	[[2102,369,3,-4,2,0,-1,-1,3,0,5,-10,6,7,2,-2,-1,3,3,3,-2,0,-4,5,-3,5,-1,-3,-11,0]]
1584071	n	1449	[[2165,241,2,-4,5,-1,1,1,0,4,-2,2,-4,0]]
1560565	n	1513	[[2142,216,4,-1,2,0,2,4,-1,2,-6,2]]
1581326	n	842	[[2124,420,1,-6,4,1,1,3,-2,2]]
8594709	n	437	[[2141,210,4,-2,1,0,-1,5]]
13589354	n	611	[[2113,429,5,-2,1,2,2,-1,0,3,-6,0]]
1571951	n	1342	[[2178,250,1,-4,5,2,-1,1,4,-1,-4,6,-4,-1]]
1571058	n	1592	[[2157,219,3,-5,2,4,4,0,3,3,-3,2,-5,0,-3,-2]]
1586443	n	2488	[[2096,181,0,-2,4,-2,7,4,-4,7,-7,-3]]
1567788	n	1206	[[2116,193,1,-4,6,0,1,2,-3,5]]
1586151	n	1044	[[2109,212,3,-5,5,3,-3,4]]
1571067	n	1412	[[2175,231,2,-3,3,-1,0,6,3,-2,1,2,-6,3]]
1578500	n	1888	[[2156,287,2,-4,5,0,2,4,-2,3,-3,2,-3,-2]]
1576633	r	8292	[[2122,436,3,-2,-2,-4,4,-2,6,4,4,-1,4,-4,4,0,-1,4,3,1,-1,3,-2,-1,-4,3,0,2,-5,1,-1,-1,0,7,-3,2,-4,-1,-3,2,1,-5,-3,-3]]
1586360	n	854	[[2142,424,2,-5,3,2,0,4],[2147,421,3,2,-1,1],[2148,418,2,0,1,3]]
1562773	n	610	[[2117,189,0,-4,7,3,-1,1]]
1567032	n	1130	[[2100,213,3,-4,2,1,1,2,0,5,-5,2,1,-5]]
1588275	n	1960	[[2152,231,1,-3,3,-2,3,2,2,3,-2,3,-3,2,-3,-2]]
1582436	n	1589	[[2134,233,3,-7,5,3,0,3,-2,3,-4,0]]
1567148	n	1169	[[2165,311,1,-2,3,-2,3,4,-3,5]]
1582926	n	1597	[[2137,336,2,-3,3,-1,5,4,-3,2,-1,-1,1,1,-2,3,-3,-1]]
1582173	n	1177	[[2164,232,3,-2,3,1,2,5,-5,1]]
1577995	n	952	[[2151,214,1,-2,8,2,-5,4,-2,-1]]
1563926	n	1403	[[2122,199,3,-4,5,2,-6,5],[2125,202,6,-5,0,3]]
1565136	n	404	[[2109,206,1,-3,1,3,3,-3,-1,4]]
1591474	n	573	[[2111,188,1,-5,5,2,0,3]]
1563281	n	1092	[[2182,262,2,-4,5,0,-3,5,0,3,-3,-1]]
1582190	n	1185	[[2175,296,2,-4,5,0,-3,8,-4,-2]]
1590900	n	1615	[[2069,429,2,-4,3,-1,4,7,-6,2]]
1578163	n	1253	[[2121,361,3,-4,6,2,-1,3,-2,-1,-3,4]]
9081327	n	1902	[[2117,226,5,-5,5,4,-1,4,-4,2,-3,-1]]
1586350	n	1105	[[2179,238,1,-2,5,-2,-1,3,-1,0,1,3,0,2,-4,0],[2184,242,0,-4,2,-1]]
1581755	n	1790	[[2103,188,4,-7,2,-1,3,3,-1,5,-4,3]]
12217184	n	1310	[[2160,236,1,-3,3,-1,3,5,-3,4,-3,-2]]
1564555	n	775	[[2095,210,3,-2,5,2,-3,3,-3,-3]]
1586551	n	1122	[[2118,209,5,-5,2,6,-1,2,-4,0]]
1570449	n	887	[[2113,411,2,-4,5,1,1,2,-3,4,-2,-1,0,-2,-2,1]]
1582886	n	1039	[[2128,349,3,-4,5,1,-5,6]]
1576303	n	1646	[[2075,450,1,-3,3,-2,4,2,1,3,-1,3,-3,1,-1,-4,-3,3]]
1586989	n	1886	[[2161,259,5,-5,3,2,2,3,-2,3,-3,2,-3,-2]]
1585281	r	57	[[2131,428,0,-1,2,1]]
1585317	n	740	[[2128,230,3,0,0,-2,2,-1,2,3,-2,3]]
1591440	n	1847	[[2093,450,1,-4,3,-1,4,1,1,4,-1,2,-5,2]]
1580142	n	715	[[2118,416,3,-6,5,4,-3,1]]
1584784	n	605	[[2105,202,1,-4,3,1,1,4]]
1569684	n	1888	[[2155,280,2,-4,3,-1,3,1,2,4,-2,3,-5,0]]
1574507	n	335	[[2155,430,0,-2,0,2,3,1,1,-2,1,1,-4,3]]
1568737	n	1087	[[2124,355,1,-3,3,-1,3,1,-5,3,4,-1,-1,4,1,1,-6,-2]]
1567681	r	12941	[[2064,418,4,-2,1,1,5,-4,2,4,6,2,13,-8,2,2,0,2,3,0,1,1,-4,5,1,1,-1,4,-2,2,-7,-1,-2,2,1,4,-4,0,-2,4,-2,-4,-2,1,-3,2,-1,4,-2,1,-1,-3,2,-4,-1,-1,4,0,3,-2,-4,-7,-3,1,-2,4,-2,0,2,-3,-1,-5,-2,1,0,-4]]
1580830	n	1653	[[2102,416,1,-3,4,-1,3,1,2,3,-1,2,-8,2]]
1563287	n	1713	[[2100,439,2,-7,6,2,1,3,-2,3,-4,1]]
1580400	n	1012	[[2106,212,5,1,-1,6,-2,0,-2,-2]]
1560349	n	1660	[[2094,436,2,-6,4,0,2,2,-2,7,-4,-1]]
1581052	n	642	[[2089,208,1,0,2,-4,1,0,1,4,-1,3]]
1581529	n	672	[[2130,208,1,-2,5,0,-2,3],[2131,205,1,-2,3,0]]
1567723	n	1099	[[2180,269,3,-4,3,1,-1,4,1,-2,1,1,-3,3,-3,0]]
1581834	n	1960	[[2149,240,2,-3,3,-2,3,2,1,3,-1,3,-3,2,-3,-2]]
1583477	n	1606	[[2056,425,3,-2,4,1,2,2,0,4,-2,2,-4,0]]
1594402	n	1961	[[2168,279,2,-3,3,-2,3,2,2,3,-2,3,-3,2,-3,-2]]
1586185	n	1900	[[2120,453,2,-3,4,-1,3,1,1,3,-2,4,-3,1,-4,-2]]
9292220	n	765	[[2125,193,5,-2,2,4,-2,2,-4,-2]]
8668557	n	399	[[2169,307,6,1,-3,3]]
1572565	n	1824	[[2086,431,4,-4,3,1,2,3,-1,4,-4,2,-3,-2]]
8628059	n	1850	[[2095,378,1,-2,5,-2,3,4,-1,4,-4,1,-3,-1]]
1575703	n	1490	[[2106,193,1,-2,8,2,-2,5,-4,1,-3,-1]]
13535606	n	894	[[2107,191,4,-3,5,2,-1,3]]
1581349	n	1801	[[2095,456,1,-2,5,-2,3,4,-1,4,-3,1,-4,-1]]
1587919	n	1238	[[2112,402,1,-2,5,-2,4,3,-7,5]]
1576757	r	188	[[2147,211,0,-2,2,0,-1,3]]
8456741	n	1932	[[2064,448,2,-3,3,-2,4,2,1,3,-1,3,-4,2,-3,-2]]
1571968	n	1073	[[2115,406,7,-5,2,3,-4,4,-5,-1]]
2135171	n	876	[[3363,-354,3,0,-1,-2,3,0,3,1,-3,4,-2,0]]
4034821	n	76	[[-3524,-266,1,-1,0,3]]
4035413	n	871	[[-3440,-277,2,-3,3,-1,4,3,-6,2]]
786714	r	2146	[[412,852,1,-1,7,-1,5,0,6,5,-3,0,0,2,-3,2,-5,-4,-8,0]]
786712	r	1917	[[410,845,2,-8,2,0,2,5,5,1,-1,7,-7,1,-1,-4]]
789225	r	1781	[[411,858,1,-3,8,0,4,3,-2,4,-5,1,-4,-1]]
791646	n	731	[[404,848,6,-4,2,3,1,4,-1,0]]
784759	r	1117	[[420,850,1,-7,1,1,3,-2,3,2,-3,6]]
790674	r	1176	[[425,850,4,-6,2,1,-1,2,2,1,3,4,-5,2]]
791580	r	613	[[401,851,3,-3,8,3,-9,2]]
787157	n	897	[[400,854,4,-2,8,0,-1,3,-2,2]]
71137	r	4335	[[876,306,3,-4,3,1,1,-3,4,-1,3,2,1,4,-2,2,-3,-2,6,4,-2,3,-3,2]]
415189	r	531	[[894,256,4,-1,-1,1,3,1,-1,-1,2,-1,2,5]]
70225	n	1939	[[876,272,1,-4,3,-1,4,1,1,4,-1,3,-4,1,-3,-1]]
74477	n	1939	[[879,279,1,-3,4,-1,3,1,1,3,-1,4,-3,1,-4,-1]]
79415	n	971	[[858,298,2,-6,2,1,2,3,-1,3,-5,1,1,-4]]
78754	r	6532	[[971,291,2,-5,3,-4,6,8,11,5,-6,5,-7,1,-6,-3]]
76184	n	1960	[[884,291,1,-3,3,-2,3,2,2,3,-2,3,-3,1,-3,-1]]
78428	n	1740	[[875,310,5,-1,3,3,0,4,-3,2,-4,-1]]
69500	r	6331	[[860,289,6,-15,5,1,3,4,2,7,-2,4,-5,4]]
71334	r	3110	[[869,339,2,-4,4,-2,4,2,2,4,-2,4,-4,1,-4,-1]]
75337	n	1786	[[868,314,1,-4,5,-1,1,1,1,7,-5,1]]
79836	n	1960	[[907,280,1,-4,3,-1,4,1,1,4,-1,3,-4,1,-3,-1]]
77726	r	9346	[[926,291,3,-7,8,-3,7,3,3,7,-3,7,-7,3,-8,-3]]
73560	n	1774	[[893,261,3,-4,6,4,-1,3,-3,2,-4,-2]]
69426	r	2103	[[902,267,1,-7,5,1,5,6,-5,3]]
79455	r	15887	[[882,327,7,-11,6,-4,7,5,3,-2,0,4,7,6,-1,5,-3,5,-6,3,-5,1,-5,0]]
72968	r	4670	[[899,309,3,-5,5,-2,5,2,2,5,-2,5,-5,2,-5,-2]]
921815	r	405	[[901,-254,2,-4,-2,0,0,-1,2,-1,2,5,-3,2]]
993800	r	4377	[[549,-523,2,-5,2,-2,3,2,-1,-2,3,-1,0,4,5,-4,3,4,-2,1,0,8,-10,1]]
3369157	r	2555	[[366,-681,2,-5,2,-1,-1,4,5,2,-2,0,5,5,-1,3,-2,0,-4,3,-2,0,-1,-1,3,-6],[752,-939,5,-1,1,2,-4,2]]
1007311	n	2127	[[615,-592,0,-8,2,-2,4,4,-1,0,2,4,-5,3],[617,-590,5,-4,3,4,-4,3]]
964137	n	1455	[[559,-517,3,-2,7,1,0,5,-6,1]]
964420	n	2600	[[503,-675,4,-5,5,-1,2,0,-2,2,2,3,7,2,-4,3,-4,-4,-2,3,-4,1,-3,-1]]
954013	n	3032	[[557,-508,2,-9,4,5,6,0,2,4,-2,3,-3,1,-6,-1]]
965301	n	1722	[[603,-592,1,-4,4,-1,5,5,-2,3,-4,1,-3,-1]]
1004866	n	1756	[[552,-534,9,-3,3,4,-6,6,0,-4,-3,1,1,2,-3,-2]]
1020098	n	1366	[[564,-526,3,-1,5,1,0,7,-3,1,-2,-3,-3,-1]]
1018725	n	1960	[[519,-582,2,-4,3,-1,4,1,1,4,-1,3,-4,1,-3,-1]]
949880	n	422	[[563,-521,1,-1,3,1,2,3,-5,-1]]
1006984	n	1495	[[551,-661,3,-2,8,6,-4,3,-4,0]]
940909	n	3843	[[529,-557,1,-5,5,-4,4,0,3,2,0,4,-5,7,-5,0]]
971421	n	1961	[[594,-555,1,-3,4,-2,3,2,2,3,-2,3,-3,1,-4,-1]]
958724	n	1960	[[540,-513,1,-4,4,-1,3,1,2,4,-2,3,-3,1,-4,-1]]
939270	n	1589	[[580,-517,3,-5,6,2,-4,7,-4,-1]]
1016670	n	2584	[[529,-585,4,-5,5,1,-5,8],[533,-581,5,-8,3,3,1,3,-2,3,-4,0]]
965289	n	1960	[[584,-478,2,-3,3,-2,4,2,1,3,-1,3,-4,2,-3,-2]]
962367	n	1157	[[636,-576,2,-2,7,5,-6,2]]
3363094	n	1863	[[375,-672,1,-1,1,-3,6,-2,2,2,0,6,-3,1,-4,0]]
989921	n	2735	[[528,-540,2,-3,4,-1,6,5,-3,6,-2,1,-5,-2]]
6951112	n	1534	[[372,-681,4,-1,0,-4,1,0,4,2,1,2,2,0,1,3,-8,3]]
976361	n	1591	[[585,-513,4,-7,5,3,0,3,-2,3,-4,0]]
1002145	n	1317	[[444,-679,4,-2,6,1,1,1,-2,3,-4,1,-4,-2]]
1014073	n	2182	[[543,-527,4,-7,5,0,1,2,0,2,-2,2,-2,5,-4,-1]]
964349	n	1675	[[537,-533,4,-6,3,1,3,4,-4,4,-3,0]]
946058	n	1960	[[570,-632,2,-3,4,-1,3,1,2,3,-2,3,-3,2,-4,-2]]
952734	n	1160	[[621,-587,4,-3,5,6,-6,2]]
942470	n	1560	[[611,-555,8,-4,2,4,-2,3,-3,1,-4,-1]]
984998	n	1960	[[590,-571,2,-3,4,-2,3,2,2,3,-2,3,-3,1,-4,-1]]
1005646	n	2352	[[576,-531,4,-4,8,2,-2,8,-7,-2]]
990930	n	1960	[[490,-575,2,-3,3,-1,4,1,1,3,-1,4,-4,1,-3,-1]]
970566	n	894	[[567,-527,4,-6,3,3,0,3,-2,1]]
973111	n	1307	[[608,-597,2,-3,5,0,0,8,-2,0]]
1019330	n	2025	[[542,-658,3,-3,4,-1,2,1,2,7,-6,1,-3,-2]]
957487	n	1067	[[552,-534,2,-6,4,0,3,2,-2,2]]
3359041	n	1867	[[385,-675,2,-2,4,0,3,2,0,3,-2,3,-5,0,-2,-1]]
1015621	n	1500	[[551,-513,2,-4,5,0,-1,9,-5,-1]]
963516	n	1960	[[532,-638,2,-3,4,-2,3,2,2,3,-2,3,-3,2,-4,-2]]
986846	n	1960	[[540,-553,1,-3,4,-2,3,2,2,3,-2,3,-3,2,-4,-2]]
1105728	n	2368	[[572,-507,0,-2,7,-2,-2,9,-4,-2],[577,-503,2,-8,3,1,2,2,-1,4,-3,2]]
971534	r	17823	[[601,-499,4,-17,18,3,16,4,1,2,0,5,-5,7,-22,1,-10,-3]]
965528	n	1960	[[618,-479,1,-3,4,-1,3,1,2,3,-2,3,-3,2,-4,-2]]
949224	n	1960	[[605,-459,1,-3,4,-2,3,2,1,3,-1,3,-3,2,-4,-2]]
952747	n	1943	[[580,-539,1,-3,4,-1,3,1,2,3,-1,3,-3,2,-4,-1]]
964315	n	1960	[[575,-484,2,-3,3,-1,4,1,1,3,-1,3,-4,2,-3,-2]]
1005125	n	1960	[[595,-531,1,-3,4,-1,3,1,2,3,-2,4,-3,1,-4,-1]]
1011031	n	1428	[[571,-524,4,-3,1,0,2,3,0,3,-2,2,-4,0]]
1000501	n	1960	[[525,-666,2,-3,4,-2,3,2,2,3,-2,3,-3,2,-4,-2]]
1019704	n	1960	[[561,-565,2,-3,3,-1,4,1,1,3,-1,4,-4,1,-3,-1]]
941966	n	1540	[[561,-498,1,-3,4,-1,3,1,2,3,-8,4]]
981827	n	1960	[[593,-461,2,-3,3,-1,3,1,2,3,-2,3,-3,2,-3,-2]]
997151	n	1007	[[563,-531,3,-3,5,1,-4,6]]
1007400	n	1960	[[600,-563,1,-4,4,-1,3,1,2,4,-2,3,-3,1,-4,-1]]
965241	n	1691	[[611,-540,1,-3,3,-2,4,1,2,2,-3,6,-5,0]]
965401	n	1832	[[571,-570,5,-5,4,1,2,4,-2,3,-4,1,-3,-1]]
3370352	r	1152	[[365,-668,2,-4,2,3,5,-4,1,1,0,3,-3,2,-4,1]]
973709	n	684	[[438,-684,0,-2,8,5,-2,2,-3,0]]
980595	n	1954	[[508,-517,1,-3,4,-2,3,2,2,3,-2,3,-3,1,-4,-1]]
967106	r	2803	[[437,-672,2,-4,4,-2,7,5,1,1,-2,4,-5,2,-5,-2]]
1019760	n	1562	[[586,-526,2,-7,5,1,1,3,-1,3,-3,1]]
1016698	n	1805	[[527,-548,2,-3,3,-1,4,1,1,3,-3,4,-3,0]]
945945	n	1960	[[420,-569,2,-3,3,-2,4,2,1,3,-1,3,-4,2,-3,-2]]
966166	n	1692	[[544,-538,4,-4,6,2,-2,6,-5,0]]
956907	n	1961	[[502,-544,1,-3,4,-1,3,1,2,3,-2,3,-3,2,-4,-2]]
988698	n	1180	[[456,-680,3,-2,2,0,-1,1,6,0,-1,3,-3,2,-4,-1]]
3361934	n	923	[[357,-656,1,-5,2,1,3,-3,1,2,-1,3,-3,2]]
1021086	n	1492	[[616,-516,1,-3,4,-1,5,5,-2,3,-2,0,-5,-1]]
982899	n	1960	[[518,-523,2,-3,3,-2,4,2,1,3,-1,3,-4,2,-3,-2]]
1000543	n	1960	[[485,-645,2,-3,4,-2,3,2,2,3,-2,3,-3,2,-4,-2]]
988356	n	1960	[[583,-611,2,-3,3,-2,4,2,2,3,-2,3,-4,2,-3,-2]]
1003953	n	1961	[[527,-655,2,-4,4,-1,3,1,2,4,-2,3,-3,1,-4,-1]]
1105726	n	1807	[[570,-513,1,-4,4,-1,3,1,2,4,-1,2,-7,2]]
3366880	n	1086	[[379,-687,4,1,-1,-1,1,-1,3,0,1,-3,-1,-1,4,3,-1,3,-3,2,-4,0]]
942511	n	1960	[[490,-539,1,-3,4,-2,3,2,2,3,-2,3,-3,1,-4,-1]]
943960	n	1688	[[534,-544,5,-5,3,1,2,3,-1,4,-4,1]]
974670	n	1560	[[609,-560,2,-3,3,-1,4,1,1,3,-8,4]]
1014489	n	1960	[[558,-647,1,-3,4,-1,4,1,1,3,-1,4,-4,1,-4,-1]]
964406	n	1005	[[604,-615,2,-4,6,8,-5,0]]
970341	n	1960	[[601,-478,1,-3,4,-1,3,1,2,3,-2,3,-3,2,-4,-2]]
8030223	n	1508	[[596,-447,1,-3,4,-2,3,2,2,3,-8,3]]
968665	n	1540	[[563,-494,8,-4,2,4,-2,3,-3,2,-3,-2]]
909137	n	3321	[[559,-308,2,-4,7,-3,3,5,-1,6,-4,2,-4,-1]]
911148	n	3283	[[557,-257,2,-4,5,0,4,3,1,7,-7,3,-1,-5]]
901344	n	1063	[[568,-258,5,-6,4,2,-4,5,-2,-1,-1,2]]
918702	n	1589	[[648,-273,2,-3,5,-1,1,3,-3,2,3,2,-5,2]]
897045	n	1960	[[523,-243,2,-4,3,-1,3,1,1,4,-1,3,-3,1,-3,-1]]
916095	n	1960	[[564,-289,2,-3,3,-2,3,2,2,3,-2,3,-3,2,-3,-2]]
919009	n	2053	[[552,-247,3,-8,2,0,4,2,0,5,-3,3,-6,0]]
909863	n	1654	[[564,-263,1,-3,3,-1,3,1,2,2,-5,6,-4,-2]]
912764	n	1960	[[619,-204,1,-3,4,-2,3,2,1,3,-1,3,-3,1,-4,-1]]
910111	n	1375	[[512,-357,7,-3,3,3,-2,3,-3,2,-3,-2]]
907770	n	1960	[[573,-224,2,-3,3,-2,3,2,1,3,-1,3,-3,2,-3,-2]]
906054	n	1961	[[458,-305,1,-3,4,-2,3,2,1,3,-1,3,-3,2,-4,-2]]
907111	n	1944	[[550,-317,2,-3,3,-2,3,1,2,3,-1,4,-4,1,-3,-1]]
915883	n	1543	[[559,-315,1,-3,3,-2,4,1,1,3,-7,4]]
917748	n	1960	[[535,-336,1,-3,4,-2,3,2,1,3,-1,3,-3,1,-4,-1]]
175555	n	1045	[[650,-187,3,-4,5,2,-4,3,-3,1]]
913029	n	1960	[[569,-279,1,-4,3,-1,4,1,1,4,-1,3,-4,1,-3,-1]]
175499	n	1948	[[570,-187,1,-3,4,-2,3,2,1,3,-1,3,-3,2,-4,-2]]
905846	n	1960	[[624,-237,2,-3,3,-1,3,1,2,3,-2,4,-3,1,-3,-1]]
906043	n	1960	[[545,-325,1,-4,4,-1,3,1,1,4,-1,3,-3,1,-4,-1]]
899825	n	1960	[[622,-285,1,-3,3,-1,4,1,1,3,-1,3,-4,2,-3,-2]]
917688	n	1749	[[570,-304,1,-6,3,-1,3,2,1,3,-1,3,-4,1]]
175961	n	1784	[[618,-175,1,-3,3,-2,3,2,2,3,-1,3,-6,1]]
899274	n	1961	[[587,-227,1,-4,3,-1,3,1,2,4,-2,3,-3,1,-3,-1]]
918905	n	1960	[[637,-211,1,-3,4,-1,3,1,1,3,-1,3,-3,2,-4,-2]]
890299	r	3879	[[616,-349,3,-16,1,-1,2,5,5,-1,2,3,1,2,-2,3,-4,1,1,1]]
894701	r	7147	[[562,-403,3,-6,7,-3,6,3,3,6,-3,6,-6,3,-7,-3]]
884979	r	21649	[[632,-385,7,-11,3,-2,8,-3,10,1,1,4,-2,3,-3,0,1,3,-2,1,3,7,-1,2,-3,-1,0,2,0,2,4,2,-1,4,4,4,-2,2,0,7,-6,0]]
890422	r	12233	[[577,-386,10,-15,19,5,8,12,-12,0,1,1,-3,1,0,-1,-13,0,-4,-3,-3,2,-2,0]]
888710	r	13887	[[572,-379,4,-5,4,0,3,-2,4,3,13,0,0,1,3,-1,-1,-1,12,0,4,3,-2,4,-4,2,-2,-3,-6,3,-13,3,1,5,-4,2,-1,-6,-13,1]]
889453	r	15631	[[573,-367,0,-2,14,-2,1,6,4,-2,-1,-5,13,-3,6,-3,5,6,-4,1,-2,1,0,1,-7,2,-3,4,-1,5,-6,3,-4,5,-2,-2,1,-1,-8,2,-4,-8]]
893697	n	1960	[[599,-347,2,-4,3,-1,3,1,2,4,-2,3,-3,1,-3,-1]]
886763	r	30021	[[606,-396,11,-28,7,1,8,3,5,6,3,5,1,10,-9,14,-14,4,-4,-3]]
884141	r	1810	[[607,-357,6,0,0,-2,2,1,1,-1,-1,-5,3,2,-1,10,-6,0]]
886990	r	14639	[[618,-373,9,-6,10,1,10,13,-2,9,-3,4,-6,-1,-11,-10,-3,0,-2,-3,1,-1]]
894239	r	6508	[[591,-354,7,-4,1,-5,3,-4,7,-2,0,-1,2,-1,4,0,1,3,-2,3,2,6,-3,0,0,2,-6,0,-1,2],[612,-375,4,-1,-1,4]]
878549	n	1960	[[597,-407,1,-3,3,-1,4,1,1,3,-1,4,-4,1,-3,-1]]
895269	r	2357	[[593,-443,14,-4,0,1,-1,5,-4,3,-6,0]]
895061	r	13034	[[615,-338,1,-10,10,-5,14,1,1,10,-3,5,-4,3,-10,2,-6,-2]]
890516	r	22938	[[553,-422,7,-9,12,-2,9,-3,0,-4,4,5,8,5,3,0,3,5,-13,19]]
